{
    "0.pt": {
        "1": -0.233642578125,
        "5": -0.2342529296875,
        "10": -0.728515625,
        "25": -1.4130859375,
        "50": 0.089599609375
    },
    "1.pt": {
        "1": -1.8935546875,
        "5": -0.82861328125,
        "10": -0.2320556640625,
        "25": -1.767578125,
        "50": -0.92236328125
    },
    "2.pt": {
        "1": -0.44677734375,
        "5": -0.62744140625,
        "10": -0.2724609375,
        "25": -0.68017578125,
        "50": -0.93115234375
    },
    "3.pt": {
        "1": -0.08233642578125,
        "5": -1.0087890625,
        "10": -0.9462890625,
        "25": -1.9482421875,
        "50": -1.7890625
    },
    "4.pt": {
        "1": -1.2412109375,
        "5": -0.5234375,
        "10": -0.880859375,
        "25": -0.287109375,
        "50": -1.1513671875
    }
}