{
    "0.pt": {
        "1": -1.671875,
        "5": -1.052734375,
        "10": -1.166015625,
        "25": -1.2177734375,
        "50": -0.77392578125
    },
    "1.pt": {
        "1": -0.87353515625,
        "5": -0.814453125,
        "10": -1.7802734375,
        "25": -1.2158203125,
        "50": -1.0517578125
    },
    "2.pt": {
        "1": -0.9833984375,
        "5": -0.9697265625,
        "10": -0.383056640625,
        "25": -2.291015625,
        "50": -0.8994140625
    },
    "3.pt": {
        "1": -0.3056640625,
        "5": -1.56640625,
        "10": 0.127197265625,
        "25": -0.89111328125,
        "50": -1.2548828125
    },
    "4.pt": {
        "1": -1.41015625,
        "5": -0.31884765625,
        "10": -1.0888671875,
        "25": -0.4853515625,
        "50": -1.529296875
    }
}