{
    "0.pt": {
        "1": -0.35546875,
        "5": -2.03515625,
        "10": -0.69775390625,
        "25": -0.29150390625,
        "50": -0.431396484375
    },
    "1.pt": {
        "1": -1.02734375,
        "5": -1.130859375,
        "10": -1.583984375,
        "25": -2.109375,
        "50": -0.9482421875
    },
    "2.pt": {
        "1": -0.37255859375,
        "5": -2.349609375,
        "10": -1.7099609375,
        "25": -0.240478515625,
        "50": -2.208984375
    },
    "3.pt": {
        "1": -1.880859375,
        "5": -1.2421875,
        "10": -1.1044921875,
        "25": -1.640625,
        "50": -1.44921875
    },
    "4.pt": {
        "1": -1.181640625,
        "5": -1.4794921875,
        "10": -0.22607421875,
        "25": -0.464599609375,
        "50": -1.2734375
    }
}