{
    "0.pt": {
        "1": -0.78173828125,
        "5": 0.2386474609375,
        "10": -1.216796875,
        "25": -1.884765625,
        "50": -0.583984375
    },
    "1.pt": {
        "1": -1.462890625,
        "5": 0.3994140625,
        "10": -0.5146484375,
        "25": -1.9892578125,
        "50": -1.5
    },
    "2.pt": {
        "1": -0.25830078125,
        "5": -1.6376953125,
        "10": -1.1943359375,
        "25": -1.953125,
        "50": -1.1494140625
    },
    "3.pt": {
        "1": -2.32421875,
        "5": -1.208984375,
        "10": -1.0341796875,
        "25": -0.2578125,
        "50": -1.619140625
    },
    "4.pt": {
        "1": -1.5185546875,
        "5": -0.445068359375,
        "10": -0.310791015625,
        "25": -0.763671875,
        "50": -1.4755859375
    }
}