{
    "0.pt": {
        "1": -1.248046875,
        "5": -0.2496337890625,
        "10": -0.58349609375,
        "25": -0.303466796875,
        "50": -0.60546875
    },
    "1.pt": {
        "1": -0.340087890625,
        "5": -0.984375,
        "10": -0.85498046875,
        "25": -0.262451171875,
        "50": -0.9892578125
    },
    "2.pt": {
        "1": -1.2646484375,
        "5": -0.2164306640625,
        "10": -1.6298828125,
        "25": -1.0517578125,
        "50": -1.470703125
    },
    "3.pt": {
        "1": -0.3916015625,
        "5": -0.157470703125,
        "10": 0.1640625,
        "25": -0.383056640625,
        "50": -0.849609375
    },
    "4.pt": {
        "1": -0.27880859375,
        "5": -1.123046875,
        "10": -1.328125,
        "25": -0.5380859375,
        "50": -1.171875
    }
}