{
    "0.pt": {
        "1": -1.404296875,
        "5": -0.74462890625,
        "10": -0.4873046875,
        "25": -1.9443359375,
        "50": -1.1376953125
    },
    "1.pt": {
        "1": -1.041015625,
        "5": -0.6630859375,
        "10": -1.1962890625,
        "25": -1.486328125,
        "50": -0.8984375
    },
    "2.pt": {
        "1": -2.099609375,
        "5": -0.81689453125,
        "10": -1.326171875,
        "25": -0.46728515625,
        "50": -1.1552734375
    },
    "3.pt": {
        "1": -0.50537109375,
        "5": -0.439453125,
        "10": -1.1474609375,
        "25": -1.3154296875,
        "50": -0.5810546875
    },
    "4.pt": {
        "1": -1.09765625,
        "5": -0.9169921875,
        "10": -1.7265625,
        "25": -0.9189453125,
        "50": -0.7900390625
    }
}