{
    "0.pt": {
        "1": -1.6689453125,
        "5": -2.35546875,
        "10": -1.5185546875,
        "25": -1.25,
        "50": -1.712890625
    },
    "1.pt": {
        "1": -0.2783203125,
        "5": 0.1041259765625,
        "10": -2.173828125,
        "25": -1.3115234375,
        "50": -0.916015625
    },
    "2.pt": {
        "1": -0.978515625,
        "5": -1.7490234375,
        "10": -0.888671875,
        "25": -0.2239990234375,
        "50": 0.2076416015625
    },
    "3.pt": {
        "1": -1.5654296875,
        "5": -1.3662109375,
        "10": -1.234375,
        "25": -0.4775390625,
        "50": -1.0546875
    },
    "4.pt": {
        "1": -1.4599609375,
        "5": -1.181640625,
        "10": -0.81640625,
        "25": -0.9931640625,
        "50": -0.55908203125
    }
}