{
    "0.pt": {
        "1": 0.2147216796875,
        "5": -0.48779296875,
        "10": -0.99560546875,
        "25": -1.8251953125,
        "50": -0.92041015625
    },
    "1.pt": {
        "1": -0.9072265625,
        "5": -0.8134765625,
        "10": -1.109375,
        "25": -0.89990234375,
        "50": -1.3291015625
    },
    "2.pt": {
        "1": -0.4609375,
        "5": -0.425048828125,
        "10": -1.2890625,
        "25": -0.78955078125,
        "50": -0.5400390625
    },
    "3.pt": {
        "1": -0.64599609375,
        "5": -0.66455078125,
        "10": -0.074951171875,
        "25": -0.5048828125,
        "50": -0.63818359375
    },
    "4.pt": {
        "1": 0.09295654296875,
        "5": -1.78515625,
        "10": -0.66064453125,
        "25": -0.87255859375,
        "50": -0.2059326171875
    }
}