{
    "0.pt": {
        "1": -0.6728515625,
        "5": -1.8623046875,
        "10": -0.7421875,
        "25": -1.078125,
        "50": -1.7431640625
    },
    "1.pt": {
        "1": -1.75,
        "5": -1.1904296875,
        "10": -0.219482421875,
        "25": -0.2371826171875,
        "50": -1.443359375
    },
    "2.pt": {
        "1": -1.4697265625,
        "5": -0.65185546875,
        "10": -1.203125,
        "25": -1.8369140625,
        "50": -1.4453125
    },
    "3.pt": {
        "1": -0.341796875,
        "5": -0.9931640625,
        "10": -0.994140625,
        "25": -1.9794921875,
        "50": -0.244140625
    },
    "4.pt": {
        "1": -1.392578125,
        "5": -2.248046875,
        "10": -1.75390625,
        "25": -0.1519775390625,
        "50": -0.460205078125
    }
}