{
    "0.pt": {
        "1": -1.0244140625,
        "5": -1.0361328125,
        "10": -0.83349609375,
        "25": -0.5908203125,
        "50": -1.0517578125
    },
    "1.pt": {
        "1": -0.5927734375,
        "5": -1.26953125,
        "10": -1.0625,
        "25": -0.986328125,
        "50": -1.3408203125
    },
    "2.pt": {
        "1": -0.5908203125,
        "5": 0.26708984375,
        "10": -2.01953125,
        "25": -0.5380859375,
        "50": -1.2880859375
    },
    "3.pt": {
        "1": -1.2763671875,
        "5": -0.07135009765625,
        "10": -1.3330078125,
        "25": -1.5498046875,
        "50": -0.91357421875
    },
    "4.pt": {
        "1": 0.230224609375,
        "5": -0.685546875,
        "10": -1.26953125,
        "25": -1.1328125,
        "50": -1.2607421875
    }
}