{
    "0.pt": {
        "1": -1.0556640625,
        "5": 0.64404296875,
        "10": -1.01953125,
        "25": -1.001953125,
        "50": -0.95751953125
    },
    "1.pt": {
        "1": -1.15625,
        "5": -1.197265625,
        "10": -1.359375,
        "25": -0.43359375,
        "50": -0.79833984375
    },
    "2.pt": {
        "1": -1.6796875,
        "5": -1.1435546875,
        "10": -1.3974609375,
        "25": -1.8349609375,
        "50": -1.6396484375
    },
    "3.pt": {
        "1": -1.1640625,
        "5": -0.87109375,
        "10": -0.7685546875,
        "25": -1.1044921875,
        "50": -0.814453125
    },
    "4.pt": {
        "1": -0.568359375,
        "5": -1.384765625,
        "10": -1.6689453125,
        "25": -1.4130859375,
        "50": -1.611328125
    }
}