{
    "0.pt": {
        "1": -0.74267578125,
        "5": -0.94873046875,
        "10": -1.533203125,
        "25": -1.810546875,
        "50": -1.26953125
    },
    "1.pt": {
        "1": -0.7763671875,
        "5": -1.376953125,
        "10": -1.4384765625,
        "25": -0.4677734375,
        "50": -0.89111328125
    },
    "2.pt": {
        "1": -0.51953125,
        "5": -1.6318359375,
        "10": -0.036376953125,
        "25": -2.23828125,
        "50": -0.61083984375
    },
    "3.pt": {
        "1": -1.0703125,
        "5": 0.31640625,
        "10": -0.83544921875,
        "25": 0.1519775390625,
        "50": -1.021484375
    },
    "4.pt": {
        "1": -1.3271484375,
        "5": -1.4267578125,
        "10": -1.1044921875,
        "25": -1.287109375,
        "50": -0.63232421875
    }
}