{
    "0.pt": {
        "1": -2.15625,
        "5": -1.7666015625,
        "10": -1.12109375,
        "25": -1.0888671875,
        "50": -1.212890625
    },
    "1.pt": {
        "1": -0.1666259765625,
        "5": -1.3935546875,
        "10": -0.7578125,
        "25": -1.4873046875,
        "50": 0.359130859375
    },
    "2.pt": {
        "1": -1.015625,
        "5": -1.58984375,
        "10": -0.4296875,
        "25": 0.1796875,
        "50": -1.333984375
    },
    "3.pt": {
        "1": -1.35546875,
        "5": -0.95947265625,
        "10": -1.3544921875,
        "25": -1.4267578125,
        "50": -0.8525390625
    },
    "4.pt": {
        "1": -0.1617431640625,
        "5": -1.5439453125,
        "10": 0.62353515625,
        "25": -1.009765625,
        "50": -0.58154296875
    }
}