{
    "0.pt": {
        "1": -1.216796875,
        "5": -1.02734375,
        "10": -1.916015625,
        "25": -2.015625,
        "50": -0.7373046875
    },
    "1.pt": {
        "1": -1.08984375,
        "5": -1.81640625,
        "10": -1.634765625,
        "25": -0.77587890625,
        "50": -0.332275390625
    },
    "2.pt": {
        "1": -1.8271484375,
        "5": -1.947265625,
        "10": -2.17578125,
        "25": -0.9140625,
        "50": -1.375
    },
    "3.pt": {
        "1": -0.998046875,
        "5": -1.3125,
        "10": -1.32421875,
        "25": -1.4990234375,
        "50": -1.5830078125
    },
    "4.pt": {
        "1": -2.1328125,
        "5": -0.55029296875,
        "10": -1.205078125,
        "25": -0.775390625,
        "50": -1.0771484375
    }
}