{
    "0.pt": {
        "1": -0.384521484375,
        "5": -1.869140625,
        "10": -0.35107421875,
        "25": -1.5849609375,
        "50": -0.5927734375
    },
    "1.pt": {
        "1": -0.057220458984375,
        "5": -0.310546875,
        "10": -0.1099853515625,
        "25": -1.3134765625,
        "50": -1.5224609375
    },
    "2.pt": {
        "1": -0.20703125,
        "5": -0.646484375,
        "10": -0.254638671875,
        "25": 0.42724609375,
        "50": -0.8447265625
    },
    "3.pt": {
        "1": -1.2919921875,
        "5": -1.095703125,
        "10": -0.599609375,
        "25": -1.0908203125,
        "50": 0.0009403228759765625
    },
    "4.pt": {
        "1": -2.068359375,
        "5": -1.1826171875,
        "10": -0.07757568359375,
        "25": -0.482666015625,
        "50": -1.3681640625
    }
}