{
    "0.pt": {
        "1": -0.1473388671875,
        "5": -0.787109375,
        "10": -0.48876953125,
        "25": -0.1358642578125,
        "50": -0.7529296875
    },
    "1.pt": {
        "1": -1.0791015625,
        "5": -2.013671875,
        "10": -0.06402587890625,
        "25": -2.19140625,
        "50": -1.177734375
    },
    "2.pt": {
        "1": -0.88330078125,
        "5": -2.412109375,
        "10": -0.053955078125,
        "25": -1.29296875,
        "50": -0.95654296875
    },
    "3.pt": {
        "1": -0.6142578125,
        "5": -1.05859375,
        "10": -0.71630859375,
        "25": -1.0791015625,
        "50": -0.513671875
    },
    "4.pt": {
        "1": -1.0107421875,
        "5": -0.826171875,
        "10": -1.0712890625,
        "25": -0.01384735107421875,
        "50": -0.4716796875
    }
}