{
    "0.pt": {
        "1": -0.4462890625,
        "5": -0.195556640625,
        "10": -0.50830078125,
        "25": 0.38623046875,
        "50": -0.67236328125
    },
    "1.pt": {
        "1": -0.98876953125,
        "5": -0.53173828125,
        "10": -1.24609375,
        "25": -0.8681640625,
        "50": -0.953125
    },
    "2.pt": {
        "1": -0.8427734375,
        "5": 0.03668212890625,
        "10": -0.720703125,
        "25": -1.470703125,
        "50": -1.2353515625
    },
    "3.pt": {
        "1": -0.24658203125,
        "5": 0.264404296875,
        "10": -1.142578125,
        "25": -1.826171875,
        "50": 0.08538818359375
    },
    "4.pt": {
        "1": -0.7373046875,
        "5": -1.13671875,
        "10": -0.7822265625,
        "25": -0.7451171875,
        "50": -1.7763671875
    }
}