{
    "0.pt": {
        "1": -0.0006456375122070312,
        "5": -0.320068359375,
        "10": -0.11627197265625,
        "25": -1.3896484375,
        "50": -0.51416015625
    },
    "1.pt": {
        "1": -0.7119140625,
        "5": -0.58154296875,
        "10": -0.30712890625,
        "25": -1.208984375,
        "50": -0.49755859375
    },
    "2.pt": {
        "1": -1.40625,
        "5": 0.0677490234375,
        "10": -1.87109375,
        "25": -0.92041015625,
        "50": -0.84814453125
    },
    "3.pt": {
        "1": -1.3515625,
        "5": 0.03240966796875,
        "10": -0.79248046875,
        "25": -0.87353515625,
        "50": -0.1854248046875
    },
    "4.pt": {
        "1": -0.8935546875,
        "5": 0.40234375,
        "10": 0.08612060546875,
        "25": -1.1064453125,
        "50": -0.2120361328125
    }
}