{
    "0.pt": {
        "1": -0.491943359375,
        "5": -0.187255859375,
        "10": -0.3740234375,
        "25": -0.1988525390625,
        "50": -0.2244873046875
    },
    "1.pt": {
        "1": -0.337890625,
        "5": -1.9091796875,
        "10": -1.1201171875,
        "25": -1.76171875,
        "50": -0.453369140625
    },
    "2.pt": {
        "1": -0.8203125,
        "5": -0.55078125,
        "10": -1.7919921875,
        "25": -0.70556640625,
        "50": -1.4384765625
    },
    "3.pt": {
        "1": -0.62451171875,
        "5": 0.0684814453125,
        "10": -0.049957275390625,
        "25": -0.0095367431640625,
        "50": -1.4462890625
    },
    "4.pt": {
        "1": -1.2265625,
        "5": -0.441162109375,
        "10": -1.7431640625,
        "25": -1.80859375,
        "50": -0.09918212890625
    }
}