{
    "0.pt": {
        "1": 0.059326171875,
        "5": -0.70263671875,
        "10": 0.383056640625,
        "25": -1.515625,
        "50": -1.4619140625
    },
    "1.pt": {
        "1": -0.84716796875,
        "5": -2.1328125,
        "10": -1.701171875,
        "25": -1.5205078125,
        "50": -1.73046875
    },
    "2.pt": {
        "1": -1.552734375,
        "5": -0.82568359375,
        "10": -0.18212890625,
        "25": -2.197265625,
        "50": -0.3505859375
    },
    "3.pt": {
        "1": -0.6630859375,
        "5": -1.2138671875,
        "10": 0.634765625,
        "25": 0.31005859375,
        "50": -0.1773681640625
    },
    "4.pt": {
        "1": 1.056640625,
        "5": 0.05804443359375,
        "10": -0.2171630859375,
        "25": -0.1441650390625,
        "50": -1.2900390625
    }
}