{
    "0.pt": {
        "1": -1.8642578125,
        "5": -1.2216796875,
        "10": -1.23828125,
        "25": -0.9384765625,
        "50": -2.2109375
    },
    "1.pt": {
        "1": -1.4384765625,
        "5": -1.43359375,
        "10": -0.50146484375,
        "25": -2.244140625,
        "50": -0.250732421875
    },
    "2.pt": {
        "1": -0.79052734375,
        "5": -0.78515625,
        "10": -2.365234375,
        "25": -1.5771484375,
        "50": -1.181640625
    },
    "3.pt": {
        "1": -0.67431640625,
        "5": -1.998046875,
        "10": -0.293212890625,
        "25": -0.759765625,
        "50": -0.364990234375
    },
    "4.pt": {
        "1": -0.6806640625,
        "5": -0.80029296875,
        "10": -1.0439453125,
        "25": -0.359619140625,
        "50": -0.366943359375
    }
}