{
    "0.pt": {
        "1": -1.7802734375,
        "5": -1.4736328125,
        "10": 0.412109375,
        "25": -1.9228515625,
        "50": -0.67431640625
    },
    "1.pt": {
        "1": -1.5927734375,
        "5": -1.95703125,
        "10": -2.091796875,
        "25": -1.5517578125,
        "50": -1.5283203125
    },
    "2.pt": {
        "1": -1.4560546875,
        "5": 0.10809326171875,
        "10": -0.9443359375,
        "25": -2.271484375,
        "50": -0.373291015625
    },
    "3.pt": {
        "1": -1.8515625,
        "5": -1.8388671875,
        "10": -1.2412109375,
        "25": -1.455078125,
        "50": -1.2294921875
    },
    "4.pt": {
        "1": -0.759765625,
        "5": -2.140625,
        "10": -1.3984375,
        "25": -1.5068359375,
        "50": -1.880859375
    }
}