{
    "0.pt": {
        "1": -0.31103515625,
        "5": -1.39453125,
        "10": -0.9892578125,
        "25": -0.78857421875,
        "50": -1.1689453125
    },
    "1.pt": {
        "1": -1.5458984375,
        "5": 0.002796173095703125,
        "10": -1.8642578125,
        "25": -1.107421875,
        "50": -0.44482421875
    },
    "2.pt": {
        "1": -0.32861328125,
        "5": -1.6669921875,
        "10": 0.031494140625,
        "25": -1.9267578125,
        "50": -0.177490234375
    },
    "3.pt": {
        "1": -0.4462890625,
        "5": -0.94921875,
        "10": -0.947265625,
        "25": -0.9482421875,
        "50": -1.8310546875
    },
    "4.pt": {
        "1": -0.9248046875,
        "5": -0.435791015625,
        "10": -2.41796875,
        "25": 0.273681640625,
        "50": -0.7216796875
    }
}