{
    "0.pt": {
        "1": -1.181640625,
        "5": -1.7607421875,
        "10": 0.8203125,
        "25": -1.5888671875,
        "50": -0.86669921875
    },
    "1.pt": {
        "1": -0.5673828125,
        "5": -1.3310546875,
        "10": -1.431640625,
        "25": -0.68896484375,
        "50": -1.37890625
    },
    "2.pt": {
        "1": -0.73486328125,
        "5": -0.1231689453125,
        "10": -0.337890625,
        "25": -0.5146484375,
        "50": -0.6484375
    },
    "3.pt": {
        "1": -1.21875,
        "5": -0.6611328125,
        "10": -0.79736328125,
        "25": -1.1533203125,
        "50": -1.1650390625
    },
    "4.pt": {
        "1": -0.2347412109375,
        "5": -0.179931640625,
        "10": 0.446044921875,
        "25": -0.8916015625,
        "50": -0.53173828125
    }
}