{
    "0.pt": {
        "1": -0.54150390625,
        "5": -1.357421875,
        "10": -1.962890625,
        "25": -1.76953125,
        "50": -0.425537109375
    },
    "1.pt": {
        "1": -1.1181640625,
        "5": 0.195556640625,
        "10": -0.3515625,
        "25": -0.84912109375,
        "50": -0.8935546875
    },
    "2.pt": {
        "1": -1.544921875,
        "5": -0.60693359375,
        "10": -2.181640625,
        "25": -2.005859375,
        "50": -1.2802734375
    },
    "3.pt": {
        "1": -1.1787109375,
        "5": -0.75927734375,
        "10": -1.4921875,
        "25": -0.37255859375,
        "50": -0.267578125
    },
    "4.pt": {
        "1": -0.9404296875,
        "5": -0.28955078125,
        "10": -0.5029296875,
        "25": -1.01171875,
        "50": -0.455078125
    }
}