{
    "0.pt": {
        "1": 0.31689453125,
        "5": -0.2027587890625,
        "10": -0.29541015625,
        "25": -1.7802734375,
        "50": -0.49072265625
    },
    "1.pt": {
        "1": -1.3388671875,
        "5": -0.88037109375,
        "10": -0.2481689453125,
        "25": -1.3447265625,
        "50": -1.7275390625
    },
    "2.pt": {
        "1": -1.0185546875,
        "5": -1.28515625,
        "10": -1.986328125,
        "25": -0.587890625,
        "50": -2.068359375
    },
    "3.pt": {
        "1": -1.33203125,
        "5": -1.1044921875,
        "10": -1.6826171875,
        "25": -0.701171875,
        "50": -1.166015625
    },
    "4.pt": {
        "1": -1.8701171875,
        "5": -1.3427734375,
        "10": -0.93310546875,
        "25": -0.04058837890625,
        "50": -1.2197265625
    }
}