{
    "0.pt": {
        "1": -1.6669921875,
        "5": -0.693359375,
        "10": -2.123046875,
        "25": -0.927734375,
        "50": -0.1348876953125
    },
    "1.pt": {
        "1": -1.3466796875,
        "5": -0.5966796875,
        "10": -0.578125,
        "25": -1.44921875,
        "50": -0.136474609375
    },
    "2.pt": {
        "1": -1.2021484375,
        "5": -1.39453125,
        "10": -0.191162109375,
        "25": -1.8837890625,
        "50": -1.181640625
    },
    "3.pt": {
        "1": -0.89111328125,
        "5": -1.05078125,
        "10": -1.4794921875,
        "25": -0.87939453125,
        "50": -0.798828125
    },
    "4.pt": {
        "1": -1.576171875,
        "5": -1.0595703125,
        "10": -1.3037109375,
        "25": -0.457763671875,
        "50": -0.9150390625
    }
}