{
    "0.pt": {
        "1": -1.5634765625,
        "5": -1.1162109375,
        "10": -0.84521484375,
        "25": -1.44140625,
        "50": 0.226806640625
    },
    "1.pt": {
        "1": -1.5498046875,
        "5": -0.41064453125,
        "10": -0.148193359375,
        "25": -0.86279296875,
        "50": -1.8818359375
    },
    "2.pt": {
        "1": -1.3515625,
        "5": -2.365234375,
        "10": -0.7255859375,
        "25": -2.21484375,
        "50": 0.51513671875
    },
    "3.pt": {
        "1": -1.33984375,
        "5": -0.654296875,
        "10": -1.3974609375,
        "25": -1.3994140625,
        "50": -0.263427734375
    },
    "4.pt": {
        "1": -0.4794921875,
        "5": -1.341796875,
        "10": -0.57275390625,
        "25": -0.2376708984375,
        "50": -0.779296875
    }
}