{
    "0.pt": {
        "1": -0.61865234375,
        "5": -0.68505859375,
        "10": -0.88134765625,
        "25": -1.4296875,
        "50": -0.60009765625
    },
    "1.pt": {
        "1": 0.1971435546875,
        "5": -1.05078125,
        "10": -0.33642578125,
        "25": -1.6689453125,
        "50": -1.3994140625
    },
    "2.pt": {
        "1": -0.19873046875,
        "5": -1.7119140625,
        "10": -1.6748046875,
        "25": -1.11328125,
        "50": -0.2349853515625
    },
    "3.pt": {
        "1": -0.99951171875,
        "5": -0.91845703125,
        "10": -2.130859375,
        "25": -0.320068359375,
        "50": -1.62890625
    },
    "4.pt": {
        "1": -0.8720703125,
        "5": -0.6328125,
        "10": -1.8486328125,
        "25": -1.7021484375,
        "50": -1.2412109375
    }
}