{
    "0.pt": {
        "1": -1.1162109375,
        "5": -0.99853515625,
        "10": -0.84423828125,
        "25": -0.3369140625,
        "50": -0.63671875
    },
    "1.pt": {
        "1": -1.02734375,
        "5": -0.057525634765625,
        "10": -1.712890625,
        "25": -1.4912109375,
        "50": -1.109375
    },
    "2.pt": {
        "1": -0.04156494140625,
        "5": -1.509765625,
        "10": -0.466064453125,
        "25": -0.86474609375,
        "50": -1.330078125
    },
    "3.pt": {
        "1": -0.74609375,
        "5": -1.42578125,
        "10": -0.27490234375,
        "25": -1.8623046875,
        "50": -0.6376953125
    },
    "4.pt": {
        "1": -1.025390625,
        "5": -0.9306640625,
        "10": 0.87744140625,
        "25": -1.7998046875,
        "50": -0.486083984375
    }
}