{
    "0.pt": {
        "1": -0.87060546875,
        "5": -1.814453125,
        "10": -0.626953125,
        "25": -1.9453125,
        "50": 0.072021484375
    },
    "1.pt": {
        "1": -0.68212890625,
        "5": -1.4501953125,
        "10": -2.669921875,
        "25": -1.4033203125,
        "50": -1.8203125
    },
    "2.pt": {
        "1": 0.180908203125,
        "5": -0.5263671875,
        "10": -2.05859375,
        "25": -1.130859375,
        "50": -2.111328125
    },
    "3.pt": {
        "1": -1.59375,
        "5": -0.147705078125,
        "10": -0.66015625,
        "25": -2.01171875,
        "50": -1.99609375
    },
    "4.pt": {
        "1": -0.9296875,
        "5": -1.05859375,
        "10": -1.556640625,
        "25": -1.423828125,
        "50": -1.7763671875
    }
}