{
    "0.pt": {
        "1": -0.78173828125,
        "5": -1.0537109375,
        "10": -0.92724609375,
        "25": 0.3486328125,
        "50": -1.7978515625
    },
    "1.pt": {
        "1": -1.646484375,
        "5": -0.60791015625,
        "10": -0.7314453125,
        "25": -1.08984375,
        "50": -1.021484375
    },
    "2.pt": {
        "1": -0.244384765625,
        "5": -0.96533203125,
        "10": -1.6572265625,
        "25": -1.5703125,
        "50": -0.158935546875
    },
    "3.pt": {
        "1": -1.208984375,
        "5": -1.4345703125,
        "10": -0.91796875,
        "25": 0.2646484375,
        "50": -0.08721923828125
    },
    "4.pt": {
        "1": -0.39794921875,
        "5": -1.490234375,
        "10": -0.8505859375,
        "25": -0.912109375,
        "50": -0.39892578125
    }
}