{
    "0.pt": {
        "1": -0.168701171875,
        "5": -0.76611328125,
        "10": -1.453125,
        "25": -1.6005859375,
        "50": -1.4990234375
    },
    "1.pt": {
        "1": -0.44384765625,
        "5": -1.498046875,
        "10": -1.98828125,
        "25": -0.03955078125,
        "50": -1.474609375
    },
    "2.pt": {
        "1": -1.125,
        "5": -1.859375,
        "10": -1.6630859375,
        "25": -0.4189453125,
        "50": -0.42138671875
    },
    "3.pt": {
        "1": -1.1416015625,
        "5": -1.66796875,
        "10": -1.203125,
        "25": -2.11328125,
        "50": -1.0615234375
    },
    "4.pt": {
        "1": -1.0712890625,
        "5": -1.8310546875,
        "10": -1.6005859375,
        "25": -1.572265625,
        "50": -1.720703125
    }
}