{
    "0.pt": {
        "1": -1.8017578125,
        "5": -1.1162109375,
        "10": -0.20703125,
        "25": -1.439453125,
        "50": -1.0322265625
    },
    "1.pt": {
        "1": -0.52734375,
        "5": -0.76025390625,
        "10": -1.2265625,
        "25": -0.54150390625,
        "50": -0.779296875
    },
    "2.pt": {
        "1": -0.93017578125,
        "5": 0.331298828125,
        "10": 0.165283203125,
        "25": -1.1923828125,
        "50": -0.99072265625
    },
    "3.pt": {
        "1": -1.041015625,
        "5": -0.39404296875,
        "10": -1.6923828125,
        "25": -1.708984375,
        "50": -1.4833984375
    },
    "4.pt": {
        "1": -1.30078125,
        "5": -1.533203125,
        "10": -0.8427734375,
        "25": -1.7626953125,
        "50": -0.2181396484375
    }
}