{
    "0.pt": {
        "1": -0.53955078125,
        "5": -1.0078125,
        "10": -1.2734375,
        "25": -1.501953125,
        "50": -1.2568359375
    },
    "1.pt": {
        "1": -1.212890625,
        "5": -1.884765625,
        "10": -0.78515625,
        "25": -2.146484375,
        "50": -1.263671875
    },
    "2.pt": {
        "1": -1.5810546875,
        "5": -1.134765625,
        "10": -0.544921875,
        "25": -1.5810546875,
        "50": -1.2353515625
    },
    "3.pt": {
        "1": -0.9931640625,
        "5": -0.64990234375,
        "10": -1.763671875,
        "25": -1.6015625,
        "50": -1.34375
    },
    "4.pt": {
        "1": -0.1856689453125,
        "5": -0.83203125,
        "10": -0.9228515625,
        "25": -1.0625,
        "50": -1.234375
    }
}