{
    "0.pt": {
        "1": 0.0227508544921875,
        "5": -1.505859375,
        "10": -0.6982421875,
        "25": -0.61962890625,
        "50": -0.68798828125
    },
    "1.pt": {
        "1": -0.65283203125,
        "5": -0.24267578125,
        "10": -1.4658203125,
        "25": -1.5888671875,
        "50": -1.19140625
    },
    "2.pt": {
        "1": -1.859375,
        "5": -0.300048828125,
        "10": -1.1806640625,
        "25": -2.302734375,
        "50": -1.5439453125
    },
    "3.pt": {
        "1": -1.1005859375,
        "5": -1.7138671875,
        "10": -1.4267578125,
        "25": -0.73876953125,
        "50": -0.6484375
    },
    "4.pt": {
        "1": -1.5263671875,
        "5": -0.2120361328125,
        "10": -0.1624755859375,
        "25": -1.353515625,
        "50": -1.681640625
    }
}