{
    "0.pt": {
        "1": -1.8232421875,
        "5": -1.8037109375,
        "10": -1.4365234375,
        "25": -1.1650390625,
        "50": -2.03515625
    },
    "1.pt": {
        "1": -1.1748046875,
        "5": -1.751953125,
        "10": -0.1329345703125,
        "25": -0.96630859375,
        "50": -1.8095703125
    },
    "2.pt": {
        "1": -1.396484375,
        "5": -0.2445068359375,
        "10": -1.8818359375,
        "25": -0.90185546875,
        "50": -0.447265625
    },
    "3.pt": {
        "1": -0.8701171875,
        "5": -0.34619140625,
        "10": -0.65185546875,
        "25": -0.96728515625,
        "50": -0.93701171875
    },
    "4.pt": {
        "1": -1.046875,
        "5": -1.7470703125,
        "10": -1.720703125,
        "25": -1.1904296875,
        "50": -0.73681640625
    }
}