{
    "0.pt": {
        "1": -1.3583984375,
        "5": -1.64453125,
        "10": -0.525390625,
        "25": -1.556640625,
        "50": -2.013671875
    },
    "1.pt": {
        "1": -1.55859375,
        "5": -0.38916015625,
        "10": -1.3564453125,
        "25": -0.93359375,
        "50": -1.29296875
    },
    "2.pt": {
        "1": -0.8037109375,
        "5": -1.4501953125,
        "10": -0.82421875,
        "25": -1.005859375,
        "50": -1.2421875
    },
    "3.pt": {
        "1": -1.0478515625,
        "5": -2.025390625,
        "10": 0.12213134765625,
        "25": -2.150390625,
        "50": -1.072265625
    },
    "4.pt": {
        "1": -1.958984375,
        "5": -0.365966796875,
        "10": -1.58984375,
        "25": -1.9599609375,
        "50": -1.9033203125
    }
}