{
    "0.pt": {
        "1": -0.65771484375,
        "5": -1.763671875,
        "10": -1.388671875,
        "25": -1.099609375,
        "50": -1.4013671875
    },
    "1.pt": {
        "1": -1.4267578125,
        "5": -0.8564453125,
        "10": -0.8896484375,
        "25": -1.10546875,
        "50": -0.654296875
    },
    "2.pt": {
        "1": -1.951171875,
        "5": -0.005344390869140625,
        "10": -1.896484375,
        "25": -1.4404296875,
        "50": -1.529296875
    },
    "3.pt": {
        "1": -1.259765625,
        "5": -1.8515625,
        "10": -0.796875,
        "25": -0.42529296875,
        "50": -0.265380859375
    },
    "4.pt": {
        "1": -0.28759765625,
        "5": -1.771484375,
        "10": -0.98388671875,
        "25": -0.767578125,
        "50": -1.2802734375
    }
}