{
    "0.pt": {
        "1": 0.07843017578125,
        "5": -1.775390625,
        "10": -0.1883544921875,
        "25": -1.390625,
        "50": -1.0986328125
    },
    "1.pt": {
        "1": -0.5322265625,
        "5": -1.41796875,
        "10": -1.2392578125,
        "25": -0.69580078125,
        "50": -0.452880859375
    },
    "2.pt": {
        "1": 0.3466796875,
        "5": -0.0887451171875,
        "10": -0.47265625,
        "25": -0.0017080307006835938,
        "50": -1.81640625
    },
    "3.pt": {
        "1": -1.7978515625,
        "5": 0.322509765625,
        "10": -2.0859375,
        "25": -0.6171875,
        "50": -0.7216796875
    },
    "4.pt": {
        "1": -0.71337890625,
        "5": -0.7021484375,
        "10": -1.439453125,
        "25": -1.3115234375,
        "50": 0.3681640625
    }
}