{
    "0.pt": {
        "1": -0.46435546875,
        "5": -1.201171875,
        "10": -0.74365234375,
        "25": -0.82763671875,
        "50": -0.8125
    },
    "1.pt": {
        "1": -1.037109375,
        "5": -0.4970703125,
        "10": -0.6064453125,
        "25": 0.0090484619140625,
        "50": -0.3623046875
    },
    "2.pt": {
        "1": -1.1904296875,
        "5": -0.447998046875,
        "10": -0.055694580078125,
        "25": -0.73779296875,
        "50": -0.7734375
    },
    "3.pt": {
        "1": -1.65234375,
        "5": -1.123046875,
        "10": -0.68603515625,
        "25": -0.884765625,
        "50": -1.865234375
    },
    "4.pt": {
        "1": -1.55859375,
        "5": -0.3916015625,
        "10": -2.013671875,
        "25": -1.3359375,
        "50": -0.1588134765625
    }
}