{
    "0.pt": {
        "1": -1.02734375,
        "5": -1.740234375,
        "10": -1.6826171875,
        "25": -1.943359375,
        "50": -0.84375
    },
    "1.pt": {
        "1": -0.414306640625,
        "5": -0.35888671875,
        "10": -1.3173828125,
        "25": -1.828125,
        "50": -1.248046875
    },
    "2.pt": {
        "1": -1.1884765625,
        "5": 0.394287109375,
        "10": -1.1962890625,
        "25": -1.4755859375,
        "50": -0.36474609375
    },
    "3.pt": {
        "1": -1.4658203125,
        "5": -0.94921875,
        "10": -1.4091796875,
        "25": -0.98974609375,
        "50": -0.99853515625
    },
    "4.pt": {
        "1": -1.486328125,
        "5": -0.36328125,
        "10": -0.56494140625,
        "25": -0.158203125,
        "50": -0.9873046875
    }
}