{
    "0.pt": {
        "1": -0.1708984375,
        "5": -0.12335205078125,
        "10": -0.468505859375,
        "25": -0.390625,
        "50": -0.03997802734375
    },
    "1.pt": {
        "1": -1.5673828125,
        "5": -0.88330078125,
        "10": -1.345703125,
        "25": -0.27978515625,
        "50": -0.7861328125
    },
    "2.pt": {
        "1": -2.078125,
        "5": -0.209716796875,
        "10": -1.333984375,
        "25": -1.970703125,
        "50": -1.5302734375
    },
    "3.pt": {
        "1": -1.6533203125,
        "5": -1.462890625,
        "10": -1.5859375,
        "25": -1.6689453125,
        "50": -0.345458984375
    },
    "4.pt": {
        "1": -1.4912109375,
        "5": -0.71435546875,
        "10": -0.50732421875,
        "25": -1.724609375,
        "50": -0.37890625
    }
}