{
    "0.pt": {
        "1": -0.299560546875,
        "5": -0.52001953125,
        "10": -1.1669921875,
        "25": -1.0546875,
        "50": -1.7509765625
    },
    "1.pt": {
        "1": -1.8154296875,
        "5": -0.74462890625,
        "10": -1.7431640625,
        "25": -2.236328125,
        "50": 0.0906982421875
    },
    "2.pt": {
        "1": -0.1644287109375,
        "5": 0.437744140625,
        "10": -0.14794921875,
        "25": -1.384765625,
        "50": -0.310791015625
    },
    "3.pt": {
        "1": 0.0787353515625,
        "5": -0.986328125,
        "10": -2.15625,
        "25": -1.576171875,
        "50": -0.64990234375
    },
    "4.pt": {
        "1": -1.03515625,
        "5": -1.5712890625,
        "10": -0.36474609375,
        "25": -0.96337890625,
        "50": -1.244140625
    }
}