{
    "0.pt": {
        "1": -0.92138671875,
        "5": -1.4892578125,
        "10": -1.0693359375,
        "25": 0.0202484130859375,
        "50": -1.7841796875
    },
    "1.pt": {
        "1": -0.347412109375,
        "5": -0.4296875,
        "10": -0.428955078125,
        "25": -1.7216796875,
        "50": -2.064453125
    },
    "2.pt": {
        "1": -1.052734375,
        "5": -0.96630859375,
        "10": 0.3544921875,
        "25": -1.68359375,
        "50": -0.443603515625
    },
    "3.pt": {
        "1": -1.1328125,
        "5": -0.8115234375,
        "10": 0.458984375,
        "25": -1.17578125,
        "50": -1.79296875
    },
    "4.pt": {
        "1": -0.52783203125,
        "5": 0.450927734375,
        "10": -1.095703125,
        "25": -0.78271484375,
        "50": -0.82568359375
    }
}