{
    "0.pt": {
        "1": -1.8330078125,
        "5": -1.0927734375,
        "10": -0.70068359375,
        "25": -1.7216796875,
        "50": -1.8974609375
    },
    "1.pt": {
        "1": -1.0751953125,
        "5": -0.1820068359375,
        "10": -0.39404296875,
        "25": -1.85546875,
        "50": -1.7001953125
    },
    "2.pt": {
        "1": -0.1563720703125,
        "5": -1.693359375,
        "10": -1.1357421875,
        "25": -0.0733642578125,
        "50": -1.6796875
    },
    "3.pt": {
        "1": -0.245849609375,
        "5": -1.4326171875,
        "10": -0.91845703125,
        "25": -2.12890625,
        "50": -1.9833984375
    },
    "4.pt": {
        "1": 0.0033111572265625,
        "5": -1.6357421875,
        "10": -0.83056640625,
        "25": -1.29296875,
        "50": -1.70703125
    }
}