{
    "0.pt": {
        "1": -1.5107421875,
        "5": -0.496826171875,
        "10": 0.1129150390625,
        "25": -0.1468505859375,
        "50": -1.87109375
    },
    "1.pt": {
        "1": -0.341796875,
        "5": -1.32421875,
        "10": -1.4794921875,
        "25": -0.78173828125,
        "50": -0.8828125
    },
    "2.pt": {
        "1": -0.544921875,
        "5": -0.262939453125,
        "10": -1.5390625,
        "25": -0.54541015625,
        "50": -0.55859375
    },
    "3.pt": {
        "1": -0.5625,
        "5": -1.2939453125,
        "10": -1.5771484375,
        "25": -1.216796875,
        "50": -0.787109375
    },
    "4.pt": {
        "1": -1.150390625,
        "5": -0.1712646484375,
        "10": -1.0751953125,
        "25": -0.71142578125,
        "50": -0.04107666015625
    }
}