{
    "0.pt": {
        "1": -1.6083984375,
        "5": -1.2607421875,
        "10": -0.474365234375,
        "25": -1.76953125,
        "50": -1.3486328125
    },
    "1.pt": {
        "1": -1.61328125,
        "5": -1.853515625,
        "10": -1.3505859375,
        "25": -0.04693603515625,
        "50": 0.9541015625
    },
    "2.pt": {
        "1": -0.552734375,
        "5": 0.060516357421875,
        "10": -1.0341796875,
        "25": -1.763671875,
        "50": -0.72998046875
    },
    "3.pt": {
        "1": -1.2392578125,
        "5": -1.3193359375,
        "10": -1.474609375,
        "25": -2.3671875,
        "50": -1.021484375
    },
    "4.pt": {
        "1": -1.353515625,
        "5": -0.72998046875,
        "10": -0.29150390625,
        "25": -0.333984375,
        "50": -1.5068359375
    }
}