{
    "0.pt": {
        "1": -0.79736328125,
        "5": -0.57080078125,
        "10": -0.88916015625,
        "25": -0.60693359375,
        "50": -1.0107421875
    },
    "1.pt": {
        "1": -0.97216796875,
        "5": -1.685546875,
        "10": -0.28759765625,
        "25": -1.0517578125,
        "50": -0.8193359375
    },
    "2.pt": {
        "1": -1.1376953125,
        "5": -1.2861328125,
        "10": -0.90966796875,
        "25": -0.63818359375,
        "50": -0.329833984375
    },
    "3.pt": {
        "1": -1.79296875,
        "5": 0.061859130859375,
        "10": -1.6357421875,
        "25": -0.1695556640625,
        "50": -0.1732177734375
    },
    "4.pt": {
        "1": -1.10546875,
        "5": -0.7392578125,
        "10": -0.1571044921875,
        "25": -0.8310546875,
        "50": -0.79931640625
    }
}