{
    "0.pt": {
        "1": 0.21142578125,
        "5": -1.28515625,
        "10": -1.845703125,
        "25": -0.8046875,
        "50": -0.317138671875
    },
    "1.pt": {
        "1": -0.196044921875,
        "5": -1.0615234375,
        "10": -0.2171630859375,
        "25": -1.634765625,
        "50": -1.0419921875
    },
    "2.pt": {
        "1": -1.4443359375,
        "5": -1.3515625,
        "10": -0.236083984375,
        "25": -1.8798828125,
        "50": -1.25
    },
    "3.pt": {
        "1": -0.71630859375,
        "5": -0.459228515625,
        "10": -1.9013671875,
        "25": 0.1981201171875,
        "50": -1.404296875
    },
    "4.pt": {
        "1": -1.552734375,
        "5": -0.60888671875,
        "10": -1.25,
        "25": -1.2958984375,
        "50": -1.29296875
    }
}