{
    "0.pt": {
        "1": -1.4287109375,
        "5": -0.293701171875,
        "10": -1.3095703125,
        "25": -1.056640625,
        "50": -1.3134765625
    },
    "1.pt": {
        "1": -0.93994140625,
        "5": -0.81591796875,
        "10": -1.30859375,
        "25": -0.39013671875,
        "50": -1.3037109375
    },
    "2.pt": {
        "1": -0.61865234375,
        "5": -2.166015625,
        "10": -1.033203125,
        "25": -1.283203125,
        "50": -1.021484375
    },
    "3.pt": {
        "1": -1.7529296875,
        "5": -1.7080078125,
        "10": -0.79150390625,
        "25": -0.355224609375,
        "50": -1.8369140625
    },
    "4.pt": {
        "1": 0.09112548828125,
        "5": -1.099609375,
        "10": 0.15087890625,
        "25": -1.265625,
        "50": -1.2265625
    }
}