{
    "0.pt": {
        "1": -1.0751953125,
        "5": -1.095703125,
        "10": 0.172607421875,
        "25": -1.8779296875,
        "50": -0.8583984375
    },
    "1.pt": {
        "1": -0.483154296875,
        "5": -1.5283203125,
        "10": -1.513671875,
        "25": -1.0673828125,
        "50": -0.79541015625
    },
    "2.pt": {
        "1": -0.80859375,
        "5": -1.01171875,
        "10": -1.7177734375,
        "25": -0.61181640625,
        "50": 0.11895751953125
    },
    "3.pt": {
        "1": -1.2353515625,
        "5": -0.78369140625,
        "10": -0.34716796875,
        "25": -0.84423828125,
        "50": -0.1259765625
    },
    "4.pt": {
        "1": -1.310546875,
        "5": -0.07000732421875,
        "10": -0.1953125,
        "25": -0.09765625,
        "50": -0.97265625
    }
}