{
    "0.pt": {
        "1": -1.9697265625,
        "5": -1.4580078125,
        "10": -0.220703125,
        "25": -2.015625,
        "50": -1.041015625
    },
    "1.pt": {
        "1": -1.4091796875,
        "5": -2.013671875,
        "10": -0.58203125,
        "25": -0.86572265625,
        "50": -0.38232421875
    },
    "2.pt": {
        "1": -1.19921875,
        "5": 0.1697998046875,
        "10": -1.9384765625,
        "25": -1.3232421875,
        "50": -1.333984375
    },
    "3.pt": {
        "1": 0.275390625,
        "5": -0.810546875,
        "10": -0.089111328125,
        "25": -0.8291015625,
        "50": -1.822265625
    },
    "4.pt": {
        "1": -1.513671875,
        "5": -1.015625,
        "10": -0.7744140625,
        "25": -1.5673828125,
        "50": -1.52734375
    }
}