{
    "0.pt": {
        "1": -0.353515625,
        "5": -1.3564453125,
        "10": -0.9189453125,
        "25": -1.185546875,
        "50": -1.0810546875
    },
    "1.pt": {
        "1": -1.9990234375,
        "5": -0.9091796875,
        "10": -1.10546875,
        "25": -1.5078125,
        "50": -1.3583984375
    },
    "2.pt": {
        "1": 0.30859375,
        "5": -1.451171875,
        "10": -1.8779296875,
        "25": -1.296875,
        "50": -1.6337890625
    },
    "3.pt": {
        "1": -1.5234375,
        "5": -1.3837890625,
        "10": -0.7119140625,
        "25": -0.282470703125,
        "50": -1.1015625
    },
    "4.pt": {
        "1": -1.58984375,
        "5": -1.4169921875,
        "10": -1.59765625,
        "25": -1.84375,
        "50": -0.64892578125
    }
}