{
    "0.pt": {
        "1": -1.681640625,
        "5": -0.2044677734375,
        "10": -0.331298828125,
        "25": -1.98828125,
        "50": 0.1485595703125
    },
    "1.pt": {
        "1": -0.908203125,
        "5": -1.7373046875,
        "10": -0.1759033203125,
        "25": -1.185546875,
        "50": 0.123779296875
    },
    "2.pt": {
        "1": -0.92431640625,
        "5": -0.75732421875,
        "10": -0.8671875,
        "25": -1.01953125,
        "50": -0.38623046875
    },
    "3.pt": {
        "1": -1.462890625,
        "5": -1.4609375,
        "10": -1.7314453125,
        "25": -1.533203125,
        "50": -1.30078125
    },
    "4.pt": {
        "1": 0.0286407470703125,
        "5": -0.120849609375,
        "10": -1.470703125,
        "25": -1.494140625,
        "50": -0.73583984375
    }
}