{
    "0.pt": {
        "1": -0.1160888671875,
        "5": -0.583984375,
        "10": -1.1513671875,
        "25": -0.71728515625,
        "50": -1.96484375
    },
    "1.pt": {
        "1": -0.0908203125,
        "5": -2.015625,
        "10": -1.341796875,
        "25": -1.3994140625,
        "50": -0.54736328125
    },
    "2.pt": {
        "1": -0.63720703125,
        "5": 0.3173828125,
        "10": -1.3857421875,
        "25": -1.134765625,
        "50": -0.312744140625
    },
    "3.pt": {
        "1": -0.982421875,
        "5": -0.994140625,
        "10": -0.321533203125,
        "25": -0.515625,
        "50": 0.069580078125
    },
    "4.pt": {
        "1": -0.2481689453125,
        "5": -0.364501953125,
        "10": -0.45751953125,
        "25": -1.59765625,
        "50": -0.93603515625
    }
}