{
    "0.pt": {
        "1": -0.83837890625,
        "5": -1.0478515625,
        "10": -0.1495361328125,
        "25": -2.099609375,
        "50": -0.2149658203125
    },
    "1.pt": {
        "1": -1.4248046875,
        "5": -1.1787109375,
        "10": -1.1494140625,
        "25": -1.1396484375,
        "50": -0.210205078125
    },
    "2.pt": {
        "1": -2.23828125,
        "5": -1.0556640625,
        "10": -1.6689453125,
        "25": -1.3662109375,
        "50": -0.274169921875
    },
    "3.pt": {
        "1": -1.330078125,
        "5": -0.55712890625,
        "10": -1.458984375,
        "25": -0.416259765625,
        "50": -0.91357421875
    },
    "4.pt": {
        "1": -0.64697265625,
        "5": -1.04296875,
        "10": -1.8427734375,
        "25": -0.67724609375,
        "50": -1.5078125
    }
}