{
    "0.pt": {
        "1": 0.36669921875,
        "5": -0.70361328125,
        "10": -1.203125,
        "25": -1.333984375,
        "50": -0.482421875
    },
    "1.pt": {
        "1": -0.8583984375,
        "5": -1.642578125,
        "10": -1.1640625,
        "25": -1.9130859375,
        "50": 0.30419921875
    },
    "2.pt": {
        "1": -1.029296875,
        "5": -1.873046875,
        "10": -1.6630859375,
        "25": -0.37109375,
        "50": -0.76708984375
    },
    "3.pt": {
        "1": -1.388671875,
        "5": -0.568359375,
        "10": -1.4130859375,
        "25": -2.07421875,
        "50": -1.5263671875
    },
    "4.pt": {
        "1": -1.611328125,
        "5": -1.978515625,
        "10": -1.6884765625,
        "25": -0.5625,
        "50": -1.7275390625
    }
}