{
    "0.pt": {
        "1": -1.5478515625,
        "5": -0.919921875,
        "10": -0.50341796875,
        "25": -0.77978515625,
        "50": -1.88671875
    },
    "1.pt": {
        "1": -0.0411376953125,
        "5": -0.94970703125,
        "10": -1.751953125,
        "25": -0.135009765625,
        "50": -0.47314453125
    },
    "2.pt": {
        "1": -1.732421875,
        "5": -0.255615234375,
        "10": -1.203125,
        "25": -1.7431640625,
        "50": -0.06207275390625
    },
    "3.pt": {
        "1": -1.0869140625,
        "5": -0.95751953125,
        "10": -2.001953125,
        "25": -2.060546875,
        "50": -0.75244140625
    },
    "4.pt": {
        "1": -1.5185546875,
        "5": -1.6220703125,
        "10": -0.9912109375,
        "25": -1.5205078125,
        "50": -1.4208984375
    }
}