{
    "0.pt": {
        "1": -1.4951171875,
        "5": -0.30859375,
        "10": -0.869140625,
        "25": -0.97607421875,
        "50": -0.8466796875
    },
    "1.pt": {
        "1": -0.0526123046875,
        "5": -1.2431640625,
        "10": -1.3349609375,
        "25": -1.203125,
        "50": -1.11328125
    },
    "2.pt": {
        "1": -1.9560546875,
        "5": 0.41552734375,
        "10": -2.064453125,
        "25": 0.08642578125,
        "50": -0.93017578125
    },
    "3.pt": {
        "1": -0.1346435546875,
        "5": -0.947265625,
        "10": -0.767578125,
        "25": -1.84375,
        "50": -0.54931640625
    },
    "4.pt": {
        "1": 0.1256103515625,
        "5": -1.01171875,
        "10": -1.013671875,
        "25": -1.1435546875,
        "50": -1.9677734375
    }
}