{
    "0.pt": {
        "1": -1.7880859375,
        "5": -0.2486572265625,
        "10": -1.255859375,
        "25": -1.763671875,
        "50": -1.4443359375
    },
    "1.pt": {
        "1": -1.119140625,
        "5": -0.440185546875,
        "10": -0.316650390625,
        "25": -1.71484375,
        "50": -1.57421875
    },
    "2.pt": {
        "1": -0.1727294921875,
        "5": -1.296875,
        "10": -1.53125,
        "25": -1.416015625,
        "50": -1.2197265625
    },
    "3.pt": {
        "1": 0.8671875,
        "5": -1.6279296875,
        "10": -1.4208984375,
        "25": -0.381103515625,
        "50": -0.48828125
    },
    "4.pt": {
        "1": -1.1142578125,
        "5": -0.311767578125,
        "10": 0.408447265625,
        "25": -1.28515625,
        "50": -0.873046875
    }
}