{
    "0.pt": {
        "1": -1.99609375,
        "5": -0.931640625,
        "10": 0.01549530029296875,
        "25": -0.56591796875,
        "50": -0.583984375
    },
    "1.pt": {
        "1": -0.80908203125,
        "5": -1.6884765625,
        "10": -2.361328125,
        "25": -0.50537109375,
        "50": -1.9814453125
    },
    "2.pt": {
        "1": -1.6259765625,
        "5": -1.97265625,
        "10": -2.09765625,
        "25": -1.2294921875,
        "50": -1.2919921875
    },
    "3.pt": {
        "1": -0.24267578125,
        "5": -0.85302734375,
        "10": -2.162109375,
        "25": -0.76025390625,
        "50": -0.1573486328125
    },
    "4.pt": {
        "1": -0.395263671875,
        "5": -0.9267578125,
        "10": -1.8115234375,
        "25": -0.595703125,
        "50": -0.250244140625
    }
}