{
    "0.pt": {
        "1": -1.7568359375,
        "5": -0.89013671875,
        "10": -1.9150390625,
        "25": -0.8251953125,
        "50": -0.25634765625
    },
    "1.pt": {
        "1": -0.9921875,
        "5": -1.46875,
        "10": -0.46044921875,
        "25": -2.05078125,
        "50": 0.1151123046875
    },
    "2.pt": {
        "1": 0.62646484375,
        "5": -1.0283203125,
        "10": -0.765625,
        "25": -0.6083984375,
        "50": -0.7802734375
    },
    "3.pt": {
        "1": -1.4619140625,
        "5": -1.056640625,
        "10": -0.6787109375,
        "25": -1.4755859375,
        "50": -1.2490234375
    },
    "4.pt": {
        "1": -1.5283203125,
        "5": -1.2841796875,
        "10": 0.01146697998046875,
        "25": -1.22265625,
        "50": -1.341796875
    }
}