{
    "0.pt": {
        "1": -0.69580078125,
        "5": -1.3056640625,
        "10": -1.888671875,
        "25": -1.8017578125,
        "50": -0.477294921875
    },
    "1.pt": {
        "1": 0.14453125,
        "5": -0.76171875,
        "10": -1.7578125,
        "25": -1.5087890625,
        "50": -0.6474609375
    },
    "2.pt": {
        "1": -0.21240234375,
        "5": -1.5166015625,
        "10": -1.416015625,
        "25": -0.64208984375,
        "50": -1.953125
    },
    "3.pt": {
        "1": -0.52685546875,
        "5": -1.142578125,
        "10": -0.07281494140625,
        "25": -0.84765625,
        "50": -0.222412109375
    },
    "4.pt": {
        "1": -1.1279296875,
        "5": -1.6298828125,
        "10": -1.185546875,
        "25": -0.2059326171875,
        "50": -0.291259765625
    }
}