{
    "0.pt": {
        "1": -0.8251953125,
        "5": -0.7763671875,
        "10": -0.85205078125,
        "25": -0.947265625,
        "50": -0.93408203125
    },
    "1.pt": {
        "1": -0.327392578125,
        "5": -0.68017578125,
        "10": -1.447265625,
        "25": -2.130859375,
        "50": -0.36669921875
    },
    "2.pt": {
        "1": -0.98583984375,
        "5": -0.97021484375,
        "10": -1.328125,
        "25": -0.6708984375,
        "50": -0.958984375
    },
    "3.pt": {
        "1": -1.732421875,
        "5": -1.185546875,
        "10": -1.5341796875,
        "25": -1.431640625,
        "50": -0.693359375
    },
    "4.pt": {
        "1": -1.7451171875,
        "5": -1.296875,
        "10": -1.3798828125,
        "25": -0.6826171875,
        "50": -1.7431640625
    }
}