{
    "0.pt": {
        "1": -1.3310546875,
        "5": -1.5302734375,
        "10": -1.1416015625,
        "25": -0.78076171875,
        "50": -0.0654296875
    },
    "1.pt": {
        "1": -0.6533203125,
        "5": -2.1171875,
        "10": -1.404296875,
        "25": -0.6982421875,
        "50": -0.6220703125
    },
    "2.pt": {
        "1": -1.443359375,
        "5": -1.94921875,
        "10": -0.48486328125,
        "25": -0.740234375,
        "50": -1.279296875
    },
    "3.pt": {
        "1": 0.199951171875,
        "5": -1.40625,
        "10": -0.70458984375,
        "25": -0.67724609375,
        "50": -0.5224609375
    },
    "4.pt": {
        "1": -1.9599609375,
        "5": -0.350341796875,
        "10": -1.0439453125,
        "25": -0.0157470703125,
        "50": -0.80810546875
    }
}