{
    "0.pt": {
        "1": -1.080078125,
        "5": -0.6650390625,
        "10": -1.271484375,
        "25": -1.3857421875,
        "50": -0.59130859375
    },
    "1.pt": {
        "1": 0.297119140625,
        "5": -1.3603515625,
        "10": -0.39501953125,
        "25": -1.8134765625,
        "50": -0.62451171875
    },
    "2.pt": {
        "1": -1.62109375,
        "5": 0.09429931640625,
        "10": -0.63134765625,
        "25": -1.447265625,
        "50": -0.2164306640625
    },
    "3.pt": {
        "1": -1.0234375,
        "5": -1.9033203125,
        "10": -0.88232421875,
        "25": -1.595703125,
        "50": -1.1884765625
    },
    "4.pt": {
        "1": -0.445556640625,
        "5": -2.109375,
        "10": -1.884765625,
        "25": 0.03759765625,
        "50": -2.046875
    }
}