{
    "0.pt": {
        "1": -1.1767578125,
        "5": -0.59716796875,
        "10": -0.986328125,
        "25": -1.0888671875,
        "50": 0.29296875
    },
    "1.pt": {
        "1": -0.2305908203125,
        "5": -0.93994140625,
        "10": -1.32421875,
        "25": -1.3212890625,
        "50": 0.354248046875
    },
    "2.pt": {
        "1": -1.8603515625,
        "5": -1.0283203125,
        "10": -1.203125,
        "25": -0.94970703125,
        "50": -0.39111328125
    },
    "3.pt": {
        "1": -1.37109375,
        "5": -1.3681640625,
        "10": 0.2408447265625,
        "25": -1.357421875,
        "50": -1.740234375
    },
    "4.pt": {
        "1": -1.0615234375,
        "5": -0.740234375,
        "10": -1.6357421875,
        "25": -1.5048828125,
        "50": -0.7978515625
    }
}