{
    "0.pt": {
        "1": -0.77880859375,
        "5": -0.54345703125,
        "10": -0.85009765625,
        "25": -1.4794921875,
        "50": -0.3740234375
    },
    "1.pt": {
        "1": -1.3359375,
        "5": -1.4501953125,
        "10": -1.5263671875,
        "25": -1.822265625,
        "50": -1.4541015625
    },
    "2.pt": {
        "1": -1.4990234375,
        "5": -0.345947265625,
        "10": -1.21484375,
        "25": -1.0830078125,
        "50": -0.02197265625
    },
    "3.pt": {
        "1": -0.0087890625,
        "5": -0.381103515625,
        "10": -0.91162109375,
        "25": -2.326171875,
        "50": -0.916015625
    },
    "4.pt": {
        "1": -1.08203125,
        "5": -1.2529296875,
        "10": -0.95068359375,
        "25": -0.79296875,
        "50": -1.763671875
    }
}