{
    "0.pt": {
        "1": -0.165771484375,
        "5": -0.049407958984375,
        "10": -0.1502685546875,
        "25": -0.568359375,
        "50": -1.7060546875
    },
    "1.pt": {
        "1": -1.05859375,
        "5": -0.09613037109375,
        "10": -0.91015625,
        "25": -1.708984375,
        "50": -1.99609375
    },
    "2.pt": {
        "1": -1.29296875,
        "5": -2.302734375,
        "10": -1.111328125,
        "25": -0.323486328125,
        "50": -0.63330078125
    },
    "3.pt": {
        "1": -0.29296875,
        "5": 0.007236480712890625,
        "10": -1.0146484375,
        "25": -0.875,
        "50": -1.9384765625
    },
    "4.pt": {
        "1": -0.544921875,
        "5": -1.873046875,
        "10": -1.3544921875,
        "25": -0.00714111328125,
        "50": -1.5439453125
    }
}