{
    "0.pt": {
        "1": -0.58203125,
        "5": -1.2158203125,
        "10": -1.9296875,
        "25": -1.177734375,
        "50": -0.282958984375
    },
    "1.pt": {
        "1": -1.4052734375,
        "5": 0.2265625,
        "10": -0.89794921875,
        "25": -1.3017578125,
        "50": -0.99658203125
    },
    "2.pt": {
        "1": -0.06695556640625,
        "5": -1.634765625,
        "10": -1.1572265625,
        "25": -1.154296875,
        "50": -1.08984375
    },
    "3.pt": {
        "1": -1.2744140625,
        "5": -1.3798828125,
        "10": -1.9853515625,
        "25": -1.3916015625,
        "50": -0.4267578125
    },
    "4.pt": {
        "1": -1.03125,
        "5": -0.75341796875,
        "10": -0.149169921875,
        "25": -0.5009765625,
        "50": -1.7080078125
    }
}