{
    "0.pt": {
        "1": -1.294921875,
        "5": -1.431640625,
        "10": -0.826171875,
        "25": -0.7646484375,
        "50": -1.4140625
    },
    "1.pt": {
        "1": -0.609375,
        "5": -0.71875,
        "10": -0.93505859375,
        "25": -1.6396484375,
        "50": -0.9150390625
    },
    "2.pt": {
        "1": -1.517578125,
        "5": 0.354736328125,
        "10": -1.34765625,
        "25": -0.1632080078125,
        "50": -1.779296875
    },
    "3.pt": {
        "1": -1.0712890625,
        "5": -0.5361328125,
        "10": -0.25439453125,
        "25": -1.4482421875,
        "50": -1.3466796875
    },
    "4.pt": {
        "1": -1.9326171875,
        "5": -1.748046875,
        "10": -0.384521484375,
        "25": -0.041168212890625,
        "50": -0.55126953125
    }
}