{
    "0.pt": {
        "1": -0.697265625,
        "5": -1.4501953125,
        "10": -1.611328125,
        "25": -1.7236328125,
        "50": -2.16796875
    },
    "1.pt": {
        "1": -1.345703125,
        "5": -0.9521484375,
        "10": -1.33203125,
        "25": -1.7734375,
        "50": -0.3994140625
    },
    "2.pt": {
        "1": -1.1650390625,
        "5": -2.25,
        "10": -1.82421875,
        "25": -1.326171875,
        "50": -1.75390625
    },
    "3.pt": {
        "1": -0.693359375,
        "5": -0.93115234375,
        "10": -1.2666015625,
        "25": -1.8544921875,
        "50": -1.5478515625
    },
    "4.pt": {
        "1": -1.8505859375,
        "5": -1.5615234375,
        "10": -1.48046875,
        "25": -1.1162109375,
        "50": 0.2841796875
    }
}