{
    "0.pt": {
        "1": -1.56640625,
        "5": -2.0078125,
        "10": -1.552734375,
        "25": -1.880859375,
        "50": -1.4892578125
    },
    "1.pt": {
        "1": -0.69775390625,
        "5": -1.4169921875,
        "10": -1.4990234375,
        "25": -0.71240234375,
        "50": -1.3857421875
    },
    "2.pt": {
        "1": -1.2958984375,
        "5": -0.434814453125,
        "10": -1.28515625,
        "25": -1.3076171875,
        "50": -1.5439453125
    },
    "3.pt": {
        "1": -1.5322265625,
        "5": -0.388427734375,
        "10": -1.8984375,
        "25": -0.2012939453125,
        "50": -0.88720703125
    },
    "4.pt": {
        "1": -1.6962890625,
        "5": -1.2373046875,
        "10": -0.140869140625,
        "25": -0.33251953125,
        "50": -1.7744140625
    }
}