{
    "0.pt": {
        "1": -0.8408203125,
        "5": -0.7763671875,
        "10": -0.58154296875,
        "25": -1.8876953125,
        "50": -0.7119140625
    },
    "1.pt": {
        "1": -0.935546875,
        "5": -1.3125,
        "10": -0.345947265625,
        "25": -1.689453125,
        "50": -0.62939453125
    },
    "2.pt": {
        "1": -1.568359375,
        "5": -0.73046875,
        "10": -0.91552734375,
        "25": -0.423828125,
        "50": -0.35302734375
    },
    "3.pt": {
        "1": 0.1231689453125,
        "5": -2.099609375,
        "10": -1.7763671875,
        "25": 0.100341796875,
        "50": -0.5205078125
    },
    "4.pt": {
        "1": 0.029205322265625,
        "5": -0.74853515625,
        "10": -1.560546875,
        "25": -1.4853515625,
        "50": -0.62451171875
    }
}