{
    "0.pt": {
        "1": -1.021484375,
        "5": -0.1978759765625,
        "10": -2.22265625,
        "25": -1.5400390625,
        "50": -1.8525390625
    },
    "1.pt": {
        "1": -1.57421875,
        "5": -1.3837890625,
        "10": -1.46484375,
        "25": -0.77685546875,
        "50": -0.263427734375
    },
    "2.pt": {
        "1": -1.8896484375,
        "5": -0.7744140625,
        "10": -1.376953125,
        "25": -1.912109375,
        "50": -0.035491943359375
    },
    "3.pt": {
        "1": -1.1650390625,
        "5": -0.030914306640625,
        "10": -1.2333984375,
        "25": -1.26953125,
        "50": -0.360107421875
    },
    "4.pt": {
        "1": -1.2685546875,
        "5": -0.231689453125,
        "10": -0.143310546875,
        "25": -2.166015625,
        "50": -0.364990234375
    }
}