{
    "0.pt": {
        "1": -0.1719970703125,
        "5": -0.453857421875,
        "10": -1.4384765625,
        "25": -1.6318359375,
        "50": -1.1494140625
    },
    "1.pt": {
        "1": -0.305908203125,
        "5": -1.30859375,
        "10": -1.119140625,
        "25": 0.08538818359375,
        "50": -1.88671875
    },
    "2.pt": {
        "1": -1.4482421875,
        "5": -1.888671875,
        "10": -1.734375,
        "25": -0.8173828125,
        "50": -2.01953125
    },
    "3.pt": {
        "1": -1.662109375,
        "5": -0.88525390625,
        "10": -1.1796875,
        "25": -0.239501953125,
        "50": -1.923828125
    },
    "4.pt": {
        "1": 0.1412353515625,
        "5": -1.4453125,
        "10": -0.3779296875,
        "25": 0.187255859375,
        "50": -0.884765625
    }
}