{
    "0.pt": {
        "1": -0.46875,
        "5": -1.43359375,
        "10": -1.837890625,
        "25": -1.8544921875,
        "50": -0.82275390625
    },
    "1.pt": {
        "1": -1.0947265625,
        "5": -1.5419921875,
        "10": -1.33203125,
        "25": -1.9931640625,
        "50": -0.15576171875
    },
    "2.pt": {
        "1": -1.748046875,
        "5": -2.05078125,
        "10": -0.95166015625,
        "25": -1.853515625,
        "50": -1.4677734375
    },
    "3.pt": {
        "1": -0.56201171875,
        "5": -0.044891357421875,
        "10": -1.8623046875,
        "25": -0.92822265625,
        "50": -0.21923828125
    },
    "4.pt": {
        "1": -1.62890625,
        "5": -1.5927734375,
        "10": -0.705078125,
        "25": -1.1220703125,
        "50": -1.544921875
    }
}