{
    "0.pt": {
        "1": -0.822265625,
        "5": -0.80126953125,
        "10": -0.319091796875,
        "25": -1.462890625,
        "50": -0.465576171875
    },
    "1.pt": {
        "1": -0.64697265625,
        "5": -1.275390625,
        "10": -1.9443359375,
        "25": -1.544921875,
        "50": -1.35546875
    },
    "2.pt": {
        "1": -0.91650390625,
        "5": -0.09954833984375,
        "10": -0.88037109375,
        "25": -1.1005859375,
        "50": -1.3203125
    },
    "3.pt": {
        "1": -0.482666015625,
        "5": -1.677734375,
        "10": -0.0106658935546875,
        "25": -1.7978515625,
        "50": -0.7353515625
    },
    "4.pt": {
        "1": -0.205322265625,
        "5": -0.98876953125,
        "10": -1.2861328125,
        "25": -1.1396484375,
        "50": -1.744140625
    }
}