{
    "0.pt": {
        "1": -0.004299163818359375,
        "5": -1.658203125,
        "10": -1.12109375,
        "25": -1.7490234375,
        "50": -0.72802734375
    },
    "1.pt": {
        "1": -1.82421875,
        "5": -0.22998046875,
        "10": -1.734375,
        "25": -1.8857421875,
        "50": -1.8466796875
    },
    "2.pt": {
        "1": -0.68115234375,
        "5": 0.08538818359375,
        "10": -1.8515625,
        "25": -1.7802734375,
        "50": -0.82421875
    },
    "3.pt": {
        "1": -1.38671875,
        "5": 0.318359375,
        "10": 0.77880859375,
        "25": -0.98095703125,
        "50": -1.0849609375
    },
    "4.pt": {
        "1": -0.407958984375,
        "5": -0.402099609375,
        "10": -0.207275390625,
        "25": -0.833984375,
        "50": -1.734375
    }
}