{
    "0.pt": {
        "1": -0.6298828125,
        "5": -1.6357421875,
        "10": -1.517578125,
        "25": -1.3369140625,
        "50": -0.1624755859375
    },
    "1.pt": {
        "1": -1.328125,
        "5": -1.03125,
        "10": -2.04296875,
        "25": -0.403076171875,
        "50": -0.63427734375
    },
    "2.pt": {
        "1": -2.056640625,
        "5": -0.276611328125,
        "10": -0.55322265625,
        "25": -0.41064453125,
        "50": 0.12225341796875
    },
    "3.pt": {
        "1": 0.252685546875,
        "5": -1.8369140625,
        "10": -0.87158203125,
        "25": -1.3134765625,
        "50": -1.802734375
    },
    "4.pt": {
        "1": 0.6396484375,
        "5": -0.8955078125,
        "10": -0.9619140625,
        "25": -1.193359375,
        "50": 0.1104736328125
    }
}