{
    "0.pt": {
        "1": -0.287109375,
        "5": -1.4189453125,
        "10": -1.189453125,
        "25": -1.015625,
        "50": -1.8603515625
    },
    "1.pt": {
        "1": -0.53076171875,
        "5": -0.53125,
        "10": -1.8349609375,
        "25": -1.2802734375,
        "50": -0.7861328125
    },
    "2.pt": {
        "1": -0.638671875,
        "5": -1.50390625,
        "10": -1.181640625,
        "25": -1.2041015625,
        "50": -0.79931640625
    },
    "3.pt": {
        "1": -1.693359375,
        "5": -1.0009765625,
        "10": -0.328125,
        "25": -1.41015625,
        "50": -1.021484375
    },
    "4.pt": {
        "1": -0.994140625,
        "5": -1.1435546875,
        "10": -0.98388671875,
        "25": -0.634765625,
        "50": -0.0318603515625
    }
}