{
    "0.pt": {
        "1": -0.0020580291748046875,
        "5": -0.08184814453125,
        "10": 0.32177734375,
        "25": -1.845703125,
        "50": -0.626953125
    },
    "1.pt": {
        "1": 0.007724761962890625,
        "5": -0.546875,
        "10": -1.474609375,
        "25": -1.6298828125,
        "50": -0.173095703125
    },
    "2.pt": {
        "1": -1.333984375,
        "5": -0.337646484375,
        "10": -0.155029296875,
        "25": -1.765625,
        "50": -0.423095703125
    },
    "3.pt": {
        "1": -1.3779296875,
        "5": -0.38232421875,
        "10": -0.3671875,
        "25": -1.46484375,
        "50": -0.267578125
    },
    "4.pt": {
        "1": -1.6650390625,
        "5": -1.0302734375,
        "10": -0.33740234375,
        "25": -1.15234375,
        "50": -0.92626953125
    }
}