{
    "0.pt": {
        "1": -1.6298828125,
        "5": -1.0986328125,
        "10": -1.4072265625,
        "25": -1.3994140625,
        "50": -0.6416015625
    },
    "1.pt": {
        "1": -2.029296875,
        "5": -0.03411865234375,
        "10": -1.05078125,
        "25": -1.517578125,
        "50": -0.82275390625
    },
    "2.pt": {
        "1": -1.4580078125,
        "5": -1.0830078125,
        "10": -1.013671875,
        "25": -1.712890625,
        "50": 0.404541015625
    },
    "3.pt": {
        "1": -0.77978515625,
        "5": -1.123046875,
        "10": -0.689453125,
        "25": -1.4580078125,
        "50": -0.0287628173828125
    },
    "4.pt": {
        "1": -1.091796875,
        "5": -0.2257080078125,
        "10": -0.37255859375,
        "25": -0.9150390625,
        "50": -0.65771484375
    }
}