{
    "0.pt": {
        "1": -0.2054443359375,
        "5": -0.583984375,
        "10": -1.021484375,
        "25": -1.5380859375,
        "50": -1.0224609375
    },
    "1.pt": {
        "1": -1.2119140625,
        "5": -1.6640625,
        "10": -1.728515625,
        "25": -1.109375,
        "50": -1.4833984375
    },
    "2.pt": {
        "1": -0.78759765625,
        "5": -0.4404296875,
        "10": -1.1328125,
        "25": -1.6552734375,
        "50": -0.96923828125
    },
    "3.pt": {
        "1": -0.92041015625,
        "5": -0.0887451171875,
        "10": -1.875,
        "25": 0.09375,
        "50": -2.0390625
    },
    "4.pt": {
        "1": -0.41015625,
        "5": -0.65771484375,
        "10": -1.0400390625,
        "25": -1.353515625,
        "50": -0.2474365234375
    }
}