{
    "0.pt": {
        "1": -0.3017578125,
        "5": -1.2255859375,
        "10": -0.302490234375,
        "25": -0.28271484375,
        "50": 0.0440673828125
    },
    "1.pt": {
        "1": -0.9921875,
        "5": -1.6103515625,
        "10": -0.44677734375,
        "25": -0.91455078125,
        "50": -0.6611328125
    },
    "2.pt": {
        "1": 0.220947265625,
        "5": 0.4287109375,
        "10": -0.197021484375,
        "25": -0.7822265625,
        "50": -1.5087890625
    },
    "3.pt": {
        "1": 0.2239990234375,
        "5": -1.04296875,
        "10": -1.44921875,
        "25": -1.3505859375,
        "50": -0.08721923828125
    },
    "4.pt": {
        "1": -0.21923828125,
        "5": -2.431640625,
        "10": -1.865234375,
        "25": -1.876953125,
        "50": -0.755859375
    }
}