{
    "0.pt": {
        "1": 0.037109375,
        "5": -1.771484375,
        "10": 0.019500732421875,
        "25": -1.5869140625,
        "50": 0.24462890625
    },
    "1.pt": {
        "1": -1.185546875,
        "5": -2.271484375,
        "10": -0.276611328125,
        "25": -1.5966796875,
        "50": -0.75830078125
    },
    "2.pt": {
        "1": -1.736328125,
        "5": -0.943359375,
        "10": -1.5615234375,
        "25": -0.428955078125,
        "50": -0.86328125
    },
    "3.pt": {
        "1": -1.3623046875,
        "5": -1.2333984375,
        "10": -0.5576171875,
        "25": -0.6591796875,
        "50": -1.5751953125
    },
    "4.pt": {
        "1": -0.9970703125,
        "5": -0.63623046875,
        "10": -0.90234375,
        "25": -0.1981201171875,
        "50": -0.92333984375
    }
}