{
    "0.pt": {
        "1": -1.7216796875,
        "5": -0.83349609375,
        "10": -1.361328125,
        "25": -1.0869140625,
        "50": -1.083984375
    },
    "1.pt": {
        "1": -0.74951171875,
        "5": -1.3095703125,
        "10": -1.1025390625,
        "25": -1.7587890625,
        "50": -1.537109375
    },
    "2.pt": {
        "1": 0.054107666015625,
        "5": -1.2802734375,
        "10": 0.82421875,
        "25": -1.765625,
        "50": -0.398681640625
    },
    "3.pt": {
        "1": -1.5234375,
        "5": -1.9921875,
        "10": -1.1015625,
        "25": -1.572265625,
        "50": -1.40625
    },
    "4.pt": {
        "1": -0.587890625,
        "5": -1.2275390625,
        "10": -1.236328125,
        "25": -0.98876953125,
        "50": -0.59619140625
    }
}