{
    "0.pt": {
        "1": -1.1796875,
        "5": -1.7265625,
        "10": -0.5458984375,
        "25": -1.2529296875,
        "50": -1.3642578125
    },
    "1.pt": {
        "1": -1.205078125,
        "5": -0.685546875,
        "10": -1.3291015625,
        "25": -1.0654296875,
        "50": -0.84716796875
    },
    "2.pt": {
        "1": -1.0625,
        "5": -2.166015625,
        "10": -0.52685546875,
        "25": 0.028839111328125,
        "50": -1.2861328125
    },
    "3.pt": {
        "1": -1.169921875,
        "5": -0.6787109375,
        "10": -1.7431640625,
        "25": -0.33349609375,
        "50": -1.638671875
    },
    "4.pt": {
        "1": -2.03515625,
        "5": -1.041015625,
        "10": -0.818359375,
        "25": -1.3330078125,
        "50": -1.3056640625
    }
}