{
    "0.pt": {
        "1": -1.6396484375,
        "5": -1.1328125,
        "10": -1.150390625,
        "25": -0.67919921875,
        "50": -0.97265625
    },
    "1.pt": {
        "1": -1.05078125,
        "5": -1.279296875,
        "10": -2.1484375,
        "25": -0.81298828125,
        "50": -2.046875
    },
    "2.pt": {
        "1": -1.126953125,
        "5": -0.348388671875,
        "10": -1.24609375,
        "25": -0.034912109375,
        "50": -0.95556640625
    },
    "3.pt": {
        "1": -0.97412109375,
        "5": -1.3505859375,
        "10": -1.0791015625,
        "25": -0.83935546875,
        "50": -0.62890625
    },
    "4.pt": {
        "1": -0.01617431640625,
        "5": -1.3154296875,
        "10": -1.2578125,
        "25": -1.0888671875,
        "50": -1.1669921875
    }
}