{
    "0.pt": {
        "1": -1.544921875,
        "5": -1.6611328125,
        "10": -1.412109375,
        "25": -1.17578125,
        "50": -1.8505859375
    },
    "1.pt": {
        "1": -1.5537109375,
        "5": -1.890625,
        "10": -1.7958984375,
        "25": -0.146240234375,
        "50": 0.38330078125
    },
    "2.pt": {
        "1": -0.537109375,
        "5": -1.240234375,
        "10": -1.2275390625,
        "25": -0.93115234375,
        "50": -1.1845703125
    },
    "3.pt": {
        "1": -1.197265625,
        "5": -0.351806640625,
        "10": -0.529296875,
        "25": -1.7822265625,
        "50": -1.7158203125
    },
    "4.pt": {
        "1": -0.88671875,
        "5": -0.66357421875,
        "10": -0.446044921875,
        "25": -0.86962890625,
        "50": -1.607421875
    }
}