{
    "0.pt": {
        "1": -1.5615234375,
        "5": -1.005859375,
        "10": -1.0263671875,
        "25": -1.30859375,
        "50": 0.0828857421875
    },
    "1.pt": {
        "1": -1.4560546875,
        "5": -0.8984375,
        "10": 0.378662109375,
        "25": 0.17138671875,
        "50": -0.53515625
    },
    "2.pt": {
        "1": -0.2476806640625,
        "5": -0.051300048828125,
        "10": -1.1435546875,
        "25": 0.0205535888671875,
        "50": -0.642578125
    },
    "3.pt": {
        "1": -1.2265625,
        "5": -1.0078125,
        "10": -0.5888671875,
        "25": -0.51953125,
        "50": -0.4306640625
    },
    "4.pt": {
        "1": -1.791015625,
        "5": -1.5166015625,
        "10": -1.3798828125,
        "25": -0.23291015625,
        "50": -0.9482421875
    }
}