{
    "0.pt": {
        "1": -0.498779296875,
        "5": -0.712890625,
        "10": -1.4423828125,
        "25": -1.2861328125,
        "50": -0.61083984375
    },
    "1.pt": {
        "1": -0.68310546875,
        "5": -0.62109375,
        "10": -1.8779296875,
        "25": -1.4853515625,
        "50": 0.224853515625
    },
    "2.pt": {
        "1": -1.8818359375,
        "5": -1.3447265625,
        "10": -0.318115234375,
        "25": -1.25390625,
        "50": -0.09942626953125
    },
    "3.pt": {
        "1": -1.607421875,
        "5": -1.1455078125,
        "10": -1.4248046875,
        "25": -0.442138671875,
        "50": -1.5908203125
    },
    "4.pt": {
        "1": -1.314453125,
        "5": -0.2430419921875,
        "10": -1.1552734375,
        "25": -1.5390625,
        "50": -0.76513671875
    }
}