{
    "0.pt": {
        "1": 0.399169921875,
        "5": -0.53662109375,
        "10": -1.412109375,
        "25": -1.6865234375,
        "50": -0.70263671875
    },
    "1.pt": {
        "1": -1.140625,
        "5": -0.15966796875,
        "10": -0.4306640625,
        "25": -1.806640625,
        "50": 0.0269622802734375
    },
    "2.pt": {
        "1": -1.326171875,
        "5": -0.383056640625,
        "10": -1.8935546875,
        "25": -0.359619140625,
        "50": -1.130859375
    },
    "3.pt": {
        "1": -0.8623046875,
        "5": -1.0751953125,
        "10": -0.306884765625,
        "25": -0.1385498046875,
        "50": -0.2218017578125
    },
    "4.pt": {
        "1": 0.390869140625,
        "5": -0.67822265625,
        "10": -0.6171875,
        "25": -1.4189453125,
        "50": -0.931640625
    }
}