{
    "0.pt": {
        "1": -2.00390625,
        "5": -0.69384765625,
        "10": -1.57421875,
        "25": -0.051177978515625,
        "50": -0.16796875
    },
    "1.pt": {
        "1": -0.978515625,
        "5": -1.9296875,
        "10": -1.3056640625,
        "25": -1.7275390625,
        "50": -1.9404296875
    },
    "2.pt": {
        "1": -0.732421875,
        "5": 0.3955078125,
        "10": -0.186767578125,
        "25": -1.697265625,
        "50": 0.53173828125
    },
    "3.pt": {
        "1": -2.025390625,
        "5": -1.1240234375,
        "10": -0.0152587890625,
        "25": -0.3232421875,
        "50": -0.40380859375
    },
    "4.pt": {
        "1": -1.0341796875,
        "5": -0.7783203125,
        "10": -0.3583984375,
        "25": -1.318359375,
        "50": -1.037109375
    }
}