{
    "0.pt": {
        "1": -0.69873046875,
        "5": -0.31591796875,
        "10": -1.3525390625,
        "25": -2.498046875,
        "50": -1.8916015625
    },
    "1.pt": {
        "1": -0.11016845703125,
        "5": -0.71142578125,
        "10": -0.76123046875,
        "25": -0.09735107421875,
        "50": -1.146484375
    },
    "2.pt": {
        "1": -0.78955078125,
        "5": -1.6201171875,
        "10": -1.4931640625,
        "25": -0.99853515625,
        "50": -0.24658203125
    },
    "3.pt": {
        "1": -0.10736083984375,
        "5": -1.68359375,
        "10": -0.66357421875,
        "25": -1.3115234375,
        "50": -1.359375
    },
    "4.pt": {
        "1": -0.98681640625,
        "5": 0.103759765625,
        "10": -0.404541015625,
        "25": -1.2509765625,
        "50": -0.7197265625
    }
}