{
    "0.pt": {
        "1": -0.69189453125,
        "5": -0.457275390625,
        "10": -1.923828125,
        "25": -0.57763671875,
        "50": -1.3671875
    },
    "1.pt": {
        "1": -1.1728515625,
        "5": -0.323974609375,
        "10": 0.370849609375,
        "25": -0.4423828125,
        "50": 0.06719970703125
    },
    "2.pt": {
        "1": -0.51806640625,
        "5": -0.2222900390625,
        "10": -1.8251953125,
        "25": -1.38671875,
        "50": -1.7861328125
    },
    "3.pt": {
        "1": -1.4794921875,
        "5": -0.77490234375,
        "10": -0.46630859375,
        "25": -1.0537109375,
        "50": -1.39453125
    },
    "4.pt": {
        "1": -1.5615234375,
        "5": -1.2451171875,
        "10": -0.92578125,
        "25": -1.1904296875,
        "50": -2.07421875
    }
}