{
    "0.pt": {
        "1": -0.8515625,
        "5": -1.0654296875,
        "10": 0.04180908203125,
        "25": -0.427734375,
        "50": -0.11431884765625
    },
    "1.pt": {
        "1": -0.9208984375,
        "5": -0.8427734375,
        "10": -0.61279296875,
        "25": -0.82958984375,
        "50": -0.5478515625
    },
    "2.pt": {
        "1": -1.671875,
        "5": -1.646484375,
        "10": -0.304443359375,
        "25": -1.23046875,
        "50": -0.8828125
    },
    "3.pt": {
        "1": -0.92236328125,
        "5": -0.9814453125,
        "10": -1.8681640625,
        "25": -1.310546875,
        "50": -1.0224609375
    },
    "4.pt": {
        "1": -1.46875,
        "5": -1.361328125,
        "10": -1.095703125,
        "25": -1.4345703125,
        "50": -1.0419921875
    }
}