{
    "0.pt": {
        "1": -1.6455078125,
        "5": -0.75244140625,
        "10": -0.490478515625,
        "25": -1.55078125,
        "50": -0.7841796875
    },
    "1.pt": {
        "1": -0.42236328125,
        "5": -0.386962890625,
        "10": -0.95849609375,
        "25": -0.9248046875,
        "50": -1.6220703125
    },
    "2.pt": {
        "1": -1.5419921875,
        "5": -1.306640625,
        "10": -1.9033203125,
        "25": 0.06732177734375,
        "50": -0.89697265625
    },
    "3.pt": {
        "1": -1.287109375,
        "5": -1.9892578125,
        "10": -0.2666015625,
        "25": -1.4375,
        "50": -0.912109375
    },
    "4.pt": {
        "1": 0.1541748046875,
        "5": 0.2462158203125,
        "10": -1.7451171875,
        "25": -0.4375,
        "50": -1.73828125
    }
}