{
    "0.pt": {
        "1": -0.70751953125,
        "5": -0.89599609375,
        "10": -0.59033203125,
        "25": 0.316650390625,
        "50": -1.1962890625
    },
    "1.pt": {
        "1": 0.0210418701171875,
        "5": -1.9873046875,
        "10": -1.736328125,
        "25": -0.61669921875,
        "50": -0.11669921875
    },
    "2.pt": {
        "1": -0.68896484375,
        "5": -0.58935546875,
        "10": -0.80224609375,
        "25": -0.6181640625,
        "50": -0.8291015625
    },
    "3.pt": {
        "1": 0.08917236328125,
        "5": -1.1201171875,
        "10": -0.71728515625,
        "25": 0.1845703125,
        "50": -1.568359375
    },
    "4.pt": {
        "1": -1.068359375,
        "5": -1.5888671875,
        "10": -0.2841796875,
        "25": -0.89013671875,
        "50": -1.1884765625
    }
}