{
    "0.pt": {
        "1": -1.669921875,
        "5": -1.341796875,
        "10": -1.4365234375,
        "25": -0.6201171875,
        "50": -0.08660888671875
    },
    "1.pt": {
        "1": -0.8388671875,
        "5": -0.71826171875,
        "10": -1.560546875,
        "25": -1.30859375,
        "50": -0.4384765625
    },
    "2.pt": {
        "1": -0.339599609375,
        "5": -0.1805419921875,
        "10": -1.666015625,
        "25": -0.486328125,
        "50": -0.039093017578125
    },
    "3.pt": {
        "1": -0.17822265625,
        "5": -1.51953125,
        "10": -0.2489013671875,
        "25": -0.86083984375,
        "50": -0.84033203125
    },
    "4.pt": {
        "1": -0.1629638671875,
        "5": -1.2333984375,
        "10": -0.82666015625,
        "25": -1.423828125,
        "50": -0.2393798828125
    }
}