{
    "0.pt": {
        "1": -1.484375,
        "5": -1.7880859375,
        "10": -0.442138671875,
        "25": -0.90576171875,
        "50": -2.099609375
    },
    "1.pt": {
        "1": -1.1044921875,
        "5": -1.0,
        "10": -0.68310546875,
        "25": -0.7080078125,
        "50": -1.6953125
    },
    "2.pt": {
        "1": 0.321533203125,
        "5": -0.59423828125,
        "10": -1.3037109375,
        "25": -1.3046875,
        "50": -1.3369140625
    },
    "3.pt": {
        "1": -1.5615234375,
        "5": -0.7255859375,
        "10": -0.7578125,
        "25": -0.662109375,
        "50": -0.833984375
    },
    "4.pt": {
        "1": 0.03228759765625,
        "5": 0.11895751953125,
        "10": -1.44921875,
        "25": -1.8251953125,
        "50": -0.82958984375
    }
}