{
    "0.pt": {
        "1": -1.2802734375,
        "5": -0.328857421875,
        "10": -1.0791015625,
        "25": -1.533203125,
        "50": -0.4345703125
    },
    "1.pt": {
        "1": -1.0830078125,
        "5": -1.115234375,
        "10": -0.95068359375,
        "25": -1.294921875,
        "50": -1.7919921875
    },
    "2.pt": {
        "1": -2.189453125,
        "5": 0.05169677734375,
        "10": -1.8349609375,
        "25": -1.5478515625,
        "50": 0.2197265625
    },
    "3.pt": {
        "1": -1.8828125,
        "5": -1.0380859375,
        "10": -1.95703125,
        "25": -1.74609375,
        "50": -0.845703125
    },
    "4.pt": {
        "1": -1.48046875,
        "5": 0.04925537109375,
        "10": -1.0126953125,
        "25": 0.16748046875,
        "50": -1.625
    }
}