{
    "0.pt": {
        "1": -0.59521484375,
        "5": -0.4091796875,
        "10": -1.0478515625,
        "25": -1.4365234375,
        "50": -1.5439453125
    },
    "1.pt": {
        "1": -0.8056640625,
        "5": 0.0814208984375,
        "10": -1.38671875,
        "25": -1.7392578125,
        "50": -0.86474609375
    },
    "2.pt": {
        "1": 0.146240234375,
        "5": -0.51708984375,
        "10": -1.162109375,
        "25": -0.08892822265625,
        "50": -0.190673828125
    },
    "3.pt": {
        "1": 0.227294921875,
        "5": -1.3271484375,
        "10": -0.359375,
        "25": -1.3798828125,
        "50": -0.03875732421875
    },
    "4.pt": {
        "1": -0.80859375,
        "5": -0.338623046875,
        "10": -1.1904296875,
        "25": -0.450439453125,
        "50": -0.141845703125
    }
}