{
    "0.pt": {
        "1": -2.2890625,
        "5": -1.234375,
        "10": -1.23828125,
        "25": -1.943359375,
        "50": -0.65380859375
    },
    "1.pt": {
        "1": -1.15625,
        "5": -0.5908203125,
        "10": -0.6123046875,
        "25": -0.291015625,
        "50": -1.7177734375
    },
    "2.pt": {
        "1": -1.453125,
        "5": -0.89306640625,
        "10": -0.34912109375,
        "25": -0.347412109375,
        "50": -1.4853515625
    },
    "3.pt": {
        "1": -2.072265625,
        "5": -0.91796875,
        "10": -1.078125,
        "25": -0.5126953125,
        "50": -0.4208984375
    },
    "4.pt": {
        "1": -1.275390625,
        "5": -0.96533203125,
        "10": -0.44775390625,
        "25": -1.814453125,
        "50": -0.6015625
    }
}