{
    "0.pt": {
        "1": -0.8603515625,
        "5": -0.11761474609375,
        "10": 0.074951171875,
        "25": -0.79443359375,
        "50": -1.271484375
    },
    "1.pt": {
        "1": -1.1015625,
        "5": -1.4130859375,
        "10": -0.5029296875,
        "25": -1.18359375,
        "50": -0.72509765625
    },
    "2.pt": {
        "1": -1.01171875,
        "5": -1.9052734375,
        "10": -1.0849609375,
        "25": -0.96728515625,
        "50": -0.74462890625
    },
    "3.pt": {
        "1": -0.350830078125,
        "5": -1.2314453125,
        "10": -0.87158203125,
        "25": -0.0960693359375,
        "50": -0.77685546875
    },
    "4.pt": {
        "1": -1.2763671875,
        "5": -1.5654296875,
        "10": -1.05078125,
        "25": -1.1796875,
        "50": -1.0400390625
    }
}