{
    "0.pt": {
        "1": -0.87451171875,
        "5": -0.791015625,
        "10": -1.0126953125,
        "25": -1.0771484375,
        "50": -1.2705078125
    },
    "1.pt": {
        "1": -0.59130859375,
        "5": -1.490234375,
        "10": -1.513671875,
        "25": -0.1905517578125,
        "50": -0.9560546875
    },
    "2.pt": {
        "1": -0.7470703125,
        "5": 0.21826171875,
        "10": -0.210205078125,
        "25": -1.33984375,
        "50": -1.1201171875
    },
    "3.pt": {
        "1": -1.1279296875,
        "5": -1.0751953125,
        "10": -0.2177734375,
        "25": -1.3408203125,
        "50": -1.37109375
    },
    "4.pt": {
        "1": -0.59326171875,
        "5": -0.658203125,
        "10": -1.166015625,
        "25": -1.2734375,
        "50": -1.6845703125
    }
}