{
    "0.pt": {
        "1": 0.74072265625,
        "5": -2.3125,
        "10": -0.053955078125,
        "25": -1.60546875,
        "50": -1.1533203125
    },
    "1.pt": {
        "1": -0.7451171875,
        "5": -1.5751953125,
        "10": -1.783203125,
        "25": 0.1895751953125,
        "50": -0.126708984375
    },
    "2.pt": {
        "1": -1.5185546875,
        "5": 0.53271484375,
        "10": -1.4716796875,
        "25": -1.5107421875,
        "50": -0.6171875
    },
    "3.pt": {
        "1": -0.10205078125,
        "5": -0.306396484375,
        "10": -0.69287109375,
        "25": -0.6259765625,
        "50": -1.1259765625
    },
    "4.pt": {
        "1": -0.06640625,
        "5": -0.82666015625,
        "10": -1.8173828125,
        "25": -0.8466796875,
        "50": -0.64697265625
    }
}