{
    "0.pt": {
        "1": -1.8349609375,
        "5": -0.180419921875,
        "10": -0.3759765625,
        "25": 0.146240234375,
        "50": -1.2802734375
    },
    "1.pt": {
        "1": -0.427001953125,
        "5": -0.78564453125,
        "10": -1.4404296875,
        "25": -1.130859375,
        "50": -0.6484375
    },
    "2.pt": {
        "1": -1.888671875,
        "5": -1.7265625,
        "10": -0.68505859375,
        "25": -0.430419921875,
        "50": -0.904296875
    },
    "3.pt": {
        "1": -1.591796875,
        "5": -1.9140625,
        "10": -1.6455078125,
        "25": -1.193359375,
        "50": -1.2353515625
    },
    "4.pt": {
        "1": -1.185546875,
        "5": -0.51025390625,
        "10": -0.8857421875,
        "25": -0.8720703125,
        "50": -0.1650390625
    }
}