{
    "0.pt": {
        "1": -1.65625,
        "5": -1.650390625,
        "10": -1.6435546875,
        "25": -0.31494140625,
        "50": -1.50390625
    },
    "1.pt": {
        "1": -2.4921875,
        "5": -1.681640625,
        "10": -0.802734375,
        "25": -1.2421875,
        "50": -1.775390625
    },
    "2.pt": {
        "1": -1.740234375,
        "5": -0.8310546875,
        "10": -1.2490234375,
        "25": -2.138671875,
        "50": -1.79296875
    },
    "3.pt": {
        "1": -0.68798828125,
        "5": -0.53662109375,
        "10": -1.1318359375,
        "25": -1.3662109375,
        "50": -0.404541015625
    },
    "4.pt": {
        "1": -0.955078125,
        "5": -1.28125,
        "10": -1.1240234375,
        "25": -1.3037109375,
        "50": 0.138427734375
    }
}