{
    "0.pt": {
        "1": -0.489501953125,
        "5": -0.415283203125,
        "10": -1.6220703125,
        "25": 0.05438232421875,
        "50": -0.7080078125
    },
    "1.pt": {
        "1": -0.237060546875,
        "5": -1.712890625,
        "10": -1.525390625,
        "25": -1.5390625,
        "50": -0.705078125
    },
    "2.pt": {
        "1": -1.2275390625,
        "5": -0.284912109375,
        "10": -2.05859375,
        "25": -1.0478515625,
        "50": -1.236328125
    },
    "3.pt": {
        "1": -0.62158203125,
        "5": -0.248291015625,
        "10": -1.291015625,
        "25": -2.09765625,
        "50": -1.4873046875
    },
    "4.pt": {
        "1": -1.904296875,
        "5": -1.099609375,
        "10": -1.2998046875,
        "25": -1.7412109375,
        "50": -1.4248046875
    }
}