{
    "0.pt": {
        "1": -1.537109375,
        "5": -1.9111328125,
        "10": -0.57470703125,
        "25": -1.3994140625,
        "50": -0.99609375
    },
    "1.pt": {
        "1": -1.9208984375,
        "5": -1.34375,
        "10": -0.2220458984375,
        "25": -1.3662109375,
        "50": -0.78125
    },
    "2.pt": {
        "1": -1.6435546875,
        "5": -0.7451171875,
        "10": -1.560546875,
        "25": -1.853515625,
        "50": -0.95166015625
    },
    "3.pt": {
        "1": -1.3330078125,
        "5": -0.53173828125,
        "10": -1.275390625,
        "25": -0.978515625,
        "50": -1.3642578125
    },
    "4.pt": {
        "1": -0.38134765625,
        "5": -1.7333984375,
        "10": -1.478515625,
        "25": -1.4599609375,
        "50": -2.111328125
    }
}