{
    "0.pt": {
        "1": -0.2274169921875,
        "5": -0.493408203125,
        "10": -1.859375,
        "25": -1.6943359375,
        "50": -1.1748046875
    },
    "1.pt": {
        "1": -1.025390625,
        "5": -1.8642578125,
        "10": -1.134765625,
        "25": -0.70068359375,
        "50": -2.560546875
    },
    "2.pt": {
        "1": -0.56884765625,
        "5": -1.59375,
        "10": -1.42578125,
        "25": -1.0927734375,
        "50": -1.05078125
    },
    "3.pt": {
        "1": -1.658203125,
        "5": -1.654296875,
        "10": -1.7099609375,
        "25": -1.27734375,
        "50": -0.646484375
    },
    "4.pt": {
        "1": -0.51171875,
        "5": -1.380859375,
        "10": -0.27490234375,
        "25": -0.9716796875,
        "50": -0.84228515625
    }
}