{
    "0.pt": {
        "1": -1.21875,
        "5": -1.44140625,
        "10": -0.72705078125,
        "25": -1.0615234375,
        "50": -1.4052734375
    },
    "1.pt": {
        "1": -0.172119140625,
        "5": -1.6435546875,
        "10": -1.935546875,
        "25": -2.236328125,
        "50": -0.95849609375
    },
    "2.pt": {
        "1": -1.521484375,
        "5": -0.666015625,
        "10": -2.130859375,
        "25": -1.23046875,
        "50": -1.576171875
    },
    "3.pt": {
        "1": -0.158447265625,
        "5": -1.0947265625,
        "10": -2.189453125,
        "25": -0.8173828125,
        "50": -1.197265625
    },
    "4.pt": {
        "1": -0.99951171875,
        "5": -1.8828125,
        "10": -1.53125,
        "25": -0.890625,
        "50": -1.6357421875
    }
}