{
    "0.pt": {
        "1": -0.45263671875,
        "5": -0.46337890625,
        "10": -0.47265625,
        "25": -1.50390625,
        "50": -1.1708984375
    },
    "1.pt": {
        "1": 0.28173828125,
        "5": -1.767578125,
        "10": -1.5361328125,
        "25": -0.230712890625,
        "50": -1.052734375
    },
    "2.pt": {
        "1": -2.220703125,
        "5": -0.8525390625,
        "10": -1.111328125,
        "25": -0.7548828125,
        "50": -0.493408203125
    },
    "3.pt": {
        "1": -1.4931640625,
        "5": 0.1134033203125,
        "10": -0.5849609375,
        "25": -1.296875,
        "50": -1.8818359375
    },
    "4.pt": {
        "1": -2.283203125,
        "5": -1.2919921875,
        "10": -1.43359375,
        "25": -1.173828125,
        "50": -0.59033203125
    }
}