{
    "0.pt": {
        "1": -1.212890625,
        "5": -0.260009765625,
        "10": -1.310546875,
        "25": -1.0322265625,
        "50": -0.53369140625
    },
    "1.pt": {
        "1": -1.1484375,
        "5": -1.58203125,
        "10": -1.1630859375,
        "25": -1.3154296875,
        "50": -0.5048828125
    },
    "2.pt": {
        "1": -0.8388671875,
        "5": -1.5322265625,
        "10": 0.1217041015625,
        "25": -1.2255859375,
        "50": -0.88232421875
    },
    "3.pt": {
        "1": -1.7802734375,
        "5": 0.1353759765625,
        "10": -1.564453125,
        "25": -1.5478515625,
        "50": -0.77197265625
    },
    "4.pt": {
        "1": -1.20703125,
        "5": -0.978515625,
        "10": -1.146484375,
        "25": -0.07135009765625,
        "50": -0.59228515625
    }
}