{
    "0.pt": {
        "1": -0.08624267578125,
        "5": 0.09393310546875,
        "10": -0.2205810546875,
        "25": -0.9736328125,
        "50": -1.0166015625
    },
    "1.pt": {
        "1": 0.200927734375,
        "5": -1.822265625,
        "10": -0.27001953125,
        "25": -0.76904296875,
        "50": -1.9677734375
    },
    "2.pt": {
        "1": -1.02734375,
        "5": -2.013671875,
        "10": -1.1103515625,
        "25": -0.21337890625,
        "50": -0.96337890625
    },
    "3.pt": {
        "1": -0.012237548828125,
        "5": -0.52490234375,
        "10": -1.05078125,
        "25": -0.8193359375,
        "50": -1.765625
    },
    "4.pt": {
        "1": -2.30078125,
        "5": -0.5517578125,
        "10": -1.5185546875,
        "25": -0.8056640625,
        "50": -1.5703125
    }
}