{
    "0.pt": {
        "1": -1.6103515625,
        "5": -0.7392578125,
        "10": -0.360107421875,
        "25": -1.8515625,
        "50": -1.0615234375
    },
    "1.pt": {
        "1": -2.044921875,
        "5": -1.357421875,
        "10": 0.1739501953125,
        "25": -1.509765625,
        "50": -1.10546875
    },
    "2.pt": {
        "1": -1.16796875,
        "5": -0.7529296875,
        "10": -0.564453125,
        "25": -1.451171875,
        "50": -0.92431640625
    },
    "3.pt": {
        "1": -0.93701171875,
        "5": -0.8779296875,
        "10": -0.4130859375,
        "25": -0.6806640625,
        "50": -1.6298828125
    },
    "4.pt": {
        "1": -1.328125,
        "5": -1.228515625,
        "10": -1.4814453125,
        "25": -0.1680908203125,
        "50": -0.3955078125
    }
}