{
    "0.pt": {
        "1": -1.912109375,
        "5": -1.662109375,
        "10": -1.6572265625,
        "25": 0.10504150390625,
        "50": -0.884765625
    },
    "1.pt": {
        "1": -1.369140625,
        "5": -0.277587890625,
        "10": -0.364990234375,
        "25": -1.67578125,
        "50": -0.034515380859375
    },
    "2.pt": {
        "1": -0.71630859375,
        "5": -0.425048828125,
        "10": -1.052734375,
        "25": -0.8994140625,
        "50": -0.412841796875
    },
    "3.pt": {
        "1": -1.4169921875,
        "5": -1.1279296875,
        "10": -0.031951904296875,
        "25": -1.1416015625,
        "50": -1.0947265625
    },
    "4.pt": {
        "1": -2.25,
        "5": -1.74609375,
        "10": -2.0625,
        "25": 0.00336456298828125,
        "50": -1.9873046875
    }
}