{
    "0.pt": {
        "1": -1.7314453125,
        "5": -0.41943359375,
        "10": -1.0068359375,
        "25": 0.004634857177734375,
        "50": -2.099609375
    },
    "1.pt": {
        "1": -1.017578125,
        "5": -0.395751953125,
        "10": -0.3193359375,
        "25": -1.2119140625,
        "50": -1.34765625
    },
    "2.pt": {
        "1": -0.7080078125,
        "5": -0.6630859375,
        "10": -0.880859375,
        "25": -1.8388671875,
        "50": -0.3486328125
    },
    "3.pt": {
        "1": -0.04974365234375,
        "5": -1.6865234375,
        "10": -1.37890625,
        "25": -1.1728515625,
        "50": -0.859375
    },
    "4.pt": {
        "1": -0.86376953125,
        "5": -1.3798828125,
        "10": -0.7958984375,
        "25": 0.102294921875,
        "50": -1.2802734375
    }
}