{
    "0.pt": {
        "1": -0.424560546875,
        "5": -1.033203125,
        "10": -0.93505859375,
        "25": -1.7275390625,
        "50": -1.267578125
    },
    "1.pt": {
        "1": -0.662109375,
        "5": -2.21484375,
        "10": -1.0546875,
        "25": -0.338623046875,
        "50": -0.96044921875
    },
    "2.pt": {
        "1": -1.4287109375,
        "5": -0.5390625,
        "10": -2.234375,
        "25": -1.0078125,
        "50": -0.63916015625
    },
    "3.pt": {
        "1": -0.88916015625,
        "5": -1.5498046875,
        "10": -1.1533203125,
        "25": -0.56103515625,
        "50": -1.2744140625
    },
    "4.pt": {
        "1": -0.982421875,
        "5": -0.482421875,
        "10": -1.6640625,
        "25": -1.6357421875,
        "50": -0.96533203125
    }
}