{
    "0.pt": {
        "1": -1.6728515625,
        "5": -0.8984375,
        "10": -1.9287109375,
        "25": -1.390625,
        "50": -2.26171875
    },
    "1.pt": {
        "1": -0.595703125,
        "5": -1.9296875,
        "10": -0.9423828125,
        "25": -1.5341796875,
        "50": -1.28125
    },
    "2.pt": {
        "1": -1.2939453125,
        "5": -2.052734375,
        "10": -1.240234375,
        "25": -2.076171875,
        "50": -0.197998046875
    },
    "3.pt": {
        "1": -1.8525390625,
        "5": -0.693359375,
        "10": -1.2119140625,
        "25": -1.994140625,
        "50": -1.75390625
    },
    "4.pt": {
        "1": -2.0859375,
        "5": -1.3701171875,
        "10": -1.375,
        "25": -1.5546875,
        "50": -1.0283203125
    }
}