{
    "0.pt": {
        "1": -1.0693359375,
        "5": -1.337890625,
        "10": -0.2783203125,
        "25": -0.2027587890625,
        "50": -1.6005859375
    },
    "1.pt": {
        "1": -0.66357421875,
        "5": -2.26953125,
        "10": -1.7001953125,
        "25": -1.48828125,
        "50": -0.407958984375
    },
    "2.pt": {
        "1": -0.806640625,
        "5": -0.1279296875,
        "10": -0.391845703125,
        "25": -2.017578125,
        "50": -1.42578125
    },
    "3.pt": {
        "1": -2.126953125,
        "5": -0.75732421875,
        "10": -1.236328125,
        "25": 0.3154296875,
        "50": -1.416015625
    },
    "4.pt": {
        "1": -1.5625,
        "5": -2.126953125,
        "10": -0.366943359375,
        "25": -1.423828125,
        "50": -1.55078125
    }
}