{
    "0.pt": {
        "1": -1.08203125,
        "5": -1.76953125,
        "10": -0.56298828125,
        "25": -0.7626953125,
        "50": -0.172119140625
    },
    "1.pt": {
        "1": -0.97900390625,
        "5": -1.8603515625,
        "10": -0.802734375,
        "25": -0.8388671875,
        "50": -0.318359375
    },
    "2.pt": {
        "1": -0.7490234375,
        "5": -1.150390625,
        "10": -1.59765625,
        "25": -1.818359375,
        "50": -0.2479248046875
    },
    "3.pt": {
        "1": -0.50390625,
        "5": -0.7783203125,
        "10": 0.27880859375,
        "25": -1.6640625,
        "50": -0.488037109375
    },
    "4.pt": {
        "1": -0.172607421875,
        "5": -1.8154296875,
        "10": -0.533203125,
        "25": -1.2822265625,
        "50": -1.234375
    }
}