{
    "0.pt": {
        "1": -1.1416015625,
        "5": -0.92138671875,
        "10": -2.0390625,
        "25": -0.63671875,
        "50": -0.8935546875
    },
    "1.pt": {
        "1": -1.26171875,
        "5": -0.457763671875,
        "10": -0.147705078125,
        "25": -1.3720703125,
        "50": -0.367431640625
    },
    "2.pt": {
        "1": -0.97412109375,
        "5": -0.615234375,
        "10": -1.599609375,
        "25": -1.4921875,
        "50": -0.681640625
    },
    "3.pt": {
        "1": -0.798828125,
        "5": -0.62744140625,
        "10": -0.0283203125,
        "25": -1.15625,
        "50": -1.3369140625
    },
    "4.pt": {
        "1": -0.4697265625,
        "5": -0.1910400390625,
        "10": -0.383056640625,
        "25": -0.433349609375,
        "50": -0.0159912109375
    }
}