{
    "0.pt": {
        "1": -2.109375,
        "5": -1.4794921875,
        "10": -1.4267578125,
        "25": -1.421875,
        "50": -1.533203125
    },
    "1.pt": {
        "1": 0.15283203125,
        "5": -1.7001953125,
        "10": -0.92529296875,
        "25": -0.9736328125,
        "50": -0.4375
    },
    "2.pt": {
        "1": -1.2021484375,
        "5": -0.73828125,
        "10": -1.3916015625,
        "25": -1.369140625,
        "50": -1.0751953125
    },
    "3.pt": {
        "1": -1.673828125,
        "5": -1.5625,
        "10": -2.2578125,
        "25": -0.35498046875,
        "50": -0.8681640625
    },
    "4.pt": {
        "1": -1.181640625,
        "5": -2.439453125,
        "10": -1.8388671875,
        "25": -0.630859375,
        "50": -1.6318359375
    }
}