{
    "0.pt": {
        "1": -1.8203125,
        "5": -1.2998046875,
        "10": -0.220458984375,
        "25": -1.96484375,
        "50": -1.0341796875
    },
    "1.pt": {
        "1": -0.254150390625,
        "5": 0.1978759765625,
        "10": -0.7421875,
        "25": -0.2783203125,
        "50": -0.5947265625
    },
    "2.pt": {
        "1": -1.48828125,
        "5": -1.572265625,
        "10": -1.4765625,
        "25": -0.6787109375,
        "50": -1.466796875
    },
    "3.pt": {
        "1": -0.313232421875,
        "5": -0.7470703125,
        "10": -0.84912109375,
        "25": -0.409912109375,
        "50": -1.458984375
    },
    "4.pt": {
        "1": -1.6171875,
        "5": -0.298095703125,
        "10": -1.0673828125,
        "25": -1.8046875,
        "50": -1.283203125
    }
}