{
    "0.pt": {
        "1": -0.046051025390625,
        "5": -1.4638671875,
        "10": -2.01171875,
        "25": -0.7451171875,
        "50": -0.97265625
    },
    "1.pt": {
        "1": -0.80078125,
        "5": -2.5,
        "10": -1.4189453125,
        "25": -1.01171875,
        "50": -1.0185546875
    },
    "2.pt": {
        "1": -0.78955078125,
        "5": -0.77978515625,
        "10": -1.361328125,
        "25": -0.1075439453125,
        "50": -0.362060546875
    },
    "3.pt": {
        "1": -0.447998046875,
        "5": -0.29248046875,
        "10": -0.271728515625,
        "25": -0.8251953125,
        "50": -1.486328125
    },
    "4.pt": {
        "1": -1.3466796875,
        "5": -2.484375,
        "10": -1.62109375,
        "25": -0.9423828125,
        "50": -1.265625
    }
}