{
    "0.pt": {
        "1": -0.2061767578125,
        "5": -0.435302734375,
        "10": -1.3759765625,
        "25": 0.51318359375,
        "50": -1.41796875
    },
    "1.pt": {
        "1": -1.451171875,
        "5": -1.0615234375,
        "10": -0.133056640625,
        "25": -0.541015625,
        "50": -0.5458984375
    },
    "2.pt": {
        "1": -1.455078125,
        "5": -0.974609375,
        "10": -0.71923828125,
        "25": -1.6845703125,
        "50": 0.25341796875
    },
    "3.pt": {
        "1": -0.6640625,
        "5": -0.33154296875,
        "10": -0.54150390625,
        "25": 0.083740234375,
        "50": -1.6015625
    },
    "4.pt": {
        "1": -0.7138671875,
        "5": -0.1488037109375,
        "10": -0.52880859375,
        "25": 0.1878662109375,
        "50": -1.072265625
    }
}