{
    "0.pt": {
        "1": -0.93017578125,
        "5": -2.0234375,
        "10": -0.048858642578125,
        "25": -0.45166015625,
        "50": -1.193359375
    },
    "1.pt": {
        "1": -1.4619140625,
        "5": -1.30078125,
        "10": -1.212890625,
        "25": -1.6953125,
        "50": -0.2489013671875
    },
    "2.pt": {
        "1": -2.32421875,
        "5": -1.443359375,
        "10": -0.1278076171875,
        "25": -0.459228515625,
        "50": -0.8115234375
    },
    "3.pt": {
        "1": -1.0791015625,
        "5": -1.2744140625,
        "10": -1.470703125,
        "25": -2.265625,
        "50": -1.87890625
    },
    "4.pt": {
        "1": 0.27978515625,
        "5": -1.7333984375,
        "10": -1.3349609375,
        "25": -2.01953125,
        "50": -2.248046875
    }
}