{
    "0.pt": {
        "1": -1.373046875,
        "5": -2.060546875,
        "10": -0.8818359375,
        "25": -1.49609375,
        "50": 0.01270294189453125
    },
    "1.pt": {
        "1": -0.96142578125,
        "5": -0.3486328125,
        "10": -0.64599609375,
        "25": -1.05859375,
        "50": -1.6025390625
    },
    "2.pt": {
        "1": -1.330078125,
        "5": -0.93017578125,
        "10": -1.236328125,
        "25": -1.6455078125,
        "50": -0.357177734375
    },
    "3.pt": {
        "1": -0.908203125,
        "5": -1.984375,
        "10": -1.49609375,
        "25": -0.5625,
        "50": -0.5146484375
    },
    "4.pt": {
        "1": -1.8134765625,
        "5": -0.199951171875,
        "10": -0.216064453125,
        "25": -0.82421875,
        "50": -1.529296875
    }
}