{
    "0.pt": {
        "1": -2.08984375,
        "5": -1.525390625,
        "10": -0.058929443359375,
        "25": -1.66015625,
        "50": -1.15625
    },
    "1.pt": {
        "1": -1.20703125,
        "5": -1.4970703125,
        "10": -0.65576171875,
        "25": -1.193359375,
        "50": -1.373046875
    },
    "2.pt": {
        "1": -0.8408203125,
        "5": -1.5263671875,
        "10": -0.7236328125,
        "25": -1.109375,
        "50": -1.2880859375
    },
    "3.pt": {
        "1": -1.6240234375,
        "5": -1.0908203125,
        "10": -1.216796875,
        "25": -1.8544921875,
        "50": -0.9765625
    },
    "4.pt": {
        "1": -0.49462890625,
        "5": -1.166015625,
        "10": -0.88134765625,
        "25": -1.396484375,
        "50": -1.44921875
    }
}