{
    "0.pt": {
        "1": -1.6943359375,
        "5": -1.0205078125,
        "10": -1.986328125,
        "25": -1.15234375,
        "50": -0.99169921875
    },
    "1.pt": {
        "1": -0.497802734375,
        "5": -2.341796875,
        "10": -1.3876953125,
        "25": -0.59130859375,
        "50": -1.810546875
    },
    "2.pt": {
        "1": -0.7578125,
        "5": -0.41845703125,
        "10": -1.55859375,
        "25": -1.4638671875,
        "50": -0.73486328125
    },
    "3.pt": {
        "1": -0.6435546875,
        "5": -0.83251953125,
        "10": -1.2880859375,
        "25": -0.765625,
        "50": -1.580078125
    },
    "4.pt": {
        "1": -1.5810546875,
        "5": -1.3408203125,
        "10": -0.378662109375,
        "25": -0.62744140625,
        "50": -0.81591796875
    }
}