{
    "0.pt": {
        "1": -1.236328125,
        "5": -1.3681640625,
        "10": -1.1083984375,
        "25": -1.1328125,
        "50": -1.3681640625
    },
    "1.pt": {
        "1": -1.501953125,
        "5": -0.460693359375,
        "10": 0.06976318359375,
        "25": -1.8232421875,
        "50": -0.345947265625
    },
    "2.pt": {
        "1": -0.99560546875,
        "5": -1.4931640625,
        "10": -1.53125,
        "25": -1.486328125,
        "50": -0.22802734375
    },
    "3.pt": {
        "1": -1.341796875,
        "5": -0.55078125,
        "10": -1.2109375,
        "25": -1.2021484375,
        "50": -1.2802734375
    },
    "4.pt": {
        "1": -1.703125,
        "5": -0.018341064453125,
        "10": -0.2298583984375,
        "25": -1.212890625,
        "50": -1.171875
    }
}