{
    "0.pt": {
        "1": 0.23193359375,
        "5": -0.611328125,
        "10": -1.37109375,
        "25": -1.1142578125,
        "50": 0.6982421875
    },
    "1.pt": {
        "1": -1.357421875,
        "5": -1.568359375,
        "10": -1.5166015625,
        "25": -2.00390625,
        "50": -0.316162109375
    },
    "2.pt": {
        "1": -1.12109375,
        "5": -0.64697265625,
        "10": -1.6953125,
        "25": -1.1826171875,
        "50": -0.1114501953125
    },
    "3.pt": {
        "1": -0.2578125,
        "5": -0.38623046875,
        "10": -1.3564453125,
        "25": -1.505859375,
        "50": -1.86328125
    },
    "4.pt": {
        "1": 0.175537109375,
        "5": -0.9658203125,
        "10": -0.67626953125,
        "25": 0.037322998046875,
        "50": -1.9609375
    }
}