{
    "0.pt": {
        "1": -1.2919921875,
        "5": -0.8408203125,
        "10": -0.82763671875,
        "25": -0.6162109375,
        "50": -0.461181640625
    },
    "1.pt": {
        "1": -0.272216796875,
        "5": -1.26171875,
        "10": -1.517578125,
        "25": -0.16064453125,
        "50": 0.37109375
    },
    "2.pt": {
        "1": -1.642578125,
        "5": -2.228515625,
        "10": -1.15625,
        "25": -2.10546875,
        "50": -0.564453125
    },
    "3.pt": {
        "1": -0.96142578125,
        "5": -1.0751953125,
        "10": -1.5732421875,
        "25": -1.279296875,
        "50": -0.384033203125
    },
    "4.pt": {
        "1": -1.8671875,
        "5": -0.873046875,
        "10": -0.79541015625,
        "25": -1.4443359375,
        "50": -1.7626953125
    }
}