{
    "0.pt": {
        "1": -2.078125,
        "5": -0.191162109375,
        "10": -1.208984375,
        "25": -1.8740234375,
        "50": -1.099609375
    },
    "1.pt": {
        "1": -0.99658203125,
        "5": -0.6875,
        "10": -0.449951171875,
        "25": -0.40185546875,
        "50": -0.5986328125
    },
    "2.pt": {
        "1": -1.36328125,
        "5": -1.857421875,
        "10": -2.455078125,
        "25": -0.1051025390625,
        "50": -1.427734375
    },
    "3.pt": {
        "1": -1.759765625,
        "5": -2.11328125,
        "10": -2.091796875,
        "25": -1.6767578125,
        "50": -1.5087890625
    },
    "4.pt": {
        "1": -0.9443359375,
        "5": -1.3076171875,
        "10": -1.419921875,
        "25": -0.8232421875,
        "50": -1.6103515625
    }
}