{
    "0.pt": {
        "1": 0.9296875,
        "5": -0.45166015625,
        "10": -1.4541015625,
        "25": -1.4541015625,
        "50": -0.413818359375
    },
    "1.pt": {
        "1": -1.0400390625,
        "5": -0.52197265625,
        "10": -0.79833984375,
        "25": -2.142578125,
        "50": -1.50390625
    },
    "2.pt": {
        "1": -0.77392578125,
        "5": -1.009765625,
        "10": -1.6171875,
        "25": -1.216796875,
        "50": -1.81640625
    },
    "3.pt": {
        "1": -1.236328125,
        "5": -0.9580078125,
        "10": -0.64306640625,
        "25": -1.4677734375,
        "50": -1.2041015625
    },
    "4.pt": {
        "1": -0.63671875,
        "5": -1.724609375,
        "10": -1.3212890625,
        "25": -0.34033203125,
        "50": -1.044921875
    }
}