{
    "0.pt": {
        "1": -0.192138671875,
        "5": -1.5,
        "10": -1.873046875,
        "25": -2.201171875,
        "50": -1.205078125
    },
    "1.pt": {
        "1": -1.931640625,
        "5": -0.27587890625,
        "10": -1.8359375,
        "25": -0.5908203125,
        "50": -0.6806640625
    },
    "2.pt": {
        "1": -1.240234375,
        "5": -0.7314453125,
        "10": -1.703125,
        "25": -1.6015625,
        "50": -1.6923828125
    },
    "3.pt": {
        "1": -1.1396484375,
        "5": -0.4736328125,
        "10": -0.857421875,
        "25": -0.271240234375,
        "50": -0.88427734375
    },
    "4.pt": {
        "1": -0.98046875,
        "5": -1.41015625,
        "10": -1.4345703125,
        "25": -2.1953125,
        "50": -1.876953125
    }
}