{
    "0.pt": {
        "1": -1.1533203125,
        "5": 0.07781982421875,
        "10": -0.8330078125,
        "25": -0.849609375,
        "50": -0.8115234375
    },
    "1.pt": {
        "1": -1.4462890625,
        "5": -0.047393798828125,
        "10": -0.56982421875,
        "25": -0.85498046875,
        "50": -1.6025390625
    },
    "2.pt": {
        "1": -0.184326171875,
        "5": -0.8193359375,
        "10": -1.3525390625,
        "25": -0.081787109375,
        "50": -0.445556640625
    },
    "3.pt": {
        "1": 0.256591796875,
        "5": -1.3916015625,
        "10": -1.125,
        "25": -0.80126953125,
        "50": -1.5712890625
    },
    "4.pt": {
        "1": -0.016082763671875,
        "5": -1.5546875,
        "10": -0.7109375,
        "25": -1.8046875,
        "50": -1.736328125
    }
}