{
    "0.pt": {
        "1": -1.822265625,
        "5": -0.93798828125,
        "10": -1.494140625,
        "25": -1.29296875,
        "50": -1.90625
    },
    "1.pt": {
        "1": 0.2366943359375,
        "5": -1.5419921875,
        "10": -1.771484375,
        "25": -1.1826171875,
        "50": -0.373779296875
    },
    "2.pt": {
        "1": -1.0068359375,
        "5": -0.5341796875,
        "10": -1.33203125,
        "25": -0.93359375,
        "50": -0.9599609375
    },
    "3.pt": {
        "1": -0.99267578125,
        "5": -1.591796875,
        "10": -1.08203125,
        "25": -0.1552734375,
        "50": -0.85595703125
    },
    "4.pt": {
        "1": -1.3994140625,
        "5": -0.9912109375,
        "10": -1.5732421875,
        "25": -0.72509765625,
        "50": -1.5205078125
    }
}