{
    "0.pt": {
        "1": -0.66796875,
        "5": -1.5986328125,
        "10": -0.1563720703125,
        "25": -2.203125,
        "50": -1.5205078125
    },
    "1.pt": {
        "1": -0.90380859375,
        "5": 0.08319091796875,
        "10": -2.13671875,
        "25": -1.6806640625,
        "50": -0.654296875
    },
    "2.pt": {
        "1": -1.1298828125,
        "5": -0.66943359375,
        "10": -1.408203125,
        "25": -0.91455078125,
        "50": -1.1435546875
    },
    "3.pt": {
        "1": 0.5390625,
        "5": -0.7626953125,
        "10": -1.7783203125,
        "25": -0.59033203125,
        "50": -0.99951171875
    },
    "4.pt": {
        "1": -2.16015625,
        "5": 0.20849609375,
        "10": -1.8681640625,
        "25": -1.0361328125,
        "50": -0.87255859375
    }
}