{
    "0.pt": {
        "1": -0.7880859375,
        "5": -0.86181640625,
        "10": -1.5615234375,
        "25": -1.5166015625,
        "50": -0.492431640625
    },
    "1.pt": {
        "1": -1.46875,
        "5": -1.1494140625,
        "10": -1.91015625,
        "25": -1.830078125,
        "50": -1.2236328125
    },
    "2.pt": {
        "1": -1.44921875,
        "5": -1.5029296875,
        "10": -1.4609375,
        "25": 0.38232421875,
        "50": -1.1396484375
    },
    "3.pt": {
        "1": -0.35107421875,
        "5": -1.3359375,
        "10": -1.30859375,
        "25": 0.83349609375,
        "50": -0.89501953125
    },
    "4.pt": {
        "1": -0.64501953125,
        "5": -1.955078125,
        "10": -0.292236328125,
        "25": -1.1552734375,
        "50": -0.29638671875
    }
}