{
    "0.pt": {
        "1": -0.8515625,
        "5": -1.435546875,
        "10": -0.80908203125,
        "25": -0.64892578125,
        "50": -1.0615234375
    },
    "1.pt": {
        "1": -1.5947265625,
        "5": -1.8232421875,
        "10": -0.7626953125,
        "25": -1.4150390625,
        "50": -0.8759765625
    },
    "2.pt": {
        "1": -0.08209228515625,
        "5": -0.7802734375,
        "10": 0.0253753662109375,
        "25": -1.1279296875,
        "50": -1.6943359375
    },
    "3.pt": {
        "1": -1.232421875,
        "5": -1.001953125,
        "10": -1.833984375,
        "25": -1.701171875,
        "50": -1.7724609375
    },
    "4.pt": {
        "1": -1.6201171875,
        "5": -0.445068359375,
        "10": -0.90576171875,
        "25": -0.4501953125,
        "50": -0.52001953125
    }
}