{
    "0.pt": {
        "1": -0.95556640625,
        "5": -1.76953125,
        "10": -1.345703125,
        "25": -1.400390625,
        "50": -2.009765625
    },
    "1.pt": {
        "1": -0.80712890625,
        "5": 0.6689453125,
        "10": -0.85205078125,
        "25": -0.1790771484375,
        "50": -1.48046875
    },
    "2.pt": {
        "1": -1.3330078125,
        "5": -0.57080078125,
        "10": -1.41015625,
        "25": -1.24609375,
        "50": -1.6611328125
    },
    "3.pt": {
        "1": -0.67041015625,
        "5": -0.060546875,
        "10": -1.5625,
        "25": -0.5048828125,
        "50": -0.982421875
    },
    "4.pt": {
        "1": -1.544921875,
        "5": -1.01953125,
        "10": -1.103515625,
        "25": -1.1865234375,
        "50": -1.2646484375
    }
}