{
    "0.pt": {
        "1": -1.33984375,
        "5": -2.119140625,
        "10": -0.376220703125,
        "25": -1.3056640625,
        "50": -0.220458984375
    },
    "1.pt": {
        "1": -0.525390625,
        "5": -0.62939453125,
        "10": -1.67578125,
        "25": -0.82666015625,
        "50": -0.62548828125
    },
    "2.pt": {
        "1": -1.951171875,
        "5": -0.89111328125,
        "10": -2.02734375,
        "25": 0.2403564453125,
        "50": -1.962890625
    },
    "3.pt": {
        "1": -1.583984375,
        "5": -1.8125,
        "10": 0.10736083984375,
        "25": -0.26806640625,
        "50": 0.1505126953125
    },
    "4.pt": {
        "1": 0.11907958984375,
        "5": -1.353515625,
        "10": -1.857421875,
        "25": -0.61279296875,
        "50": -0.68994140625
    }
}