{
    "0.pt": {
        "1": -1.369140625,
        "5": -0.9970703125,
        "10": -1.59375,
        "25": -1.849609375,
        "50": -1.4462890625
    },
    "1.pt": {
        "1": -0.1478271484375,
        "5": -1.8466796875,
        "10": -0.426513671875,
        "25": -2.142578125,
        "50": -0.01611328125
    },
    "2.pt": {
        "1": -0.5048828125,
        "5": -1.5576171875,
        "10": -0.3125,
        "25": -0.15087890625,
        "50": -1.427734375
    },
    "3.pt": {
        "1": -0.8212890625,
        "5": -1.849609375,
        "10": -1.4150390625,
        "25": -1.80078125,
        "50": -0.309326171875
    },
    "4.pt": {
        "1": -0.04449462890625,
        "5": -0.9365234375,
        "10": -0.919921875,
        "25": -1.0625,
        "50": -1.2353515625
    }
}