{
    "0.pt": {
        "1": -0.7041015625,
        "5": -1.0517578125,
        "10": -0.58544921875,
        "25": -0.75341796875,
        "50": -1.251953125
    },
    "1.pt": {
        "1": -0.60693359375,
        "5": -1.462890625,
        "10": 0.51123046875,
        "25": -1.3837890625,
        "50": -0.336669921875
    },
    "2.pt": {
        "1": -1.6376953125,
        "5": -1.34765625,
        "10": -2.248046875,
        "25": -1.462890625,
        "50": -1.1572265625
    },
    "3.pt": {
        "1": 0.2325439453125,
        "5": -0.88232421875,
        "10": -0.284423828125,
        "25": -0.7978515625,
        "50": 0.299072265625
    },
    "4.pt": {
        "1": -0.024261474609375,
        "5": -1.9580078125,
        "10": 0.061248779296875,
        "25": -0.236572265625,
        "50": -1.462890625
    }
}