{
    "0.pt": {
        "1": -0.195068359375,
        "5": -0.791015625,
        "10": -0.180908203125,
        "25": -1.90234375,
        "50": -1.025390625
    },
    "1.pt": {
        "1": -1.2177734375,
        "5": -1.986328125,
        "10": -1.6171875,
        "25": -1.5908203125,
        "50": 0.31884765625
    },
    "2.pt": {
        "1": -0.8671875,
        "5": -1.2529296875,
        "10": -0.9267578125,
        "25": -0.2296142578125,
        "50": -2.025390625
    },
    "3.pt": {
        "1": -1.658203125,
        "5": -1.265625,
        "10": -1.5263671875,
        "25": -1.3505859375,
        "50": -1.64453125
    },
    "4.pt": {
        "1": -0.1959228515625,
        "5": -0.23095703125,
        "10": -1.2646484375,
        "25": -1.1005859375,
        "50": -2.138671875
    }
}