{
    "0.pt": {
        "1": -0.56982421875,
        "5": -0.76806640625,
        "10": -0.381103515625,
        "25": -1.25390625,
        "50": 0.08984375
    },
    "1.pt": {
        "1": -0.06414794921875,
        "5": -1.640625,
        "10": -1.060546875,
        "25": -0.434326171875,
        "50": -0.69775390625
    },
    "2.pt": {
        "1": -0.86181640625,
        "5": -0.3798828125,
        "10": -1.3046875,
        "25": -1.20703125,
        "50": -0.85791015625
    },
    "3.pt": {
        "1": -1.0517578125,
        "5": -0.62744140625,
        "10": -1.0166015625,
        "25": -1.5185546875,
        "50": -1.1396484375
    },
    "4.pt": {
        "1": -0.90576171875,
        "5": -1.349609375,
        "10": -1.2451171875,
        "25": -1.9892578125,
        "50": -0.71923828125
    }
}