{
    "0.pt": {
        "1": -0.93115234375,
        "5": -1.4404296875,
        "10": -1.298828125,
        "25": -1.501953125,
        "50": -0.59619140625
    },
    "1.pt": {
        "1": -0.640625,
        "5": -1.5126953125,
        "10": -1.6767578125,
        "25": -0.77197265625,
        "50": -1.1826171875
    },
    "2.pt": {
        "1": -2.076171875,
        "5": -0.89599609375,
        "10": -1.486328125,
        "25": -0.99365234375,
        "50": 0.50830078125
    },
    "3.pt": {
        "1": -0.623046875,
        "5": -0.09307861328125,
        "10": -0.51611328125,
        "25": -1.2578125,
        "50": -0.0230712890625
    },
    "4.pt": {
        "1": -1.0419921875,
        "5": -1.7294921875,
        "10": -0.712890625,
        "25": -1.630859375,
        "50": -0.33203125
    }
}