{
    "0.pt": {
        "1": -0.478759765625,
        "5": -0.1051025390625,
        "10": -1.1298828125,
        "25": -2.1328125,
        "50": -0.447021484375
    },
    "1.pt": {
        "1": -0.78076171875,
        "5": -1.8330078125,
        "10": -0.45556640625,
        "25": -1.8447265625,
        "50": 0.005672454833984375
    },
    "2.pt": {
        "1": -2.31640625,
        "5": -0.474365234375,
        "10": 0.2073974609375,
        "25": -0.489990234375,
        "50": -1.2216796875
    },
    "3.pt": {
        "1": -0.63525390625,
        "5": -0.383056640625,
        "10": -0.418212890625,
        "25": -0.365478515625,
        "50": -0.9365234375
    },
    "4.pt": {
        "1": -1.4560546875,
        "5": 0.032196044921875,
        "10": -1.1923828125,
        "25": -0.3759765625,
        "50": -0.5322265625
    }
}