{
    "0.pt": {
        "1": -0.48046875,
        "5": -0.671875,
        "10": -0.6298828125,
        "25": -1.6328125,
        "50": -1.4609375
    },
    "1.pt": {
        "1": -1.51953125,
        "5": -1.61328125,
        "10": -1.8056640625,
        "25": -0.127197265625,
        "50": -1.6953125
    },
    "2.pt": {
        "1": -1.4169921875,
        "5": -1.09375,
        "10": -0.6220703125,
        "25": -1.583984375,
        "50": -0.93896484375
    },
    "3.pt": {
        "1": -0.822265625,
        "5": -0.383544921875,
        "10": -0.002620697021484375,
        "25": -0.416015625,
        "50": -0.1004638671875
    },
    "4.pt": {
        "1": -0.94091796875,
        "5": 0.52392578125,
        "10": 0.0240936279296875,
        "25": -1.7705078125,
        "50": -0.65087890625
    }
}