{
    "0.pt": {
        "1": -0.132568359375,
        "5": -0.52783203125,
        "10": -0.97021484375,
        "25": -1.4169921875,
        "50": -0.50244140625
    },
    "1.pt": {
        "1": -1.3291015625,
        "5": -0.83251953125,
        "10": -1.3916015625,
        "25": -2.177734375,
        "50": -1.447265625
    },
    "2.pt": {
        "1": -0.6328125,
        "5": -1.490234375,
        "10": -1.962890625,
        "25": -0.3583984375,
        "50": -1.619140625
    },
    "3.pt": {
        "1": -0.172607421875,
        "5": -1.275390625,
        "10": -1.6748046875,
        "25": -0.9306640625,
        "50": -1.4345703125
    },
    "4.pt": {
        "1": -0.316650390625,
        "5": -1.435546875,
        "10": -1.4208984375,
        "25": -1.6513671875,
        "50": -1.21875
    }
}