{
    "0.pt": {
        "1": -0.595703125,
        "5": -0.18408203125,
        "10": -1.0419921875,
        "25": -1.876953125,
        "50": -1.439453125
    },
    "1.pt": {
        "1": -0.74169921875,
        "5": -1.1962890625,
        "10": -0.93359375,
        "25": -0.57373046875,
        "50": -0.603515625
    },
    "2.pt": {
        "1": -2.26171875,
        "5": -0.271484375,
        "10": -0.9697265625,
        "25": -1.1650390625,
        "50": -1.8515625
    },
    "3.pt": {
        "1": -1.408203125,
        "5": -0.76904296875,
        "10": -0.07647705078125,
        "25": -0.6005859375,
        "50": -1.939453125
    },
    "4.pt": {
        "1": -1.3876953125,
        "5": -0.71826171875,
        "10": -0.68359375,
        "25": 0.73974609375,
        "50": -0.86376953125
    }
}