{
    "0.pt": {
        "1": -1.287109375,
        "5": -0.1512451171875,
        "10": -0.59716796875,
        "25": -1.5029296875,
        "50": -0.849609375
    },
    "1.pt": {
        "1": -1.32421875,
        "5": -1.9365234375,
        "10": -1.5849609375,
        "25": -1.5673828125,
        "50": -0.7158203125
    },
    "2.pt": {
        "1": 0.21923828125,
        "5": -0.348876953125,
        "10": -1.6337890625,
        "25": -1.181640625,
        "50": -1.01171875
    },
    "3.pt": {
        "1": -0.55712890625,
        "5": 0.041229248046875,
        "10": -0.86376953125,
        "25": -1.7451171875,
        "50": -1.763671875
    },
    "4.pt": {
        "1": -1.046875,
        "5": -1.189453125,
        "10": -1.515625,
        "25": 0.1143798828125,
        "50": -1.2001953125
    }
}