{
    "0.pt": {
        "1": -1.572265625,
        "5": -2.072265625,
        "10": -1.408203125,
        "25": -0.170166015625,
        "50": -1.9208984375
    },
    "1.pt": {
        "1": -1.646484375,
        "5": -1.138671875,
        "10": -1.318359375,
        "25": -0.98583984375,
        "50": -1.580078125
    },
    "2.pt": {
        "1": -1.638671875,
        "5": -0.72119140625,
        "10": -0.66357421875,
        "25": -1.70703125,
        "50": -0.9404296875
    },
    "3.pt": {
        "1": -0.94970703125,
        "5": -1.15234375,
        "10": -1.4111328125,
        "25": -0.8388671875,
        "50": -1.7763671875
    },
    "4.pt": {
        "1": -1.6728515625,
        "5": -1.2021484375,
        "10": -1.234375,
        "25": -0.466796875,
        "50": -1.2705078125
    }
}