{
    "0.pt": {
        "1": -0.403076171875,
        "5": -1.0693359375,
        "10": -0.384521484375,
        "25": -1.876953125,
        "50": -0.4541015625
    },
    "1.pt": {
        "1": 0.15087890625,
        "5": -2.076171875,
        "10": -1.1708984375,
        "25": -0.61865234375,
        "50": -1.2353515625
    },
    "2.pt": {
        "1": -1.1044921875,
        "5": 0.334228515625,
        "10": -0.63916015625,
        "25": -0.043701171875,
        "50": -1.845703125
    },
    "3.pt": {
        "1": -0.5107421875,
        "5": -1.3671875,
        "10": -1.7724609375,
        "25": -1.3818359375,
        "50": -1.5361328125
    },
    "4.pt": {
        "1": -0.806640625,
        "5": 0.0285491943359375,
        "10": -0.66455078125,
        "25": -0.164306640625,
        "50": -1.1962890625
    }
}