{
    "0.pt": {
        "1": -0.8662109375,
        "5": -2.171875,
        "10": -1.4287109375,
        "25": -0.1885986328125,
        "50": 0.03826904296875
    },
    "1.pt": {
        "1": -1.447265625,
        "5": -1.30859375,
        "10": -0.63427734375,
        "25": -0.38818359375,
        "50": 0.263427734375
    },
    "2.pt": {
        "1": -1.7041015625,
        "5": -1.4677734375,
        "10": -1.1728515625,
        "25": -0.27783203125,
        "50": -0.7578125
    },
    "3.pt": {
        "1": -0.5361328125,
        "5": -1.6201171875,
        "10": -0.84912109375,
        "25": -0.54248046875,
        "50": -0.94921875
    },
    "4.pt": {
        "1": 0.2196044921875,
        "5": -1.0390625,
        "10": -0.72509765625,
        "25": -0.79052734375,
        "50": -1.8427734375
    }
}