{
    "0.pt": {
        "1": -0.078857421875,
        "5": -0.64501953125,
        "10": -1.7822265625,
        "25": -1.658203125,
        "50": -1.3427734375
    },
    "1.pt": {
        "1": -1.08984375,
        "5": -1.8046875,
        "10": -0.03631591796875,
        "25": -0.75634765625,
        "50": -1.279296875
    },
    "2.pt": {
        "1": -1.498046875,
        "5": -1.42578125,
        "10": 0.090576171875,
        "25": -0.401123046875,
        "50": -0.75537109375
    },
    "3.pt": {
        "1": -0.371826171875,
        "5": -0.58984375,
        "10": -1.048828125,
        "25": -1.5341796875,
        "50": -0.61181640625
    },
    "4.pt": {
        "1": -0.321044921875,
        "5": -0.1427001953125,
        "10": -0.53662109375,
        "25": -0.1878662109375,
        "50": -1.3583984375
    }
}