{
    "0.pt": {
        "1": -1.4697265625,
        "5": -0.75537109375,
        "10": -1.2490234375,
        "25": -1.609375,
        "50": -0.07012939453125
    },
    "1.pt": {
        "1": -1.4658203125,
        "5": -0.73828125,
        "10": -0.88623046875,
        "25": -1.9208984375,
        "50": -1.8818359375
    },
    "2.pt": {
        "1": -0.78271484375,
        "5": -1.4716796875,
        "10": 0.1883544921875,
        "25": -1.982421875,
        "50": -1.5078125
    },
    "3.pt": {
        "1": -0.7705078125,
        "5": 0.27197265625,
        "10": -1.8896484375,
        "25": -1.6220703125,
        "50": -0.1927490234375
    },
    "4.pt": {
        "1": -1.423828125,
        "5": -1.1640625,
        "10": -1.2041015625,
        "25": -1.888671875,
        "50": -0.63134765625
    }
}