{
    "0.pt": {
        "1": -0.57763671875,
        "5": 0.06451416015625,
        "10": -0.708984375,
        "25": -1.2744140625,
        "50": -1.38671875
    },
    "1.pt": {
        "1": -0.388427734375,
        "5": -0.94580078125,
        "10": -2.052734375,
        "25": -0.59130859375,
        "50": -0.755859375
    },
    "2.pt": {
        "1": -1.3095703125,
        "5": -0.330322265625,
        "10": -0.83349609375,
        "25": -0.63720703125,
        "50": -1.037109375
    },
    "3.pt": {
        "1": -1.021484375,
        "5": -0.48779296875,
        "10": -0.0028209686279296875,
        "25": -1.5361328125,
        "50": -0.5244140625
    },
    "4.pt": {
        "1": -0.671875,
        "5": -1.595703125,
        "10": -0.474609375,
        "25": -1.37890625,
        "50": -1.21875
    }
}