{
    "0.pt": {
        "1": -0.496826171875,
        "5": -0.64306640625,
        "10": -0.90576171875,
        "25": -1.185546875,
        "50": -1.2314453125
    },
    "1.pt": {
        "1": -1.3916015625,
        "5": -1.2490234375,
        "10": -0.521484375,
        "25": -1.9970703125,
        "50": -0.044921875
    },
    "2.pt": {
        "1": -1.68359375,
        "5": -1.1796875,
        "10": -1.2021484375,
        "25": -1.595703125,
        "50": -0.5888671875
    },
    "3.pt": {
        "1": -1.3251953125,
        "5": -2.392578125,
        "10": -1.1572265625,
        "25": -0.373779296875,
        "50": 0.119873046875
    },
    "4.pt": {
        "1": -0.04315185546875,
        "5": -0.5166015625,
        "10": -0.59228515625,
        "25": -0.84765625,
        "50": -0.344482421875
    }
}