{
    "0.pt": {
        "1": -0.270263671875,
        "5": -1.041015625,
        "10": -2.369140625,
        "25": -0.96826171875,
        "50": -0.1888427734375
    },
    "1.pt": {
        "1": -0.2105712890625,
        "5": -1.689453125,
        "10": -1.251953125,
        "25": -2.03125,
        "50": -0.303955078125
    },
    "2.pt": {
        "1": -1.6923828125,
        "5": -0.5888671875,
        "10": -2.47265625,
        "25": -0.463134765625,
        "50": -0.71044921875
    },
    "3.pt": {
        "1": -0.11663818359375,
        "5": -0.57568359375,
        "10": -0.66796875,
        "25": -0.97265625,
        "50": -1.12890625
    },
    "4.pt": {
        "1": -0.78759765625,
        "5": -1.666015625,
        "10": -0.35693359375,
        "25": -0.4609375,
        "50": 0.00469207763671875
    }
}