{
    "0.pt": {
        "1": -0.67822265625,
        "5": -0.3681640625,
        "10": -1.9091796875,
        "25": -0.634765625,
        "50": -0.424072265625
    },
    "1.pt": {
        "1": -1.3603515625,
        "5": -2.04296875,
        "10": -1.34765625,
        "25": -0.2252197265625,
        "50": -0.1925048828125
    },
    "2.pt": {
        "1": 0.32373046875,
        "5": -1.802734375,
        "10": -0.3642578125,
        "25": -0.6494140625,
        "50": -0.65478515625
    },
    "3.pt": {
        "1": -1.9931640625,
        "5": -0.548828125,
        "10": -1.1376953125,
        "25": -1.3193359375,
        "50": -1.384765625
    },
    "4.pt": {
        "1": -1.30078125,
        "5": -0.195556640625,
        "10": -0.947265625,
        "25": 0.0262451171875,
        "50": -0.8173828125
    }
}