{
    "0.pt": {
        "1": 0.4892578125,
        "5": -2.173828125,
        "10": -1.611328125,
        "25": -1.078125,
        "50": -1.2294921875
    },
    "1.pt": {
        "1": -1.2197265625,
        "5": -0.615234375,
        "10": -0.311279296875,
        "25": -2.048828125,
        "50": -1.8359375
    },
    "2.pt": {
        "1": -0.83056640625,
        "5": -0.360107421875,
        "10": -0.6953125,
        "25": -0.1279296875,
        "50": -0.96044921875
    },
    "3.pt": {
        "1": -0.763671875,
        "5": -0.87841796875,
        "10": -0.320556640625,
        "25": -1.2451171875,
        "50": -1.09765625
    },
    "4.pt": {
        "1": -0.57958984375,
        "5": -0.61474609375,
        "10": -1.5771484375,
        "25": -1.5390625,
        "50": 0.54443359375
    }
}