{
    "0.pt": {
        "1": -0.56103515625,
        "5": -1.8056640625,
        "10": -0.33154296875,
        "25": -1.98828125,
        "50": -0.94189453125
    },
    "1.pt": {
        "1": -0.900390625,
        "5": -0.439453125,
        "10": -2.14453125,
        "25": -0.57080078125,
        "50": -1.8798828125
    },
    "2.pt": {
        "1": -0.8525390625,
        "5": -1.2353515625,
        "10": -1.2109375,
        "25": -0.190673828125,
        "50": -0.1942138671875
    },
    "3.pt": {
        "1": -0.430908203125,
        "5": 0.0194091796875,
        "10": -1.8759765625,
        "25": -0.4580078125,
        "50": -1.6611328125
    },
    "4.pt": {
        "1": -0.4306640625,
        "5": -1.244140625,
        "10": -1.486328125,
        "25": -0.472900390625,
        "50": -1.8505859375
    }
}