{
    "0.pt": {
        "1": -0.6015625,
        "5": -1.005859375,
        "10": -1.22265625,
        "25": -1.5732421875,
        "50": -0.62451171875
    },
    "1.pt": {
        "1": -0.1065673828125,
        "5": -1.87890625,
        "10": -0.59130859375,
        "25": -1.5927734375,
        "50": -0.337890625
    },
    "2.pt": {
        "1": -1.171875,
        "5": 0.83349609375,
        "10": -1.1455078125,
        "25": -1.7802734375,
        "50": -1.0419921875
    },
    "3.pt": {
        "1": -0.5634765625,
        "5": -0.93505859375,
        "10": -0.56640625,
        "25": -0.052032470703125,
        "50": -0.78076171875
    },
    "4.pt": {
        "1": -0.1268310546875,
        "5": -0.67333984375,
        "10": -2.1171875,
        "25": -0.6953125,
        "50": -0.42578125
    }
}