{
    "0.pt": {
        "1": -1.6201171875,
        "5": -1.59375,
        "10": -1.51953125,
        "25": -0.05419921875,
        "50": -1.267578125
    },
    "1.pt": {
        "1": 0.1270751953125,
        "5": -0.79541015625,
        "10": -0.63134765625,
        "25": -1.0751953125,
        "50": -1.5283203125
    },
    "2.pt": {
        "1": -1.658203125,
        "5": -1.302734375,
        "10": -1.8212890625,
        "25": 0.06890869140625,
        "50": -2.142578125
    },
    "3.pt": {
        "1": -0.324951171875,
        "5": -1.4873046875,
        "10": 0.08282470703125,
        "25": -0.75830078125,
        "50": -0.1507568359375
    },
    "4.pt": {
        "1": -1.408203125,
        "5": -2.087890625,
        "10": -0.9853515625,
        "25": -1.666015625,
        "50": -0.4306640625
    }
}