{
    "0.pt": {
        "1": -0.91162109375,
        "5": -0.9228515625,
        "10": -0.72412109375,
        "25": -0.95458984375,
        "50": -1.53515625
    },
    "1.pt": {
        "1": -1.0634765625,
        "5": -0.48681640625,
        "10": -2.435546875,
        "25": -1.658203125,
        "50": -1.169921875
    },
    "2.pt": {
        "1": -0.9677734375,
        "5": -1.291015625,
        "10": -0.2015380859375,
        "25": -2.142578125,
        "50": -1.01171875
    },
    "3.pt": {
        "1": -0.68701171875,
        "5": -1.376953125,
        "10": -1.337890625,
        "25": -0.619140625,
        "50": -0.7900390625
    },
    "4.pt": {
        "1": -1.2197265625,
        "5": -0.353271484375,
        "10": -1.5185546875,
        "25": -1.0986328125,
        "50": -0.587890625
    }
}