{
    "0.pt": {
        "1": -0.3173828125,
        "5": 0.469970703125,
        "10": -1.3271484375,
        "25": -0.79150390625,
        "50": -1.6201171875
    },
    "1.pt": {
        "1": -2.1640625,
        "5": -1.9140625,
        "10": -1.6494140625,
        "25": -0.2110595703125,
        "50": -1.7333984375
    },
    "2.pt": {
        "1": -0.055694580078125,
        "5": -1.431640625,
        "10": -0.82421875,
        "25": -0.85595703125,
        "50": -1.677734375
    },
    "3.pt": {
        "1": -1.693359375,
        "5": -0.54931640625,
        "10": -1.423828125,
        "25": -0.77880859375,
        "50": -1.6455078125
    },
    "4.pt": {
        "1": -1.22265625,
        "5": -0.65234375,
        "10": -0.759765625,
        "25": -0.54248046875,
        "50": -1.0234375
    }
}