{
    "0.pt": {
        "1": -0.62060546875,
        "5": -0.11407470703125,
        "10": -1.6474609375,
        "25": -0.471435546875,
        "50": -0.607421875
    },
    "1.pt": {
        "1": -1.732421875,
        "5": -1.6748046875,
        "10": -0.2330322265625,
        "25": -1.310546875,
        "50": -0.68408203125
    },
    "2.pt": {
        "1": -1.939453125,
        "5": -1.978515625,
        "10": -0.94482421875,
        "25": 0.203369140625,
        "50": -1.3115234375
    },
    "3.pt": {
        "1": -0.1260986328125,
        "5": -0.09814453125,
        "10": -1.076171875,
        "25": -1.4365234375,
        "50": -0.98779296875
    },
    "4.pt": {
        "1": -0.73291015625,
        "5": -1.716796875,
        "10": -0.4189453125,
        "25": 0.04656982421875,
        "50": -0.7158203125
    }
}