{
    "0.pt": {
        "1": -1.451171875,
        "5": -0.7216796875,
        "10": -1.4287109375,
        "25": -1.90234375,
        "50": -1.248046875
    },
    "1.pt": {
        "1": -0.677734375,
        "5": -2.13671875,
        "10": -0.426025390625,
        "25": -0.413818359375,
        "50": -2.005859375
    },
    "2.pt": {
        "1": 0.7958984375,
        "5": -1.24609375,
        "10": -0.402587890625,
        "25": -1.2685546875,
        "50": -1.0634765625
    },
    "3.pt": {
        "1": -0.86962890625,
        "5": -1.607421875,
        "10": -0.79150390625,
        "25": -1.7646484375,
        "50": -1.1259765625
    },
    "4.pt": {
        "1": -2.279296875,
        "5": -1.603515625,
        "10": -1.6650390625,
        "25": -2.1640625,
        "50": -0.24462890625
    }
}