{
    "0.pt": {
        "1": -0.1229248046875,
        "5": -1.4013671875,
        "10": 0.479736328125,
        "25": -1.2119140625,
        "50": -1.734375
    },
    "1.pt": {
        "1": -1.818359375,
        "5": -1.4189453125,
        "10": -1.3125,
        "25": -1.2021484375,
        "50": -1.169921875
    },
    "2.pt": {
        "1": -1.162109375,
        "5": -0.79931640625,
        "10": -1.9443359375,
        "25": -1.72265625,
        "50": -0.317138671875
    },
    "3.pt": {
        "1": -1.888671875,
        "5": -0.3037109375,
        "10": -0.52685546875,
        "25": 0.11846923828125,
        "50": -0.67578125
    },
    "4.pt": {
        "1": -0.440673828125,
        "5": -0.62109375,
        "10": -1.125,
        "25": -1.8564453125,
        "50": -1.09765625
    }
}