{
    "0.pt": {
        "1": -1.9189453125,
        "5": -0.60546875,
        "10": 0.2320556640625,
        "25": -0.92236328125,
        "50": -1.419921875
    },
    "1.pt": {
        "1": 0.3681640625,
        "5": -0.343017578125,
        "10": -1.802734375,
        "25": -1.1171875,
        "50": -0.5107421875
    },
    "2.pt": {
        "1": -1.326171875,
        "5": -0.66845703125,
        "10": -1.8056640625,
        "25": -1.5927734375,
        "50": -1.22265625
    },
    "3.pt": {
        "1": -0.367919921875,
        "5": -1.30859375,
        "10": -1.078125,
        "25": -1.263671875,
        "50": -0.7431640625
    },
    "4.pt": {
        "1": -0.66796875,
        "5": -1.765625,
        "10": -0.57080078125,
        "25": -1.7177734375,
        "50": -0.331298828125
    }
}