{
    "0.pt": {
        "1": -0.525390625,
        "5": -0.90087890625,
        "10": -0.384521484375,
        "25": -0.1710205078125,
        "50": -1.0048828125
    },
    "1.pt": {
        "1": -1.5546875,
        "5": -1.2470703125,
        "10": -1.08203125,
        "25": -2.29296875,
        "50": -1.1337890625
    },
    "2.pt": {
        "1": -2.3671875,
        "5": -0.287109375,
        "10": -1.6455078125,
        "25": -0.200927734375,
        "50": -0.2169189453125
    },
    "3.pt": {
        "1": -0.73193359375,
        "5": -0.86083984375,
        "10": -0.83935546875,
        "25": -0.69873046875,
        "50": -0.468505859375
    },
    "4.pt": {
        "1": -2.03125,
        "5": 0.6728515625,
        "10": -0.2255859375,
        "25": -1.798828125,
        "50": -0.53564453125
    }
}