{
    "0.pt": {
        "1": -0.51416015625,
        "5": -2.001953125,
        "10": -0.72021484375,
        "25": -1.3623046875,
        "50": -0.7314453125
    },
    "1.pt": {
        "1": -1.09765625,
        "5": -0.29638671875,
        "10": -1.4267578125,
        "25": -1.248046875,
        "50": 0.059906005859375
    },
    "2.pt": {
        "1": -0.68408203125,
        "5": -0.84619140625,
        "10": -0.246826171875,
        "25": -2.478515625,
        "50": -0.375
    },
    "3.pt": {
        "1": -1.9326171875,
        "5": -1.5947265625,
        "10": -1.5400390625,
        "25": -1.1025390625,
        "50": -1.638671875
    },
    "4.pt": {
        "1": -0.5205078125,
        "5": -0.89453125,
        "10": -0.77734375,
        "25": -1.0009765625,
        "50": 0.173828125
    }
}