{
    "0.pt": {
        "1": -1.890625,
        "5": -0.231201171875,
        "10": -0.37939453125,
        "25": -0.322509765625,
        "50": -1.0263671875
    },
    "1.pt": {
        "1": -0.91845703125,
        "5": -0.349609375,
        "10": -0.326171875,
        "25": -0.89697265625,
        "50": 0.18408203125
    },
    "2.pt": {
        "1": -0.11614990234375,
        "5": -0.1971435546875,
        "10": -1.1826171875,
        "25": -1.1728515625,
        "50": 0.01788330078125
    },
    "3.pt": {
        "1": -0.91015625,
        "5": -0.136474609375,
        "10": -0.70556640625,
        "25": -0.331787109375,
        "50": -0.95751953125
    },
    "4.pt": {
        "1": -0.6376953125,
        "5": -1.443359375,
        "10": -1.30859375,
        "25": -0.53369140625,
        "50": -1.3642578125
    }
}