{
    "0.pt": {
        "1": -0.96240234375,
        "5": -0.44921875,
        "10": -1.017578125,
        "25": -1.859375,
        "50": -1.0771484375
    },
    "1.pt": {
        "1": -0.7412109375,
        "5": -0.76025390625,
        "10": -1.1904296875,
        "25": -1.8359375,
        "50": -0.327880859375
    },
    "2.pt": {
        "1": -0.71142578125,
        "5": -1.4599609375,
        "10": -0.53271484375,
        "25": -0.5087890625,
        "50": -1.3544921875
    },
    "3.pt": {
        "1": -1.2509765625,
        "5": -0.72021484375,
        "10": -1.9599609375,
        "25": -1.09375,
        "50": -1.69140625
    },
    "4.pt": {
        "1": -1.2236328125,
        "5": -1.6435546875,
        "10": -1.853515625,
        "25": -1.5634765625,
        "50": -1.4609375
    }
}