{
    "0.pt": {
        "1": -1.607421875,
        "5": -0.045989990234375,
        "10": -0.45849609375,
        "25": -1.478515625,
        "50": 0.02874755859375
    },
    "1.pt": {
        "1": 0.08441162109375,
        "5": -0.96533203125,
        "10": -1.0478515625,
        "25": -0.0341796875,
        "50": -0.2484130859375
    },
    "2.pt": {
        "1": -0.6357421875,
        "5": 0.0172576904296875,
        "10": -1.755859375,
        "25": -1.2802734375,
        "50": -1.6162109375
    },
    "3.pt": {
        "1": -1.40234375,
        "5": -1.4052734375,
        "10": -1.7021484375,
        "25": -1.876953125,
        "50": -1.2529296875
    },
    "4.pt": {
        "1": -1.6474609375,
        "5": -1.205078125,
        "10": 0.369873046875,
        "25": -0.98779296875,
        "50": -1.1279296875
    }
}