{
    "0.pt": {
        "1": -2.328125,
        "5": -0.38671875,
        "10": -2.447265625,
        "25": -2.337890625,
        "50": 0.313232421875
    },
    "1.pt": {
        "1": -1.8193359375,
        "5": -0.95654296875,
        "10": -1.4482421875,
        "25": -0.33154296875,
        "50": -2.142578125
    },
    "2.pt": {
        "1": -1.546875,
        "5": -1.0087890625,
        "10": -1.7333984375,
        "25": -2.1328125,
        "50": -1.6806640625
    },
    "3.pt": {
        "1": -1.8134765625,
        "5": -1.6669921875,
        "10": -1.7626953125,
        "25": -1.4697265625,
        "50": 0.0026149749755859375
    },
    "4.pt": {
        "1": -1.58203125,
        "5": -1.3486328125,
        "10": -1.2548828125,
        "25": -1.90625,
        "50": -1.3984375
    }
}