{
    "0.pt": {
        "1": -1.5498046875,
        "5": -1.7578125,
        "10": -0.96923828125,
        "25": -0.7421875,
        "50": -1.025390625
    },
    "1.pt": {
        "1": -0.9453125,
        "5": -0.349365234375,
        "10": -0.65380859375,
        "25": -1.5869140625,
        "50": -0.0479736328125
    },
    "2.pt": {
        "1": -1.240234375,
        "5": -0.9951171875,
        "10": -0.880859375,
        "25": -0.71923828125,
        "50": -1.23828125
    },
    "3.pt": {
        "1": -0.46533203125,
        "5": -0.26806640625,
        "10": -1.587890625,
        "25": -2.0,
        "50": -2.337890625
    },
    "4.pt": {
        "1": -1.6865234375,
        "5": -1.7890625,
        "10": -1.4775390625,
        "25": -1.083984375,
        "50": -0.857421875
    }
}