{
    "0.pt": {
        "1": -0.5078125,
        "5": -1.1005859375,
        "10": -0.2196044921875,
        "25": -1.1416015625,
        "50": -0.57861328125
    },
    "1.pt": {
        "1": -0.66796875,
        "5": -1.240234375,
        "10": -1.70703125,
        "25": -0.0094757080078125,
        "50": -1.26171875
    },
    "2.pt": {
        "1": -1.216796875,
        "5": -0.93994140625,
        "10": -0.724609375,
        "25": -1.3662109375,
        "50": -1.4697265625
    },
    "3.pt": {
        "1": -1.1513671875,
        "5": -1.5244140625,
        "10": -1.8515625,
        "25": -1.2421875,
        "50": -1.6279296875
    },
    "4.pt": {
        "1": -0.9345703125,
        "5": 0.2210693359375,
        "10": 0.0926513671875,
        "25": -0.40234375,
        "50": -1.9208984375
    }
}