{
    "0.pt": {
        "1": -0.1630859375,
        "5": 0.2432861328125,
        "10": -1.3505859375,
        "25": -0.344970703125,
        "50": -1.15234375
    },
    "1.pt": {
        "1": -1.6962890625,
        "5": -0.8662109375,
        "10": -0.208984375,
        "25": -0.0212554931640625,
        "50": -1.62109375
    },
    "2.pt": {
        "1": -1.41015625,
        "5": -1.33203125,
        "10": -1.0595703125,
        "25": 0.65380859375,
        "50": -0.93603515625
    },
    "3.pt": {
        "1": -0.40771484375,
        "5": -0.564453125,
        "10": -0.456787109375,
        "25": -1.1875,
        "50": -1.0341796875
    },
    "4.pt": {
        "1": -0.5771484375,
        "5": -1.6533203125,
        "10": -0.5576171875,
        "25": -0.87939453125,
        "50": -0.326171875
    }
}