{
    "0.pt": {
        "1": -1.21484375,
        "5": -1.8056640625,
        "10": -1.2158203125,
        "25": -0.348388671875,
        "50": -1.1591796875
    },
    "1.pt": {
        "1": -0.61376953125,
        "5": -2.072265625,
        "10": -1.15625,
        "25": -1.4375,
        "50": -0.1915283203125
    },
    "2.pt": {
        "1": 0.13671875,
        "5": -0.8984375,
        "10": -1.0634765625,
        "25": -1.48046875,
        "50": -0.525390625
    },
    "3.pt": {
        "1": -1.76171875,
        "5": -0.373046875,
        "10": -1.373046875,
        "25": 0.73046875,
        "50": -0.505859375
    },
    "4.pt": {
        "1": -1.3994140625,
        "5": -0.81396484375,
        "10": -0.52783203125,
        "25": -1.17578125,
        "50": 0.4716796875
    }
}