{
    "0.pt": {
        "1": -0.74462890625,
        "5": -1.23828125,
        "10": -1.166015625,
        "25": -0.444580078125,
        "50": -1.2041015625
    },
    "1.pt": {
        "1": 0.06304931640625,
        "5": -1.423828125,
        "10": -1.9609375,
        "25": -0.35107421875,
        "50": -1.361328125
    },
    "2.pt": {
        "1": 0.392333984375,
        "5": -0.99853515625,
        "10": 0.2376708984375,
        "25": -0.5986328125,
        "50": -1.177734375
    },
    "3.pt": {
        "1": -0.296142578125,
        "5": -1.45703125,
        "10": -0.1488037109375,
        "25": -1.4912109375,
        "50": -1.9873046875
    },
    "4.pt": {
        "1": 0.137939453125,
        "5": -1.6845703125,
        "10": -0.178466796875,
        "25": -1.9189453125,
        "50": -0.64208984375
    }
}