{
    "0.pt": {
        "1": -1.2880859375,
        "5": -1.3212890625,
        "10": -1.2724609375,
        "25": -1.6064453125,
        "50": -1.1494140625
    },
    "1.pt": {
        "1": -1.083984375,
        "5": 0.03265380859375,
        "10": -0.354248046875,
        "25": -0.49169921875,
        "50": -0.72412109375
    },
    "2.pt": {
        "1": -0.335205078125,
        "5": -1.546875,
        "10": -0.310546875,
        "25": -0.9091796875,
        "50": -0.2376708984375
    },
    "3.pt": {
        "1": -1.4296875,
        "5": -0.5029296875,
        "10": 0.08038330078125,
        "25": 0.318359375,
        "50": -0.64208984375
    },
    "4.pt": {
        "1": -1.08203125,
        "5": -1.056640625,
        "10": -0.0010824203491210938,
        "25": -0.1893310546875,
        "50": -1.337890625
    }
}