{
    "0.pt": {
        "1": -0.2890625,
        "5": -1.1982421875,
        "10": -0.59375,
        "25": -0.958984375,
        "50": -0.5478515625
    },
    "1.pt": {
        "1": -1.529296875,
        "5": -1.55078125,
        "10": -2.369140625,
        "25": 0.035400390625,
        "50": -2.0703125
    },
    "2.pt": {
        "1": -0.73974609375,
        "5": -1.6015625,
        "10": -1.18359375,
        "25": -1.8427734375,
        "50": -1.3251953125
    },
    "3.pt": {
        "1": -0.677734375,
        "5": 0.810546875,
        "10": -1.509765625,
        "25": -0.599609375,
        "50": -0.3603515625
    },
    "4.pt": {
        "1": -1.4453125,
        "5": -1.0166015625,
        "10": -1.5654296875,
        "25": -0.93017578125,
        "50": -0.09173583984375
    }
}