{
    "0.pt": {
        "1": 0.16357421875,
        "5": -0.6123046875,
        "10": -0.390625,
        "25": -2.361328125,
        "50": -0.36083984375
    },
    "1.pt": {
        "1": -1.705078125,
        "5": -1.1328125,
        "10": -1.4736328125,
        "25": -1.5478515625,
        "50": -1.3740234375
    },
    "2.pt": {
        "1": -0.76123046875,
        "5": -1.05859375,
        "10": -1.662109375,
        "25": -2.2109375,
        "50": -1.79296875
    },
    "3.pt": {
        "1": -1.4443359375,
        "5": -1.0087890625,
        "10": -1.2919921875,
        "25": -1.5400390625,
        "50": -0.9658203125
    },
    "4.pt": {
        "1": -1.76953125,
        "5": 0.09814453125,
        "10": -1.892578125,
        "25": -1.544921875,
        "50": -1.353515625
    }
}