{
    "0.pt": {
        "1": -0.97265625,
        "5": -1.16796875,
        "10": -0.83544921875,
        "25": -1.6025390625,
        "50": -1.16015625
    },
    "1.pt": {
        "1": -1.291015625,
        "5": -0.30322265625,
        "10": -2.134765625,
        "25": -0.9541015625,
        "50": -0.79638671875
    },
    "2.pt": {
        "1": -0.53955078125,
        "5": -1.2626953125,
        "10": -1.1640625,
        "25": -0.89404296875,
        "50": -1.048828125
    },
    "3.pt": {
        "1": -1.220703125,
        "5": -1.65234375,
        "10": -0.19873046875,
        "25": -0.53466796875,
        "50": -1.7275390625
    },
    "4.pt": {
        "1": -1.62890625,
        "5": -0.810546875,
        "10": -1.2568359375,
        "25": -0.441650390625,
        "50": -1.6767578125
    }
}