{
    "0.pt": {
        "1": -2.3359375,
        "5": -1.3662109375,
        "10": -1.208984375,
        "25": -0.599609375,
        "50": -0.30078125
    },
    "1.pt": {
        "1": -1.58203125,
        "5": -1.951171875,
        "10": -0.56103515625,
        "25": -2.2578125,
        "50": -1.306640625
    },
    "2.pt": {
        "1": -1.5703125,
        "5": -1.9169921875,
        "10": -1.611328125,
        "25": -1.880859375,
        "50": -1.880859375
    },
    "3.pt": {
        "1": -1.099609375,
        "5": -0.21044921875,
        "10": -0.78466796875,
        "25": -1.431640625,
        "50": -1.3056640625
    },
    "4.pt": {
        "1": -1.693359375,
        "5": -2.142578125,
        "10": -1.71875,
        "25": -0.1683349609375,
        "50": -0.44384765625
    }
}