{
    "0.pt": {
        "1": -1.5537109375,
        "5": -1.1376953125,
        "10": -0.69189453125,
        "25": -1.337890625,
        "50": -1.177734375
    },
    "1.pt": {
        "1": 0.0438232421875,
        "5": -1.275390625,
        "10": -0.58447265625,
        "25": -1.7490234375,
        "50": -0.2174072265625
    },
    "2.pt": {
        "1": -1.4296875,
        "5": 0.11175537109375,
        "10": -2.013671875,
        "25": -1.5478515625,
        "50": 0.578125
    },
    "3.pt": {
        "1": -0.927734375,
        "5": 0.00011515617370605469,
        "10": -1.8037109375,
        "25": -2.125,
        "50": -1.056640625
    },
    "4.pt": {
        "1": 0.17041015625,
        "5": -2.09765625,
        "10": -0.943359375,
        "25": -1.43359375,
        "50": -1.478515625
    }
}