{
    "0.pt": {
        "1": -0.96240234375,
        "5": -1.69140625,
        "10": -0.07513427734375,
        "25": -1.759765625,
        "50": -1.6318359375
    },
    "1.pt": {
        "1": -0.546875,
        "5": -2.203125,
        "10": -1.5146484375,
        "25": -1.212890625,
        "50": 0.1571044921875
    },
    "2.pt": {
        "1": -1.65234375,
        "5": -0.120849609375,
        "10": -0.37353515625,
        "25": -0.2235107421875,
        "50": -1.8173828125
    },
    "3.pt": {
        "1": -1.0,
        "5": 0.0771484375,
        "10": -0.69677734375,
        "25": 0.0306854248046875,
        "50": -1.115234375
    },
    "4.pt": {
        "1": -0.61767578125,
        "5": -0.388427734375,
        "10": -2.021484375,
        "25": -0.97998046875,
        "50": -1.501953125
    }
}