{
    "0.pt": {
        "1": -1.1494140625,
        "5": -0.90087890625,
        "10": -1.4990234375,
        "25": -0.3544921875,
        "50": 0.0239105224609375
    },
    "1.pt": {
        "1": -0.76513671875,
        "5": -1.150390625,
        "10": -1.5400390625,
        "25": -1.3837890625,
        "50": -0.0684814453125
    },
    "2.pt": {
        "1": -1.306640625,
        "5": -1.1142578125,
        "10": -0.59228515625,
        "25": -0.66162109375,
        "50": -0.705078125
    },
    "3.pt": {
        "1": -1.4765625,
        "5": -1.5302734375,
        "10": -1.1083984375,
        "25": -0.818359375,
        "50": -1.0712890625
    },
    "4.pt": {
        "1": -0.947265625,
        "5": -0.38818359375,
        "10": -1.0390625,
        "25": -0.7998046875,
        "50": 0.0665283203125
    }
}