{
    "0.pt": {
        "1": -0.9814453125,
        "5": -1.130859375,
        "10": -0.20849609375,
        "25": -1.443359375,
        "50": -2.11328125
    },
    "1.pt": {
        "1": -1.7783203125,
        "5": 0.1322021484375,
        "10": -2.025390625,
        "25": -0.2222900390625,
        "50": -1.2724609375
    },
    "2.pt": {
        "1": -0.333251953125,
        "5": -1.0380859375,
        "10": -0.06903076171875,
        "25": -1.2392578125,
        "50": -0.350341796875
    },
    "3.pt": {
        "1": -2.294921875,
        "5": -1.0146484375,
        "10": -0.97265625,
        "25": -1.1728515625,
        "50": -1.568359375
    },
    "4.pt": {
        "1": -0.43408203125,
        "5": -0.74609375,
        "10": -1.927734375,
        "25": -1.0830078125,
        "50": -0.322509765625
    }
}