{
    "0.pt": {
        "1": -2.076171875,
        "5": -2.23828125,
        "10": -1.1162109375,
        "25": -1.5107421875,
        "50": -0.327392578125
    },
    "1.pt": {
        "1": -1.4521484375,
        "5": 0.09564208984375,
        "10": -1.4736328125,
        "25": -1.6171875,
        "50": -0.8388671875
    },
    "2.pt": {
        "1": -1.6953125,
        "5": -1.353515625,
        "10": -0.978515625,
        "25": -1.265625,
        "50": -1.169921875
    },
    "3.pt": {
        "1": -1.16796875,
        "5": -0.0216522216796875,
        "10": -1.4404296875,
        "25": -1.0556640625,
        "50": -0.91796875
    },
    "4.pt": {
        "1": 0.2117919921875,
        "5": -0.81689453125,
        "10": -0.6923828125,
        "25": -1.109375,
        "50": -0.44775390625
    }
}