{
    "0.pt": {
        "1": -1.201171875,
        "5": -0.609375,
        "10": -0.060577392578125,
        "25": -0.08880615234375,
        "50": -0.445556640625
    },
    "1.pt": {
        "1": -1.45703125,
        "5": -0.52490234375,
        "10": -0.50341796875,
        "25": -0.54541015625,
        "50": -1.5693359375
    },
    "2.pt": {
        "1": -0.78857421875,
        "5": -0.08404541015625,
        "10": -1.357421875,
        "25": -1.177734375,
        "50": -0.8583984375
    },
    "3.pt": {
        "1": -0.5947265625,
        "5": -1.7275390625,
        "10": -1.2353515625,
        "25": -0.366455078125,
        "50": -1.298828125
    },
    "4.pt": {
        "1": 0.0797119140625,
        "5": -0.64453125,
        "10": 0.13623046875,
        "25": -0.57666015625,
        "50": -1.2265625
    }
}