{
    "0.pt": {
        "1": -0.42919921875,
        "5": -0.88134765625,
        "10": -1.205078125,
        "25": -1.939453125,
        "50": -1.513671875
    },
    "1.pt": {
        "1": -0.1717529296875,
        "5": -2.201171875,
        "10": -1.6953125,
        "25": -1.3056640625,
        "50": -1.0634765625
    },
    "2.pt": {
        "1": -1.7529296875,
        "5": -0.7060546875,
        "10": -0.273193359375,
        "25": -0.07879638671875,
        "50": -0.363037109375
    },
    "3.pt": {
        "1": -1.0966796875,
        "5": 0.033416748046875,
        "10": -1.697265625,
        "25": -0.9951171875,
        "50": -1.2490234375
    },
    "4.pt": {
        "1": -0.63623046875,
        "5": -0.923828125,
        "10": -0.26123046875,
        "25": -0.984375,
        "50": 0.23291015625
    }
}