{
    "0.pt": {
        "1": -1.970703125,
        "5": -1.19921875,
        "10": -0.5244140625,
        "25": -1.0283203125,
        "50": -0.1058349609375
    },
    "1.pt": {
        "1": -1.2314453125,
        "5": -0.1676025390625,
        "10": -1.4189453125,
        "25": -0.5068359375,
        "50": -1.6123046875
    },
    "2.pt": {
        "1": -0.0745849609375,
        "5": -0.400146484375,
        "10": -0.82275390625,
        "25": -1.8779296875,
        "50": -1.1806640625
    },
    "3.pt": {
        "1": -1.6337890625,
        "5": -1.4296875,
        "10": -0.833984375,
        "25": -0.78662109375,
        "50": -0.0833740234375
    },
    "4.pt": {
        "1": -1.49609375,
        "5": -1.474609375,
        "10": -0.78759765625,
        "25": -0.97998046875,
        "50": -1.2216796875
    }
}