{
    "0.pt": {
        "1": -1.603515625,
        "5": -2.037109375,
        "10": -1.4912109375,
        "25": -0.1209716796875,
        "50": -0.79296875
    },
    "1.pt": {
        "1": 0.027984619140625,
        "5": -1.484375,
        "10": -1.458984375,
        "25": -1.482421875,
        "50": -0.406982421875
    },
    "2.pt": {
        "1": -0.381103515625,
        "5": -1.8681640625,
        "10": -1.5673828125,
        "25": -0.4677734375,
        "50": -2.2421875
    },
    "3.pt": {
        "1": 0.00824737548828125,
        "5": -1.4189453125,
        "10": -1.74609375,
        "25": -1.021484375,
        "50": -1.3349609375
    },
    "4.pt": {
        "1": -0.45458984375,
        "5": -1.017578125,
        "10": -0.68017578125,
        "25": -0.90966796875,
        "50": -0.35009765625
    }
}