{
    "0.pt": {
        "1": -1.7734375,
        "5": -1.1728515625,
        "10": -1.5283203125,
        "25": -0.802734375,
        "50": -1.2705078125
    },
    "1.pt": {
        "1": -1.357421875,
        "5": -1.474609375,
        "10": -1.1572265625,
        "25": -0.82763671875,
        "50": -1.080078125
    },
    "2.pt": {
        "1": -0.9833984375,
        "5": -0.771484375,
        "10": -0.444580078125,
        "25": -0.611328125,
        "50": -0.6806640625
    },
    "3.pt": {
        "1": -1.53515625,
        "5": -1.8046875,
        "10": -0.43896484375,
        "25": -0.59765625,
        "50": -0.72021484375
    },
    "4.pt": {
        "1": -1.3134765625,
        "5": -0.26611328125,
        "10": -1.5517578125,
        "25": -0.54345703125,
        "50": -0.7138671875
    }
}