{
    "0.pt": {
        "1": -1.5166015625,
        "5": -2.0625,
        "10": -0.98388671875,
        "25": 0.052703857421875,
        "50": -0.8037109375
    },
    "1.pt": {
        "1": 0.078857421875,
        "5": -1.64453125,
        "10": -2.26171875,
        "25": -0.9384765625,
        "50": -0.1705322265625
    },
    "2.pt": {
        "1": -2.083984375,
        "5": -0.50732421875,
        "10": -1.0966796875,
        "25": 0.1549072265625,
        "50": -0.5888671875
    },
    "3.pt": {
        "1": -1.3388671875,
        "5": -1.8779296875,
        "10": -0.468505859375,
        "25": -0.9970703125,
        "50": -1.6748046875
    },
    "4.pt": {
        "1": -1.3017578125,
        "5": -1.5576171875,
        "10": -0.61279296875,
        "25": -1.1279296875,
        "50": -1.2412109375
    }
}