{
    "0.pt": {
        "1": -1.0849609375,
        "5": -1.708984375,
        "10": -1.1767578125,
        "25": -1.8310546875,
        "50": -2.29296875
    },
    "1.pt": {
        "1": -2.181640625,
        "5": -0.85546875,
        "10": -1.4423828125,
        "25": -2.08203125,
        "50": -1.5888671875
    },
    "2.pt": {
        "1": -1.03125,
        "5": 0.2032470703125,
        "10": -2.05078125,
        "25": -0.912109375,
        "50": -1.3662109375
    },
    "3.pt": {
        "1": -0.947265625,
        "5": -0.55419921875,
        "10": -1.3447265625,
        "25": -1.830078125,
        "50": -1.859375
    },
    "4.pt": {
        "1": -0.99169921875,
        "5": -0.296142578125,
        "10": -1.0546875,
        "25": -1.9423828125,
        "50": -2.056640625
    }
}