{
    "0.pt": {
        "1": -2.01953125,
        "5": -1.482421875,
        "10": -1.2890625,
        "25": -0.64111328125,
        "50": -0.9921875
    },
    "1.pt": {
        "1": -1.701171875,
        "5": -0.517578125,
        "10": -0.9990234375,
        "25": -1.798828125,
        "50": -0.015045166015625
    },
    "2.pt": {
        "1": -0.12432861328125,
        "5": -0.9638671875,
        "10": -0.2159423828125,
        "25": -0.650390625,
        "50": -1.619140625
    },
    "3.pt": {
        "1": -0.30078125,
        "5": -0.748046875,
        "10": -1.564453125,
        "25": -0.564453125,
        "50": -1.6689453125
    },
    "4.pt": {
        "1": -1.431640625,
        "5": -0.67724609375,
        "10": -1.8125,
        "25": -0.9921875,
        "50": -0.60400390625
    }
}