{
    "0.pt": {
        "1": -1.7705078125,
        "5": -0.90185546875,
        "10": -0.3369140625,
        "25": -0.457763671875,
        "50": -1.2939453125
    },
    "1.pt": {
        "1": 0.10064697265625,
        "5": -1.7841796875,
        "10": -1.17578125,
        "25": -0.5869140625,
        "50": -1.607421875
    },
    "2.pt": {
        "1": -1.5634765625,
        "5": -1.625,
        "10": -1.74609375,
        "25": -1.1962890625,
        "50": -0.28271484375
    },
    "3.pt": {
        "1": -1.6787109375,
        "5": -1.51171875,
        "10": -0.25,
        "25": -0.282958984375,
        "50": -0.4365234375
    },
    "4.pt": {
        "1": 0.3349609375,
        "5": -0.943359375,
        "10": -0.33349609375,
        "25": -1.744140625,
        "50": -0.1552734375
    }
}