{
    "0.pt": {
        "1": -0.8857421875,
        "5": -0.46875,
        "10": -1.5224609375,
        "25": -1.2412109375,
        "50": -1.10546875
    },
    "1.pt": {
        "1": -0.6083984375,
        "5": -0.1943359375,
        "10": -0.7587890625,
        "25": -1.6240234375,
        "50": -1.9453125
    },
    "2.pt": {
        "1": -1.0625,
        "5": -0.4521484375,
        "10": -0.1656494140625,
        "25": -2.033203125,
        "50": -0.76904296875
    },
    "3.pt": {
        "1": -1.1943359375,
        "5": -0.67578125,
        "10": -1.677734375,
        "25": 0.71923828125,
        "50": -0.40576171875
    },
    "4.pt": {
        "1": -1.8291015625,
        "5": -0.64892578125,
        "10": -1.6650390625,
        "25": -0.425537109375,
        "50": -1.0
    }
}