{
    "0.pt": {
        "1": -0.407958984375,
        "5": -0.4013671875,
        "10": -1.4365234375,
        "25": -1.86328125,
        "50": -1.650390625
    },
    "1.pt": {
        "1": -0.119384765625,
        "5": -1.02734375,
        "10": 0.28515625,
        "25": -0.31982421875,
        "50": -1.1630859375
    },
    "2.pt": {
        "1": 0.0081634521484375,
        "5": -1.5732421875,
        "10": -1.1513671875,
        "25": -1.7646484375,
        "50": -0.448974609375
    },
    "3.pt": {
        "1": -1.3564453125,
        "5": -1.83203125,
        "10": -0.35986328125,
        "25": -2.033203125,
        "50": -1.2626953125
    },
    "4.pt": {
        "1": -0.95166015625,
        "5": -1.4912109375,
        "10": -0.405029296875,
        "25": -1.5703125,
        "50": -0.82958984375
    }
}