{
    "0.pt": {
        "1": -1.5771484375,
        "5": -1.7705078125,
        "10": -1.4794921875,
        "25": -1.724609375,
        "50": -1.0439453125
    },
    "1.pt": {
        "1": -0.496337890625,
        "5": -1.5732421875,
        "10": -2.03125,
        "25": -1.48046875,
        "50": -0.413818359375
    },
    "2.pt": {
        "1": -0.73583984375,
        "5": -1.3759765625,
        "10": -1.8095703125,
        "25": -0.5205078125,
        "50": -0.82080078125
    },
    "3.pt": {
        "1": -1.6201171875,
        "5": -1.1455078125,
        "10": -0.931640625,
        "25": -1.49609375,
        "50": -0.62939453125
    },
    "4.pt": {
        "1": -1.2080078125,
        "5": -1.5712890625,
        "10": -1.388671875,
        "25": -0.6103515625,
        "50": -1.2939453125
    }
}