{
    "0.pt": {
        "1": -0.92333984375,
        "5": -1.9970703125,
        "10": 0.02423095703125,
        "25": -0.193115234375,
        "50": -0.57373046875
    },
    "1.pt": {
        "1": -1.0830078125,
        "5": -0.26611328125,
        "10": 0.440185546875,
        "25": -1.0283203125,
        "50": -1.1865234375
    },
    "2.pt": {
        "1": -0.84033203125,
        "5": -1.3193359375,
        "10": -0.01148223876953125,
        "25": -1.3251953125,
        "50": -0.1763916015625
    },
    "3.pt": {
        "1": -0.1414794921875,
        "5": -1.4921875,
        "10": -0.79833984375,
        "25": -1.4794921875,
        "50": -0.751953125
    },
    "4.pt": {
        "1": -1.2333984375,
        "5": -1.6923828125,
        "10": -1.6953125,
        "25": -0.2467041015625,
        "50": -0.43603515625
    }
}