{
    "0.pt": {
        "1": -1.8125,
        "5": -0.958984375,
        "10": -1.419921875,
        "25": -1.466796875,
        "50": -0.583984375
    },
    "1.pt": {
        "1": -1.7412109375,
        "5": -0.71337890625,
        "10": -1.4248046875,
        "25": -0.9482421875,
        "50": -1.0947265625
    },
    "2.pt": {
        "1": -1.623046875,
        "5": -0.6484375,
        "10": -0.62841796875,
        "25": -0.0810546875,
        "50": -1.083984375
    },
    "3.pt": {
        "1": -0.415283203125,
        "5": -0.296630859375,
        "10": -1.28515625,
        "25": -0.921875,
        "50": -1.03125
    },
    "4.pt": {
        "1": -0.42041015625,
        "5": -0.6455078125,
        "10": -0.2144775390625,
        "25": -0.7431640625,
        "50": -0.70263671875
    }
}