{
    "0.pt": {
        "1": -0.464111328125,
        "5": -0.49267578125,
        "10": -1.201171875,
        "25": -1.931640625,
        "50": -2.037109375
    },
    "1.pt": {
        "1": -2.033203125,
        "5": -0.68017578125,
        "10": -0.35498046875,
        "25": -1.39453125,
        "50": -2.060546875
    },
    "2.pt": {
        "1": -0.64013671875,
        "5": -0.58203125,
        "10": -1.400390625,
        "25": -0.8427734375,
        "50": -0.10369873046875
    },
    "3.pt": {
        "1": -0.7353515625,
        "5": -0.728515625,
        "10": -1.2353515625,
        "25": -1.2216796875,
        "50": -0.0928955078125
    },
    "4.pt": {
        "1": -1.095703125,
        "5": -1.41796875,
        "10": -0.2237548828125,
        "25": -1.3486328125,
        "50": -0.8759765625
    }
}