{
    "0.pt": {
        "1": -0.1346435546875,
        "5": -2.185546875,
        "10": 0.09112548828125,
        "25": -0.097900390625,
        "50": -1.4013671875
    },
    "1.pt": {
        "1": -0.71142578125,
        "5": -0.9189453125,
        "10": -1.3740234375,
        "25": -1.4404296875,
        "50": -1.83984375
    },
    "2.pt": {
        "1": -0.01428985595703125,
        "5": -1.109375,
        "10": -2.263671875,
        "25": -1.310546875,
        "50": -0.6494140625
    },
    "3.pt": {
        "1": -1.14453125,
        "5": -0.4658203125,
        "10": -1.00390625,
        "25": -0.7412109375,
        "50": -1.0966796875
    },
    "4.pt": {
        "1": -2.015625,
        "5": -0.402587890625,
        "10": -0.90966796875,
        "25": -2.0625,
        "50": -1.0634765625
    }
}