{
    "0.pt": {
        "1": -1.611328125,
        "5": -0.580078125,
        "10": -0.8115234375,
        "25": 0.96435546875,
        "50": -1.6572265625
    },
    "1.pt": {
        "1": -1.828125,
        "5": -2.021484375,
        "10": -1.70703125,
        "25": -1.3623046875,
        "50": -0.525390625
    },
    "2.pt": {
        "1": -0.4580078125,
        "5": 0.134521484375,
        "10": -1.19921875,
        "25": 0.0189971923828125,
        "50": -0.69775390625
    },
    "3.pt": {
        "1": -1.0654296875,
        "5": -1.5302734375,
        "10": -0.73876953125,
        "25": -0.220458984375,
        "50": -1.064453125
    },
    "4.pt": {
        "1": -0.1370849609375,
        "5": -1.037109375,
        "10": -0.36376953125,
        "25": -2.5546875,
        "50": -0.32373046875
    }
}