{
    "0.pt": {
        "1": -1.9658203125,
        "5": -2.169921875,
        "10": -1.1005859375,
        "25": -1.52734375,
        "50": -1.7861328125
    },
    "1.pt": {
        "1": -1.7392578125,
        "5": 0.0039005279541015625,
        "10": -0.2110595703125,
        "25": -0.03131103515625,
        "50": -1.7509765625
    },
    "2.pt": {
        "1": -1.7705078125,
        "5": -1.8125,
        "10": -1.7568359375,
        "25": -1.548828125,
        "50": -0.334716796875
    },
    "3.pt": {
        "1": -1.7900390625,
        "5": -1.7470703125,
        "10": -2.080078125,
        "25": -0.408447265625,
        "50": -0.148681640625
    },
    "4.pt": {
        "1": -2.08984375,
        "5": -1.6572265625,
        "10": -1.1943359375,
        "25": -1.1201171875,
        "50": -2.02734375
    }
}