{
    "0.pt": {
        "1": -1.294921875,
        "5": -0.324951171875,
        "10": -1.6435546875,
        "25": -0.84716796875,
        "50": -1.1826171875
    },
    "1.pt": {
        "1": -0.2197265625,
        "5": -1.595703125,
        "10": -0.476806640625,
        "25": -1.2890625,
        "50": -1.1044921875
    },
    "2.pt": {
        "1": 0.09442138671875,
        "5": -0.86572265625,
        "10": -0.327392578125,
        "25": -0.396240234375,
        "50": -1.2529296875
    },
    "3.pt": {
        "1": -1.2001953125,
        "5": -0.6201171875,
        "10": -1.5869140625,
        "25": -0.74560546875,
        "50": -1.41796875
    },
    "4.pt": {
        "1": -0.6845703125,
        "5": -1.7353515625,
        "10": -1.109375,
        "25": -1.55859375,
        "50": -1.849609375
    }
}