{
    "0.pt": {
        "1": 0.26708984375,
        "5": -1.001953125,
        "10": -1.708984375,
        "25": -0.78662109375,
        "50": -0.71630859375
    },
    "1.pt": {
        "1": -1.1328125,
        "5": -0.8271484375,
        "10": -0.56884765625,
        "25": -1.20703125,
        "50": -0.98828125
    },
    "2.pt": {
        "1": -0.79638671875,
        "5": -0.7392578125,
        "10": -0.533203125,
        "25": -1.5869140625,
        "50": -0.181884765625
    },
    "3.pt": {
        "1": -1.376953125,
        "5": -1.3642578125,
        "10": -1.791015625,
        "25": -0.607421875,
        "50": -1.2705078125
    },
    "4.pt": {
        "1": -1.6337890625,
        "5": -0.09759521484375,
        "10": -2.44921875,
        "25": -0.469970703125,
        "50": -1.35546875
    }
}