{
    "0.pt": {
        "1": -1.2490234375,
        "5": -0.4912109375,
        "10": -1.24609375,
        "25": -2.205078125,
        "50": -0.8740234375
    },
    "1.pt": {
        "1": -1.0234375,
        "5": -1.22265625,
        "10": -1.51953125,
        "25": -1.025390625,
        "50": -1.8544921875
    },
    "2.pt": {
        "1": -0.85302734375,
        "5": -0.82470703125,
        "10": -0.58544921875,
        "25": -0.10821533203125,
        "50": -1.919921875
    },
    "3.pt": {
        "1": -0.53466796875,
        "5": -1.4296875,
        "10": -1.2841796875,
        "25": -0.350341796875,
        "50": -1.1201171875
    },
    "4.pt": {
        "1": -0.89013671875,
        "5": -0.72265625,
        "10": -0.0177764892578125,
        "25": -0.10772705078125,
        "50": -0.276123046875
    }
}