{
    "0.pt": {
        "1": 0.497314453125,
        "5": -0.72216796875,
        "10": -0.982421875,
        "25": -1.09375,
        "50": -2.0078125
    },
    "1.pt": {
        "1": -0.80029296875,
        "5": -1.7509765625,
        "10": -1.1875,
        "25": -1.8720703125,
        "50": -0.7490234375
    },
    "2.pt": {
        "1": -1.84375,
        "5": -0.06097412109375,
        "10": -0.1793212890625,
        "25": -0.93115234375,
        "50": -1.1044921875
    },
    "3.pt": {
        "1": 0.060028076171875,
        "5": -1.6376953125,
        "10": -0.60009765625,
        "25": -2.05859375,
        "50": -0.292236328125
    },
    "4.pt": {
        "1": -0.9375,
        "5": -0.81298828125,
        "10": -1.1865234375,
        "25": -1.76171875,
        "50": -0.2734375
    }
}