{
    "0.pt": {
        "1": -0.40234375,
        "5": -0.447998046875,
        "10": -2.587890625,
        "25": -1.6923828125,
        "50": -1.4208984375
    },
    "1.pt": {
        "1": -1.7265625,
        "5": -0.284912109375,
        "10": -1.822265625,
        "25": -0.63671875,
        "50": -1.947265625
    },
    "2.pt": {
        "1": -0.6474609375,
        "5": -0.303466796875,
        "10": -1.4345703125,
        "25": -0.08056640625,
        "50": -0.7685546875
    },
    "3.pt": {
        "1": -0.4140625,
        "5": -1.3056640625,
        "10": -0.31396484375,
        "25": -0.92626953125,
        "50": -1.3603515625
    },
    "4.pt": {
        "1": -1.5166015625,
        "5": -1.4287109375,
        "10": 0.100830078125,
        "25": -1.8828125,
        "50": -0.69775390625
    }
}