{
    "0.pt": {
        "1": -1.517578125,
        "5": 0.25146484375,
        "10": -1.607421875,
        "25": -1.25,
        "50": -0.994140625
    },
    "1.pt": {
        "1": -1.466796875,
        "5": -1.94921875,
        "10": -1.7822265625,
        "25": -0.13623046875,
        "50": -1.4189453125
    },
    "2.pt": {
        "1": -0.935546875,
        "5": -1.1884765625,
        "10": -0.89501953125,
        "25": -1.3515625,
        "50": -1.115234375
    },
    "3.pt": {
        "1": -0.373291015625,
        "5": -0.97998046875,
        "10": -1.4443359375,
        "25": -1.0595703125,
        "50": -1.94921875
    },
    "4.pt": {
        "1": -1.2001953125,
        "5": -0.410888671875,
        "10": -1.66796875,
        "25": -1.033203125,
        "50": -0.986328125
    }
}