{
    "0.pt": {
        "1": 0.208251953125,
        "5": -0.1629638671875,
        "10": -1.638671875,
        "25": -0.313720703125,
        "50": -0.66552734375
    },
    "1.pt": {
        "1": -1.3466796875,
        "5": -0.052825927734375,
        "10": -1.6865234375,
        "25": -1.3154296875,
        "50": -0.9560546875
    },
    "2.pt": {
        "1": -0.51953125,
        "5": -1.6669921875,
        "10": -1.2265625,
        "25": -1.5078125,
        "50": -0.90234375
    },
    "3.pt": {
        "1": -0.859375,
        "5": -0.9013671875,
        "10": -0.671875,
        "25": -1.384765625,
        "50": -0.221435546875
    },
    "4.pt": {
        "1": -0.62158203125,
        "5": -1.220703125,
        "10": -0.41357421875,
        "25": -1.669921875,
        "50": -1.423828125
    }
}