{
    "0.pt": {
        "1": -1.7958984375,
        "5": -1.6865234375,
        "10": -1.33984375,
        "25": -1.0146484375,
        "50": -0.7353515625
    },
    "1.pt": {
        "1": -0.36474609375,
        "5": -0.4638671875,
        "10": -1.68359375,
        "25": -1.55859375,
        "50": -1.236328125
    },
    "2.pt": {
        "1": -0.2288818359375,
        "5": -1.40234375,
        "10": -2.412109375,
        "25": -0.493408203125,
        "50": -0.278564453125
    },
    "3.pt": {
        "1": -0.25,
        "5": -1.3017578125,
        "10": -0.93896484375,
        "25": -1.4111328125,
        "50": -1.1533203125
    },
    "4.pt": {
        "1": -1.09375,
        "5": -1.447265625,
        "10": -0.41259765625,
        "25": -0.939453125,
        "50": -0.99072265625
    }
}