{
    "0.pt": {
        "1": -1.3896484375,
        "5": -1.4384765625,
        "10": -0.0350341796875,
        "25": -1.361328125,
        "50": -0.607421875
    },
    "1.pt": {
        "1": 0.180419921875,
        "5": -1.9736328125,
        "10": -1.3046875,
        "25": -1.51171875,
        "50": -0.35498046875
    },
    "2.pt": {
        "1": -1.5556640625,
        "5": -0.35693359375,
        "10": -1.1142578125,
        "25": -1.8896484375,
        "50": -1.6123046875
    },
    "3.pt": {
        "1": -1.1787109375,
        "5": -0.1788330078125,
        "10": -0.25927734375,
        "25": -1.052734375,
        "50": -0.4541015625
    },
    "4.pt": {
        "1": -1.7998046875,
        "5": -0.1470947265625,
        "10": -0.5322265625,
        "25": 0.40576171875,
        "50": -0.51708984375
    }
}