{
    "0.pt": {
        "1": -1.1728515625,
        "5": -0.417724609375,
        "10": -1.294921875,
        "25": -2.10546875,
        "50": -0.6591796875
    },
    "1.pt": {
        "1": -1.8564453125,
        "5": -2.041015625,
        "10": -1.265625,
        "25": -1.2705078125,
        "50": -0.63232421875
    },
    "2.pt": {
        "1": 0.12188720703125,
        "5": -1.025390625,
        "10": -1.53515625,
        "25": -0.8466796875,
        "50": -1.6220703125
    },
    "3.pt": {
        "1": -1.376953125,
        "5": -1.162109375,
        "10": -1.55859375,
        "25": -0.72119140625,
        "50": -1.6298828125
    },
    "4.pt": {
        "1": 0.2015380859375,
        "5": -1.96484375,
        "10": -1.8544921875,
        "25": -1.328125,
        "50": -1.4716796875
    }
}