{
    "0.pt": {
        "1": -1.208984375,
        "5": -1.9150390625,
        "10": -0.84814453125,
        "25": -1.2265625,
        "50": 0.035491943359375
    },
    "1.pt": {
        "1": -0.86572265625,
        "5": -1.6630859375,
        "10": -0.231201171875,
        "25": -2.00390625,
        "50": -0.8896484375
    },
    "2.pt": {
        "1": -1.251953125,
        "5": -0.268798828125,
        "10": -0.479248046875,
        "25": -1.8193359375,
        "50": -0.65380859375
    },
    "3.pt": {
        "1": -1.2607421875,
        "5": -0.740234375,
        "10": -0.69091796875,
        "25": -0.861328125,
        "50": -0.36328125
    },
    "4.pt": {
        "1": -0.308837890625,
        "5": 0.498291015625,
        "10": -1.55078125,
        "25": -1.4267578125,
        "50": -1.8076171875
    }
}