{
    "0.pt": {
        "1": -0.845703125,
        "5": -1.5380859375,
        "10": -1.275390625,
        "25": -1.4365234375,
        "50": -1.5947265625
    },
    "1.pt": {
        "1": -0.83203125,
        "5": -1.06640625,
        "10": 0.341064453125,
        "25": -1.408203125,
        "50": -1.4228515625
    },
    "2.pt": {
        "1": -1.4375,
        "5": -1.2568359375,
        "10": -1.6181640625,
        "25": -1.4306640625,
        "50": -0.1741943359375
    },
    "3.pt": {
        "1": -0.37451171875,
        "5": -1.078125,
        "10": -0.12017822265625,
        "25": 0.294921875,
        "50": -1.376953125
    },
    "4.pt": {
        "1": -1.5302734375,
        "5": -0.26513671875,
        "10": -0.85400390625,
        "25": -2.35546875,
        "50": -0.1026611328125
    }
}