{
    "0.pt": {
        "1": -1.0107421875,
        "5": -0.424560546875,
        "10": -0.93701171875,
        "25": 0.50048828125,
        "50": -0.09503173828125
    },
    "1.pt": {
        "1": -0.9326171875,
        "5": -2.017578125,
        "10": -0.095458984375,
        "25": -1.6826171875,
        "50": -1.3935546875
    },
    "2.pt": {
        "1": 0.11224365234375,
        "5": -0.494384765625,
        "10": -0.90966796875,
        "25": -0.9248046875,
        "50": -0.82470703125
    },
    "3.pt": {
        "1": -1.0166015625,
        "5": -1.6083984375,
        "10": -0.28759765625,
        "25": -1.1904296875,
        "50": 0.05462646484375
    },
    "4.pt": {
        "1": -0.31201171875,
        "5": -0.68505859375,
        "10": -1.0224609375,
        "25": -1.1474609375,
        "50": -0.689453125
    }
}