{
    "0.pt": {
        "1": -2.02734375,
        "5": -0.319091796875,
        "10": -1.1474609375,
        "25": -0.9638671875,
        "50": -2.0
    },
    "1.pt": {
        "1": -0.37939453125,
        "5": -1.09375,
        "10": -0.08148193359375,
        "25": -1.6669921875,
        "50": -1.2431640625
    },
    "2.pt": {
        "1": -0.51806640625,
        "5": 0.4716796875,
        "10": -2.001953125,
        "25": -1.1328125,
        "50": -1.0595703125
    },
    "3.pt": {
        "1": -1.0849609375,
        "5": -0.44189453125,
        "10": -0.87109375,
        "25": -0.454833984375,
        "50": -1.80859375
    },
    "4.pt": {
        "1": -0.91162109375,
        "5": -1.0361328125,
        "10": -0.6337890625,
        "25": -1.3154296875,
        "50": -1.2783203125
    }
}