{
    "0.pt": {
        "1": 0.57373046875,
        "5": -0.1273193359375,
        "10": -1.5693359375,
        "25": -1.6279296875,
        "50": -0.24560546875
    },
    "1.pt": {
        "1": -0.8154296875,
        "5": -0.861328125,
        "10": -1.5439453125,
        "25": -0.7236328125,
        "50": -1.6494140625
    },
    "2.pt": {
        "1": -2.05078125,
        "5": -1.166015625,
        "10": -0.4873046875,
        "25": -1.888671875,
        "50": -0.69775390625
    },
    "3.pt": {
        "1": -0.340087890625,
        "5": -0.1175537109375,
        "10": -1.873046875,
        "25": -0.93701171875,
        "50": -0.662109375
    },
    "4.pt": {
        "1": -1.2666015625,
        "5": -1.169921875,
        "10": 0.005275726318359375,
        "25": -0.5908203125,
        "50": -1.4306640625
    }
}