{
    "0.pt": {
        "1": -0.2156982421875,
        "5": -0.5634765625,
        "10": -0.888671875,
        "25": -0.54638671875,
        "50": -0.1888427734375
    },
    "1.pt": {
        "1": -1.5576171875,
        "5": -0.471923828125,
        "10": -1.5068359375,
        "25": -0.66015625,
        "50": -1.1708984375
    },
    "2.pt": {
        "1": -1.7177734375,
        "5": -0.494384765625,
        "10": -1.6513671875,
        "25": -1.5771484375,
        "50": -2.00390625
    },
    "3.pt": {
        "1": -0.86865234375,
        "5": -1.6455078125,
        "10": -1.64453125,
        "25": -1.572265625,
        "50": -1.1435546875
    },
    "4.pt": {
        "1": -1.95703125,
        "5": -0.81494140625,
        "10": -0.65966796875,
        "25": -1.7978515625,
        "50": -1.123046875
    }
}