{
    "0.pt": {
        "1": -2.09765625,
        "5": -1.15625,
        "10": 0.1318359375,
        "25": 0.006855010986328125,
        "50": -0.4892578125
    },
    "1.pt": {
        "1": -0.86865234375,
        "5": -0.1265869140625,
        "10": -1.4169921875,
        "25": -0.6494140625,
        "50": -1.78515625
    },
    "2.pt": {
        "1": -0.65576171875,
        "5": -0.56396484375,
        "10": -1.2373046875,
        "25": -1.6015625,
        "50": -0.8388671875
    },
    "3.pt": {
        "1": -1.083984375,
        "5": -0.2457275390625,
        "10": -1.6552734375,
        "25": -2.55078125,
        "50": -1.15625
    },
    "4.pt": {
        "1": 0.1417236328125,
        "5": -1.158203125,
        "10": -1.4697265625,
        "25": -1.4248046875,
        "50": -0.206787109375
    }
}