{
    "0.pt": {
        "1": -0.96533203125,
        "5": -0.369140625,
        "10": -1.7666015625,
        "25": -1.4033203125,
        "50": -1.5439453125
    },
    "1.pt": {
        "1": -0.42822265625,
        "5": -1.5068359375,
        "10": -1.2138671875,
        "25": -0.9228515625,
        "50": -1.26171875
    },
    "2.pt": {
        "1": -1.2197265625,
        "5": -1.984375,
        "10": -1.5947265625,
        "25": -1.38671875,
        "50": -0.6591796875
    },
    "3.pt": {
        "1": -1.5390625,
        "5": -0.01517486572265625,
        "10": -0.953125,
        "25": -1.4560546875,
        "50": -1.5732421875
    },
    "4.pt": {
        "1": -1.796875,
        "5": -1.322265625,
        "10": -2.216796875,
        "25": -2.328125,
        "50": -0.0166168212890625
    }
}