{
    "0.pt": {
        "1": -1.3447265625,
        "5": -0.97705078125,
        "10": -1.0537109375,
        "25": -1.6416015625,
        "50": -1.0126953125
    },
    "1.pt": {
        "1": -0.0869140625,
        "5": -1.615234375,
        "10": -1.279296875,
        "25": -1.2529296875,
        "50": -0.31787109375
    },
    "2.pt": {
        "1": -1.556640625,
        "5": -1.0322265625,
        "10": -2.03515625,
        "25": -0.6142578125,
        "50": -1.181640625
    },
    "3.pt": {
        "1": -1.880859375,
        "5": -1.142578125,
        "10": -1.76953125,
        "25": -1.1123046875,
        "50": -1.498046875
    },
    "4.pt": {
        "1": -1.4345703125,
        "5": 0.0142364501953125,
        "10": -0.646484375,
        "25": -2.041015625,
        "50": -0.380126953125
    }
}