{
    "0.pt": {
        "1": -0.73583984375,
        "5": -1.5068359375,
        "10": -1.8427734375,
        "25": -1.6337890625,
        "50": -1.265625
    },
    "1.pt": {
        "1": -1.69921875,
        "5": -0.83984375,
        "10": -1.912109375,
        "25": -1.8740234375,
        "50": -0.39453125
    },
    "2.pt": {
        "1": -1.2841796875,
        "5": -2.1796875,
        "10": -0.384521484375,
        "25": -0.208251953125,
        "50": -1.9306640625
    },
    "3.pt": {
        "1": -1.650390625,
        "5": -0.95849609375,
        "10": -1.888671875,
        "25": -1.849609375,
        "50": -2.5078125
    },
    "4.pt": {
        "1": -1.0888671875,
        "5": -0.31640625,
        "10": -1.76171875,
        "25": -0.42041015625,
        "50": -1.90625
    }
}