{
    "0.pt": {
        "1": -1.12109375,
        "5": -2.158203125,
        "10": -0.308837890625,
        "25": -0.61328125,
        "50": -1.048828125
    },
    "1.pt": {
        "1": 0.2235107421875,
        "5": -1.439453125,
        "10": -0.87890625,
        "25": -1.6953125,
        "50": -0.89501953125
    },
    "2.pt": {
        "1": -1.1015625,
        "5": -2.0078125,
        "10": -0.8017578125,
        "25": -1.916015625,
        "50": -1.560546875
    },
    "3.pt": {
        "1": 0.072021484375,
        "5": -0.62451171875,
        "10": -1.3603515625,
        "25": -0.5654296875,
        "50": -1.5673828125
    },
    "4.pt": {
        "1": -1.18359375,
        "5": -0.56201171875,
        "10": -0.7900390625,
        "25": 0.17041015625,
        "50": -0.30029296875
    }
}