{
    "0.pt": {
        "1": -0.9033203125,
        "5": -1.609375,
        "10": -1.396484375,
        "25": -0.9169921875,
        "50": -1.28515625
    },
    "1.pt": {
        "1": -1.7822265625,
        "5": -1.537109375,
        "10": -1.3046875,
        "25": -1.8818359375,
        "50": -0.826171875
    },
    "2.pt": {
        "1": -0.7080078125,
        "5": -1.044921875,
        "10": -0.85205078125,
        "25": -0.9833984375,
        "50": -0.51220703125
    },
    "3.pt": {
        "1": -0.6962890625,
        "5": -1.6708984375,
        "10": -1.9189453125,
        "25": -0.39453125,
        "50": -0.69384765625
    },
    "4.pt": {
        "1": -1.7353515625,
        "5": -1.5224609375,
        "10": -1.6630859375,
        "25": -1.4990234375,
        "50": -1.1376953125
    }
}