{
    "0.pt": {
        "1": -1.6689453125,
        "5": -0.86279296875,
        "10": -1.7236328125,
        "25": -1.0234375,
        "50": -0.5859375
    },
    "1.pt": {
        "1": -1.5810546875,
        "5": -1.47265625,
        "10": -2.201171875,
        "25": -2.30078125,
        "50": -0.81103515625
    },
    "2.pt": {
        "1": -1.208984375,
        "5": -2.3359375,
        "10": -2.2109375,
        "25": -0.58056640625,
        "50": -1.25
    },
    "3.pt": {
        "1": 0.15869140625,
        "5": -0.9443359375,
        "10": -1.0478515625,
        "25": -1.8671875,
        "50": -0.9091796875
    },
    "4.pt": {
        "1": -1.6611328125,
        "5": 0.170166015625,
        "10": -1.779296875,
        "25": -1.193359375,
        "50": -1.3896484375
    }
}