{
    "0.pt": {
        "1": -0.1016845703125,
        "5": 0.01200103759765625,
        "10": -1.30859375,
        "25": -0.65625,
        "50": -1.3916015625
    },
    "1.pt": {
        "1": -1.3154296875,
        "5": -2.08984375,
        "10": -1.9052734375,
        "25": -2.166015625,
        "50": -1.814453125
    },
    "2.pt": {
        "1": -0.69921875,
        "5": -0.489990234375,
        "10": -1.953125,
        "25": -0.260498046875,
        "50": -1.6142578125
    },
    "3.pt": {
        "1": -1.2568359375,
        "5": -1.0869140625,
        "10": -0.246337890625,
        "25": -1.5654296875,
        "50": -0.099609375
    },
    "4.pt": {
        "1": -2.12109375,
        "5": -1.154296875,
        "10": -1.7705078125,
        "25": -0.2332763671875,
        "50": -1.3232421875
    }
}