{
    "0.pt": {
        "1": -0.257568359375,
        "5": -0.2398681640625,
        "10": -0.271484375,
        "25": -0.78955078125,
        "50": -0.75732421875
    },
    "1.pt": {
        "1": -0.47216796875,
        "5": -1.2021484375,
        "10": -2.4140625,
        "25": -0.712890625,
        "50": -1.08984375
    },
    "2.pt": {
        "1": -1.794921875,
        "5": -2.16015625,
        "10": 0.182861328125,
        "25": -1.4033203125,
        "50": -0.939453125
    },
    "3.pt": {
        "1": -1.353515625,
        "5": -0.18115234375,
        "10": -0.372314453125,
        "25": -0.238037109375,
        "50": -1.0341796875
    },
    "4.pt": {
        "1": -0.6884765625,
        "5": 0.26611328125,
        "10": -0.4052734375,
        "25": -0.7431640625,
        "50": -0.5166015625
    }
}