{
    "0.pt": {
        "1": -1.5498046875,
        "5": -0.93408203125,
        "10": -1.1357421875,
        "25": -1.080078125,
        "50": -0.01403045654296875
    },
    "1.pt": {
        "1": -0.4033203125,
        "5": -1.2392578125,
        "10": -0.472900390625,
        "25": -0.62939453125,
        "50": -1.9345703125
    },
    "2.pt": {
        "1": -1.3740234375,
        "5": -1.5341796875,
        "10": 0.053924560546875,
        "25": -1.232421875,
        "50": -0.433349609375
    },
    "3.pt": {
        "1": -0.62939453125,
        "5": -1.65234375,
        "10": -1.0556640625,
        "25": -1.2060546875,
        "50": -1.408203125
    },
    "4.pt": {
        "1": 0.03314208984375,
        "5": -0.291748046875,
        "10": -0.4619140625,
        "25": -0.468505859375,
        "50": -1.1142578125
    }
}