{
    "0.pt": {
        "1": -0.89990234375,
        "5": -0.3701171875,
        "10": -1.8681640625,
        "25": -1.2998046875,
        "50": -0.489501953125
    },
    "1.pt": {
        "1": -1.3388671875,
        "5": -1.841796875,
        "10": -1.4296875,
        "25": -0.490966796875,
        "50": -1.4052734375
    },
    "2.pt": {
        "1": -0.22314453125,
        "5": -1.544921875,
        "10": -0.93603515625,
        "25": 0.03936767578125,
        "50": -1.681640625
    },
    "3.pt": {
        "1": -1.9599609375,
        "5": 0.103515625,
        "10": -1.880859375,
        "25": -0.9501953125,
        "50": -0.57421875
    },
    "4.pt": {
        "1": -1.23828125,
        "5": -1.615234375,
        "10": -0.98974609375,
        "25": -0.8154296875,
        "50": -0.99755859375
    }
}