{
    "0.pt": {
        "1": 0.2470703125,
        "5": 1.37890625,
        "10": -0.2266845703125,
        "25": -0.1378173828125,
        "50": -0.68798828125
    },
    "1.pt": {
        "1": -1.1396484375,
        "5": -1.7919921875,
        "10": -0.970703125,
        "25": -1.6494140625,
        "50": -0.83251953125
    },
    "2.pt": {
        "1": -1.251953125,
        "5": -1.138671875,
        "10": -1.98046875,
        "25": -1.197265625,
        "50": -0.025054931640625
    },
    "3.pt": {
        "1": -1.041015625,
        "5": -1.9248046875,
        "10": -1.1298828125,
        "25": -1.9833984375,
        "50": -1.333984375
    },
    "4.pt": {
        "1": -1.75390625,
        "5": -1.66015625,
        "10": -0.94140625,
        "25": -1.7265625,
        "50": -1.48828125
    }
}