{
    "0.pt": {
        "1": -1.091796875,
        "5": -1.63671875,
        "10": -0.60791015625,
        "25": -1.244140625,
        "50": -1.556640625
    },
    "1.pt": {
        "1": -1.853515625,
        "5": -1.3076171875,
        "10": -1.93359375,
        "25": -1.869140625,
        "50": -1.5595703125
    },
    "2.pt": {
        "1": -0.88671875,
        "5": -1.3564453125,
        "10": -0.41455078125,
        "25": -2.29296875,
        "50": -0.443359375
    },
    "3.pt": {
        "1": -0.5419921875,
        "5": -1.765625,
        "10": -2.123046875,
        "25": -0.72998046875,
        "50": -1.2978515625
    },
    "4.pt": {
        "1": 0.383544921875,
        "5": -1.2626953125,
        "10": -1.0146484375,
        "25": -1.7265625,
        "50": 0.1292724609375
    }
}