{
    "0.pt": {
        "1": -0.1114501953125,
        "5": -1.134765625,
        "10": -1.34375,
        "25": -1.181640625,
        "50": -0.85595703125
    },
    "1.pt": {
        "1": 0.031768798828125,
        "5": -0.93896484375,
        "10": -1.0791015625,
        "25": -0.03948974609375,
        "50": -1.1171875
    },
    "2.pt": {
        "1": -0.98779296875,
        "5": -1.3056640625,
        "10": -1.5,
        "25": -1.51171875,
        "50": -1.931640625
    },
    "3.pt": {
        "1": -1.6123046875,
        "5": -0.29736328125,
        "10": -1.75,
        "25": -0.73046875,
        "50": -1.8642578125
    },
    "4.pt": {
        "1": -1.2998046875,
        "5": -0.09210205078125,
        "10": -1.7529296875,
        "25": -1.390625,
        "50": -1.6181640625
    }
}