{
    "0.pt": {
        "1": -0.336669921875,
        "5": -0.4833984375,
        "10": -0.00649261474609375,
        "25": -0.9130859375,
        "50": -0.61181640625
    },
    "1.pt": {
        "1": -1.9169921875,
        "5": -1.3818359375,
        "10": -1.7841796875,
        "25": -1.2470703125,
        "50": -0.4873046875
    },
    "2.pt": {
        "1": 0.01140594482421875,
        "5": -0.82568359375,
        "10": -0.80810546875,
        "25": 0.0059661865234375,
        "50": -0.240478515625
    },
    "3.pt": {
        "1": 0.0225067138671875,
        "5": -1.5625,
        "10": -0.53515625,
        "25": 0.0033702850341796875,
        "50": -0.8544921875
    },
    "4.pt": {
        "1": -2.03125,
        "5": -1.5380859375,
        "10": -1.4404296875,
        "25": -1.2822265625,
        "50": -0.67626953125
    }
}