{
    "0.pt": {
        "1": -1.4072265625,
        "5": 0.2464599609375,
        "10": -1.5966796875,
        "25": -1.0244140625,
        "50": 0.109619140625
    },
    "1.pt": {
        "1": -1.3251953125,
        "5": -1.7705078125,
        "10": -2.0625,
        "25": -1.5654296875,
        "50": -0.3134765625
    },
    "2.pt": {
        "1": -0.3037109375,
        "5": -1.560546875,
        "10": -0.49169921875,
        "25": -0.9248046875,
        "50": -1.4873046875
    },
    "3.pt": {
        "1": -1.798828125,
        "5": -0.16162109375,
        "10": -1.9775390625,
        "25": -1.80859375,
        "50": -0.9033203125
    },
    "4.pt": {
        "1": -1.2490234375,
        "5": -0.34423828125,
        "10": -1.4169921875,
        "25": -1.3193359375,
        "50": -0.5419921875
    }
}