{
    "0.pt": {
        "1": -0.38427734375,
        "5": -0.263916015625,
        "10": -1.40234375,
        "25": 0.147705078125,
        "50": -0.560546875
    },
    "1.pt": {
        "1": -0.5146484375,
        "5": -0.67529296875,
        "10": -0.51416015625,
        "25": -0.7412109375,
        "50": -0.396728515625
    },
    "2.pt": {
        "1": -0.119384765625,
        "5": -2.263671875,
        "10": -1.453125,
        "25": -0.94287109375,
        "50": -1.0859375
    },
    "3.pt": {
        "1": -0.849609375,
        "5": -0.94970703125,
        "10": 0.030853271484375,
        "25": 0.273681640625,
        "50": -2.08203125
    },
    "4.pt": {
        "1": -0.97216796875,
        "5": -0.75439453125,
        "10": -1.083984375,
        "25": -0.07415771484375,
        "50": -0.230224609375
    }
}