{
    "0.pt": {
        "1": -1.2607421875,
        "5": -0.6689453125,
        "10": -0.939453125,
        "25": -1.6171875,
        "50": -1.3681640625
    },
    "1.pt": {
        "1": -1.748046875,
        "5": -0.76806640625,
        "10": -0.279052734375,
        "25": -1.244140625,
        "50": -0.2666015625
    },
    "2.pt": {
        "1": -1.3203125,
        "5": -0.87646484375,
        "10": -0.6025390625,
        "25": -0.1778564453125,
        "50": -0.72509765625
    },
    "3.pt": {
        "1": -2.0625,
        "5": -0.93701171875,
        "10": -0.00983428955078125,
        "25": -1.369140625,
        "50": -1.48046875
    },
    "4.pt": {
        "1": -1.1865234375,
        "5": -1.4482421875,
        "10": -0.26904296875,
        "25": -0.9921875,
        "50": -1.6025390625
    }
}