{
    "0.pt": {
        "1": 0.06658935546875,
        "5": -0.7490234375,
        "10": -0.572265625,
        "25": -1.05078125,
        "50": -0.1768798828125
    },
    "1.pt": {
        "1": 0.036041259765625,
        "5": -0.86279296875,
        "10": -1.740234375,
        "25": -0.376708984375,
        "50": 0.07867431640625
    },
    "2.pt": {
        "1": -0.6171875,
        "5": -1.8291015625,
        "10": -1.1611328125,
        "25": -1.3486328125,
        "50": -1.2578125
    },
    "3.pt": {
        "1": -1.076171875,
        "5": -0.97509765625,
        "10": -2.05859375,
        "25": -1.52734375,
        "50": -1.4326171875
    },
    "4.pt": {
        "1": -0.9560546875,
        "5": -1.0908203125,
        "10": -1.0986328125,
        "25": -1.60546875,
        "50": -0.41552734375
    }
}