{
    "0.pt": {
        "1": -0.05517578125,
        "5": -0.1463623046875,
        "10": -0.370361328125,
        "25": -1.58984375,
        "50": -0.63623046875
    },
    "1.pt": {
        "1": -1.0927734375,
        "5": -1.8896484375,
        "10": -1.0498046875,
        "25": -0.72705078125,
        "50": -1.7080078125
    },
    "2.pt": {
        "1": -0.1048583984375,
        "5": -0.7216796875,
        "10": -1.0126953125,
        "25": -1.6953125,
        "50": -0.421630859375
    },
    "3.pt": {
        "1": -0.9541015625,
        "5": -2.126953125,
        "10": -0.1771240234375,
        "25": -1.4619140625,
        "50": 0.73681640625
    },
    "4.pt": {
        "1": -0.78564453125,
        "5": -0.78759765625,
        "10": -1.1650390625,
        "25": -0.3603515625,
        "50": -0.266357421875
    }
}