{
    "0.pt": {
        "1": -1.3828125,
        "5": -0.01488494873046875,
        "10": -0.3310546875,
        "25": 0.390380859375,
        "50": -0.9033203125
    },
    "1.pt": {
        "1": -1.3291015625,
        "5": -0.462890625,
        "10": -0.438720703125,
        "25": -1.224609375,
        "50": -0.49462890625
    },
    "2.pt": {
        "1": -0.77685546875,
        "5": -1.27734375,
        "10": -0.9951171875,
        "25": 0.2296142578125,
        "50": -0.6982421875
    },
    "3.pt": {
        "1": 0.00582122802734375,
        "5": -1.140625,
        "10": -1.8837890625,
        "25": -1.626953125,
        "50": -0.51708984375
    },
    "4.pt": {
        "1": -0.91748046875,
        "5": -0.73828125,
        "10": -1.4482421875,
        "25": -2.05859375,
        "50": -0.56689453125
    }
}