{
    "0.pt": {
        "1": -1.376953125,
        "5": -1.8125,
        "10": -0.54833984375,
        "25": 0.07513427734375,
        "50": -1.2578125
    },
    "1.pt": {
        "1": -1.251953125,
        "5": -1.5205078125,
        "10": -0.495849609375,
        "25": -2.1171875,
        "50": -1.26953125
    },
    "2.pt": {
        "1": -2.3671875,
        "5": -1.1337890625,
        "10": -1.392578125,
        "25": -1.5302734375,
        "50": -2.384765625
    },
    "3.pt": {
        "1": -1.7421875,
        "5": -1.333984375,
        "10": -0.1363525390625,
        "25": -0.59716796875,
        "50": -1.4453125
    },
    "4.pt": {
        "1": -1.1279296875,
        "5": -1.7255859375,
        "10": -1.1689453125,
        "25": -0.43017578125,
        "50": -0.7197265625
    }
}