{
    "0.pt": {
        "1": -1.2958984375,
        "5": -0.73583984375,
        "10": -1.578125,
        "25": -1.171875,
        "50": 0.087646484375
    },
    "1.pt": {
        "1": -1.453125,
        "5": 0.123779296875,
        "10": -1.5693359375,
        "25": -0.6826171875,
        "50": 0.131591796875
    },
    "2.pt": {
        "1": -0.53271484375,
        "5": -1.107421875,
        "10": -0.9580078125,
        "25": -1.380859375,
        "50": 0.2152099609375
    },
    "3.pt": {
        "1": -0.69580078125,
        "5": -0.1976318359375,
        "10": -0.471435546875,
        "25": -0.81591796875,
        "50": -1.064453125
    },
    "4.pt": {
        "1": -0.5078125,
        "5": -0.1983642578125,
        "10": -0.54345703125,
        "25": -1.5029296875,
        "50": -1.875
    }
}