{
    "0.pt": {
        "1": -1.166015625,
        "5": -0.11553955078125,
        "10": -0.91064453125,
        "25": -2.212890625,
        "50": -1.5166015625
    },
    "1.pt": {
        "1": -1.5966796875,
        "5": -1.8681640625,
        "10": -1.1474609375,
        "25": -2.283203125,
        "50": -1.1962890625
    },
    "2.pt": {
        "1": -0.399658203125,
        "5": -0.73974609375,
        "10": -1.4658203125,
        "25": -0.91552734375,
        "50": 0.047454833984375
    },
    "3.pt": {
        "1": -1.2919921875,
        "5": -1.0771484375,
        "10": -1.6064453125,
        "25": -1.62109375,
        "50": -1.9423828125
    },
    "4.pt": {
        "1": -1.91796875,
        "5": -2.091796875,
        "10": -1.4599609375,
        "25": -1.1474609375,
        "50": -0.42724609375
    }
}