{
    "0.pt": {
        "1": -2.115234375,
        "5": -1.470703125,
        "10": -1.1904296875,
        "25": -0.2486572265625,
        "50": -0.401123046875
    },
    "1.pt": {
        "1": -1.2421875,
        "5": 0.443359375,
        "10": -0.60595703125,
        "25": -1.2978515625,
        "50": -0.230712890625
    },
    "2.pt": {
        "1": -0.19140625,
        "5": -1.072265625,
        "10": -0.26953125,
        "25": -1.2666015625,
        "50": -1.8251953125
    },
    "3.pt": {
        "1": -0.80078125,
        "5": -0.74560546875,
        "10": -1.6123046875,
        "25": -1.720703125,
        "50": -0.712890625
    },
    "4.pt": {
        "1": -0.1513671875,
        "5": -0.2364501953125,
        "10": -0.71044921875,
        "25": -1.2998046875,
        "50": -0.56298828125
    }
}