{
    "0.pt": {
        "1": -0.83349609375,
        "5": 0.437744140625,
        "10": -0.72802734375,
        "25": -1.943359375,
        "50": -1.0556640625
    },
    "1.pt": {
        "1": -1.1328125,
        "5": -0.308349609375,
        "10": -0.336669921875,
        "25": -0.172119140625,
        "50": -0.8798828125
    },
    "2.pt": {
        "1": -0.62451171875,
        "5": -0.59912109375,
        "10": -1.2080078125,
        "25": 0.1279296875,
        "50": -2.19921875
    },
    "3.pt": {
        "1": -1.0400390625,
        "5": -1.294921875,
        "10": -1.205078125,
        "25": -1.6328125,
        "50": -0.55224609375
    },
    "4.pt": {
        "1": -1.9052734375,
        "5": -1.4443359375,
        "10": -1.486328125,
        "25": -0.97802734375,
        "50": -1.50390625
    }
}