{
    "0.pt": {
        "1": -0.466064453125,
        "5": -0.389892578125,
        "10": -0.6689453125,
        "25": -0.681640625,
        "50": -0.2425537109375
    },
    "1.pt": {
        "1": -0.91943359375,
        "5": 0.41943359375,
        "10": 0.0509033203125,
        "25": -1.1533203125,
        "50": -0.207275390625
    },
    "2.pt": {
        "1": -1.3662109375,
        "5": -1.7412109375,
        "10": -0.463134765625,
        "25": -1.8935546875,
        "50": -1.6875
    },
    "3.pt": {
        "1": -1.173828125,
        "5": -0.8359375,
        "10": -1.66015625,
        "25": -0.677734375,
        "50": -0.75341796875
    },
    "4.pt": {
        "1": 0.173095703125,
        "5": -1.1865234375,
        "10": -1.4873046875,
        "25": -0.217041015625,
        "50": 0.463623046875
    }
}