{
    "0.pt": {
        "1": -0.48876953125,
        "5": -0.77294921875,
        "10": 0.0487060546875,
        "25": -1.33984375,
        "50": -0.478515625
    },
    "1.pt": {
        "1": 0.67529296875,
        "5": 0.056427001953125,
        "10": -1.5517578125,
        "25": -1.5791015625,
        "50": -1.53125
    },
    "2.pt": {
        "1": -1.1806640625,
        "5": -1.3642578125,
        "10": -0.02532958984375,
        "25": -0.296142578125,
        "50": -1.759765625
    },
    "3.pt": {
        "1": 0.061798095703125,
        "5": -2.078125,
        "10": -0.85546875,
        "25": -0.51611328125,
        "50": 0.1761474609375
    },
    "4.pt": {
        "1": -1.3837890625,
        "5": -1.0087890625,
        "10": -1.8515625,
        "25": -1.1328125,
        "50": -1.78515625
    }
}