{
    "0.pt": {
        "1": -2.099609375,
        "5": -1.44921875,
        "10": -0.65625,
        "25": -1.642578125,
        "50": -0.56787109375
    },
    "1.pt": {
        "1": -1.3994140625,
        "5": -0.9990234375,
        "10": -1.736328125,
        "25": -1.2099609375,
        "50": -0.728515625
    },
    "2.pt": {
        "1": -1.388671875,
        "5": -1.0419921875,
        "10": -1.208984375,
        "25": -1.2900390625,
        "50": -0.257080078125
    },
    "3.pt": {
        "1": -1.642578125,
        "5": -1.361328125,
        "10": -0.30908203125,
        "25": -1.80078125,
        "50": -0.69970703125
    },
    "4.pt": {
        "1": -1.1337890625,
        "5": -0.90966796875,
        "10": -1.90234375,
        "25": -0.14013671875,
        "50": -1.3212890625
    }
}