{
    "0.pt": {
        "1": -0.44775390625,
        "5": -0.9443359375,
        "10": -1.30859375,
        "25": -0.95458984375,
        "50": -1.3740234375
    },
    "1.pt": {
        "1": -0.51611328125,
        "5": -0.056121826171875,
        "10": -1.314453125,
        "25": -1.51953125,
        "50": -0.42041015625
    },
    "2.pt": {
        "1": -1.1455078125,
        "5": 0.49169921875,
        "10": -1.1416015625,
        "25": -1.2529296875,
        "50": -1.0107421875
    },
    "3.pt": {
        "1": -0.2423095703125,
        "5": -1.5771484375,
        "10": -0.607421875,
        "25": -1.6904296875,
        "50": -0.896484375
    },
    "4.pt": {
        "1": -1.5390625,
        "5": -0.1639404296875,
        "10": -0.65283203125,
        "25": -0.2470703125,
        "50": -0.26611328125
    }
}