{
    "0.pt": {
        "1": -1.6513671875,
        "5": -0.91357421875,
        "10": -2.03125,
        "25": -2.66015625,
        "50": -0.5517578125
    },
    "1.pt": {
        "1": -0.35498046875,
        "5": -0.17333984375,
        "10": -1.3935546875,
        "25": -1.4775390625,
        "50": -0.62939453125
    },
    "2.pt": {
        "1": -0.331787109375,
        "5": -1.0419921875,
        "10": -0.33984375,
        "25": 0.266845703125,
        "50": -0.2080078125
    },
    "3.pt": {
        "1": -1.0556640625,
        "5": -0.33154296875,
        "10": -0.03411865234375,
        "25": -1.8154296875,
        "50": -1.2783203125
    },
    "4.pt": {
        "1": -1.3564453125,
        "5": -0.488037109375,
        "10": -0.1318359375,
        "25": -1.3203125,
        "50": -0.728515625
    }
}