{
    "0.pt": {
        "1": -0.87744140625,
        "5": -1.7109375,
        "10": -1.58203125,
        "25": -2.1015625,
        "50": -1.1328125
    },
    "1.pt": {
        "1": -0.395263671875,
        "5": -0.955078125,
        "10": -1.412109375,
        "25": -0.68359375,
        "50": -0.65380859375
    },
    "2.pt": {
        "1": -1.25,
        "5": -1.728515625,
        "10": -1.0283203125,
        "25": -1.5126953125,
        "50": -1.3583984375
    },
    "3.pt": {
        "1": -1.935546875,
        "5": -1.2451171875,
        "10": -2.04296875,
        "25": -1.31640625,
        "50": 0.1314697265625
    },
    "4.pt": {
        "1": -0.87744140625,
        "5": -1.0947265625,
        "10": -1.2158203125,
        "25": -1.6142578125,
        "50": -0.8203125
    }
}