{
    "0.pt": {
        "1": -0.41748046875,
        "5": -0.484130859375,
        "10": -1.904296875,
        "25": -0.305908203125,
        "50": -0.6240234375
    },
    "1.pt": {
        "1": -0.01403045654296875,
        "5": -1.5380859375,
        "10": -1.41796875,
        "25": -0.107421875,
        "50": -1.73828125
    },
    "2.pt": {
        "1": -1.70703125,
        "5": -0.389892578125,
        "10": -0.33935546875,
        "25": -1.5419921875,
        "50": -0.6845703125
    },
    "3.pt": {
        "1": -1.083984375,
        "5": -1.5322265625,
        "10": -1.09765625,
        "25": -0.75732421875,
        "50": -0.56494140625
    },
    "4.pt": {
        "1": -1.802734375,
        "5": -1.0771484375,
        "10": -1.2578125,
        "25": -0.4482421875,
        "50": -0.7216796875
    }
}