{
    "0.pt": {
        "1": -0.061676025390625,
        "5": -0.7705078125,
        "10": -1.009765625,
        "25": -0.95166015625,
        "50": -0.1353759765625
    },
    "1.pt": {
        "1": -0.765625,
        "5": -1.3037109375,
        "10": -1.12109375,
        "25": -0.31396484375,
        "50": -0.469482421875
    },
    "2.pt": {
        "1": -1.3056640625,
        "5": -1.625,
        "10": 0.0302581787109375,
        "25": -0.966796875,
        "50": -1.0615234375
    },
    "3.pt": {
        "1": -0.2607421875,
        "5": -1.677734375,
        "10": -1.2548828125,
        "25": -0.32177734375,
        "50": -0.40185546875
    },
    "4.pt": {
        "1": -1.1806640625,
        "5": 0.26513671875,
        "10": -0.67138671875,
        "25": -1.1923828125,
        "50": -1.1484375
    }
}