{
    "0.pt": {
        "1": -0.85302734375,
        "5": -1.0576171875,
        "10": -1.8232421875,
        "25": -0.7529296875,
        "50": -1.25
    },
    "1.pt": {
        "1": -0.75146484375,
        "5": -0.1910400390625,
        "10": -0.30615234375,
        "25": -1.5615234375,
        "50": -1.1220703125
    },
    "2.pt": {
        "1": -0.221923828125,
        "5": -0.38671875,
        "10": -1.8203125,
        "25": -0.83642578125,
        "50": -0.72705078125
    },
    "3.pt": {
        "1": -0.7890625,
        "5": -0.330078125,
        "10": -0.72314453125,
        "25": -0.249267578125,
        "50": -1.3486328125
    },
    "4.pt": {
        "1": -1.9990234375,
        "5": -0.7841796875,
        "10": -0.295166015625,
        "25": -0.83642578125,
        "50": -0.0164947509765625
    }
}