{
    "0.pt": {
        "1": -1.6318359375,
        "5": -1.2470703125,
        "10": -0.97314453125,
        "25": -1.41796875,
        "50": -1.318359375
    },
    "1.pt": {
        "1": -1.0361328125,
        "5": -2.32421875,
        "10": -1.6474609375,
        "25": -1.0400390625,
        "50": -0.65234375
    },
    "2.pt": {
        "1": -1.7158203125,
        "5": -1.4560546875,
        "10": -1.4150390625,
        "25": -1.599609375,
        "50": -0.345458984375
    },
    "3.pt": {
        "1": -1.1328125,
        "5": -0.34765625,
        "10": -1.50390625,
        "25": -1.6201171875,
        "50": -1.359375
    },
    "4.pt": {
        "1": -1.6533203125,
        "5": -1.552734375,
        "10": -1.4384765625,
        "25": -1.0751953125,
        "50": -1.25
    }
}