{
    "0.pt": {
        "1": -0.88916015625,
        "5": -0.7431640625,
        "10": -1.0009765625,
        "25": -0.7431640625,
        "50": -1.404296875
    },
    "1.pt": {
        "1": -0.541015625,
        "5": 0.11285400390625,
        "10": -2.36328125,
        "25": -0.383544921875,
        "50": -1.6611328125
    },
    "2.pt": {
        "1": -1.875,
        "5": -1.2275390625,
        "10": -1.19921875,
        "25": -2.029296875,
        "50": -1.1796875
    },
    "3.pt": {
        "1": -0.05303955078125,
        "5": -0.81298828125,
        "10": -0.20556640625,
        "25": -0.56884765625,
        "50": -0.880859375
    },
    "4.pt": {
        "1": -1.185546875,
        "5": -1.548828125,
        "10": -0.77880859375,
        "25": -2.2109375,
        "50": -0.3525390625
    }
}