{
    "0.pt": {
        "1": -0.295654296875,
        "5": -1.802734375,
        "10": -0.455078125,
        "25": 0.927734375,
        "50": -0.278076171875
    },
    "1.pt": {
        "1": -0.5908203125,
        "5": -1.046875,
        "10": -1.443359375,
        "25": -0.94091796875,
        "50": -1.05859375
    },
    "2.pt": {
        "1": -0.88720703125,
        "5": -1.1904296875,
        "10": -0.66064453125,
        "25": -1.654296875,
        "50": -0.365478515625
    },
    "3.pt": {
        "1": -0.97412109375,
        "5": -1.6328125,
        "10": -0.2498779296875,
        "25": -0.72802734375,
        "50": -1.2392578125
    },
    "4.pt": {
        "1": -1.7783203125,
        "5": -1.9736328125,
        "10": -1.216796875,
        "25": -1.7529296875,
        "50": -0.77197265625
    }
}