{
    "0.pt": {
        "1": -1.0458984375,
        "5": -1.3779296875,
        "10": -1.1123046875,
        "25": -1.2783203125,
        "50": -1.2109375
    },
    "1.pt": {
        "1": -1.525390625,
        "5": -0.64404296875,
        "10": -0.72412109375,
        "25": -1.7470703125,
        "50": -0.87353515625
    },
    "2.pt": {
        "1": -1.40625,
        "5": -1.3662109375,
        "10": -1.3212890625,
        "25": -1.783203125,
        "50": -0.9287109375
    },
    "3.pt": {
        "1": -1.2978515625,
        "5": -0.908203125,
        "10": -1.3515625,
        "25": -1.7900390625,
        "50": -0.45654296875
    },
    "4.pt": {
        "1": -0.2052001953125,
        "5": -0.580078125,
        "10": -2.02734375,
        "25": -1.171875,
        "50": -0.794921875
    }
}