{
    "0.pt": {
        "1": -1.7626953125,
        "5": -1.275390625,
        "10": -1.4521484375,
        "25": -1.7529296875,
        "50": -1.99609375
    },
    "1.pt": {
        "1": -1.763671875,
        "5": -0.5322265625,
        "10": -0.70068359375,
        "25": -1.7607421875,
        "50": -1.791015625
    },
    "2.pt": {
        "1": -0.318115234375,
        "5": -1.5615234375,
        "10": -1.474609375,
        "25": -1.02734375,
        "50": -1.7099609375
    },
    "3.pt": {
        "1": -1.970703125,
        "5": -1.6162109375,
        "10": -1.1640625,
        "25": -1.2548828125,
        "50": -0.81103515625
    },
    "4.pt": {
        "1": -2.396484375,
        "5": -2.109375,
        "10": -1.1611328125,
        "25": -1.2626953125,
        "50": -0.69140625
    }
}