{
    "0.pt": {
        "1": -1.44921875,
        "5": -1.1357421875,
        "10": -0.433349609375,
        "25": -0.88671875,
        "50": -1.8994140625
    },
    "1.pt": {
        "1": -1.0703125,
        "5": 0.380615234375,
        "10": -1.572265625,
        "25": -1.8447265625,
        "50": -0.33203125
    },
    "2.pt": {
        "1": -1.34375,
        "5": -1.01953125,
        "10": -0.0263214111328125,
        "25": -1.8583984375,
        "50": -0.288330078125
    },
    "3.pt": {
        "1": -2.130859375,
        "5": -1.6806640625,
        "10": -1.7890625,
        "25": -0.22216796875,
        "50": 0.00878143310546875
    },
    "4.pt": {
        "1": -0.4755859375,
        "5": -0.9873046875,
        "10": -1.6298828125,
        "25": -0.1446533203125,
        "50": -0.755859375
    }
}