{
    "0.pt": {
        "1": -0.65380859375,
        "5": -1.2841796875,
        "10": -1.3232421875,
        "25": -1.5205078125,
        "50": -0.1905517578125
    },
    "1.pt": {
        "1": -0.287353515625,
        "5": -1.7587890625,
        "10": -1.6279296875,
        "25": -1.5302734375,
        "50": -1.6142578125
    },
    "2.pt": {
        "1": -1.658203125,
        "5": -0.8076171875,
        "10": -0.0045166015625,
        "25": -0.286376953125,
        "50": -1.9130859375
    },
    "3.pt": {
        "1": -1.634765625,
        "5": -1.2841796875,
        "10": -1.7509765625,
        "25": -0.56640625,
        "50": 0.10089111328125
    },
    "4.pt": {
        "1": -1.701171875,
        "5": -0.958984375,
        "10": 0.0081634521484375,
        "25": -2.091796875,
        "50": -0.32177734375
    }
}