{
    "0.pt": {
        "1": -0.97265625,
        "5": -1.4462890625,
        "10": -1.1591796875,
        "25": -1.5283203125,
        "50": -0.517578125
    },
    "1.pt": {
        "1": -1.798828125,
        "5": -1.1552734375,
        "10": -1.427734375,
        "25": -1.3740234375,
        "50": -0.35302734375
    },
    "2.pt": {
        "1": -1.0712890625,
        "5": -1.0107421875,
        "10": -0.438720703125,
        "25": 0.26171875,
        "50": -1.27734375
    },
    "3.pt": {
        "1": -1.12890625,
        "5": -1.078125,
        "10": -1.51953125,
        "25": -1.75390625,
        "50": 0.251953125
    },
    "4.pt": {
        "1": -2.158203125,
        "5": -1.1357421875,
        "10": -0.8564453125,
        "25": 0.07965087890625,
        "50": -1.509765625
    }
}