{
    "0.pt": {
        "1": -1.3193359375,
        "5": -0.47119140625,
        "10": -1.490234375,
        "25": -1.443359375,
        "50": -0.43994140625
    },
    "1.pt": {
        "1": -1.375,
        "5": -0.291748046875,
        "10": -0.82421875,
        "25": -1.8359375,
        "50": -0.62255859375
    },
    "2.pt": {
        "1": -2.240234375,
        "5": -1.138671875,
        "10": -0.379150390625,
        "25": -0.9326171875,
        "50": -1.625
    },
    "3.pt": {
        "1": -1.845703125,
        "5": 0.03802490234375,
        "10": -1.19140625,
        "25": -1.330078125,
        "50": -0.865234375
    },
    "4.pt": {
        "1": -1.2109375,
        "5": -0.025848388671875,
        "10": -0.2197265625,
        "25": -1.619140625,
        "50": 0.2071533203125
    }
}