{
    "0.pt": {
        "1": -0.168701171875,
        "5": -1.8837890625,
        "10": -1.7509765625,
        "25": -0.90966796875,
        "50": -1.03125
    },
    "1.pt": {
        "1": -0.371826171875,
        "5": -1.0458984375,
        "10": 0.07684326171875,
        "25": -1.244140625,
        "50": -1.11328125
    },
    "2.pt": {
        "1": -0.51318359375,
        "5": -0.9716796875,
        "10": -1.1240234375,
        "25": -1.5,
        "50": -1.326171875
    },
    "3.pt": {
        "1": -1.0400390625,
        "5": 0.05633544921875,
        "10": -0.5087890625,
        "25": -1.296875,
        "50": -1.6142578125
    },
    "4.pt": {
        "1": -0.289794921875,
        "5": 0.1597900390625,
        "10": -1.9775390625,
        "25": -1.2197265625,
        "50": -0.32470703125
    }
}