{
    "0.pt": {
        "1": -0.9248046875,
        "5": -2.09765625,
        "10": -1.6884765625,
        "25": -0.8623046875,
        "50": -1.5185546875
    },
    "1.pt": {
        "1": -1.076171875,
        "5": -2.03515625,
        "10": -2.06640625,
        "25": -0.13134765625,
        "50": -0.1422119140625
    },
    "2.pt": {
        "1": -1.6796875,
        "5": -0.287353515625,
        "10": -1.919921875,
        "25": -0.5302734375,
        "50": -0.11712646484375
    },
    "3.pt": {
        "1": -1.3642578125,
        "5": -0.7255859375,
        "10": -1.9677734375,
        "25": -0.99462890625,
        "50": -1.7958984375
    },
    "4.pt": {
        "1": -1.5009765625,
        "5": -0.51611328125,
        "10": -1.220703125,
        "25": -1.3271484375,
        "50": -0.74658203125
    }
}