{
    "0.pt": {
        "1": -1.3076171875,
        "5": -0.03662109375,
        "10": -0.63427734375,
        "25": -1.6103515625,
        "50": -1.59375
    },
    "1.pt": {
        "1": -0.402099609375,
        "5": -1.435546875,
        "10": -1.7109375,
        "25": -1.916015625,
        "50": -0.8828125
    },
    "2.pt": {
        "1": -0.1392822265625,
        "5": -1.0751953125,
        "10": -0.444091796875,
        "25": -1.322265625,
        "50": -2.38671875
    },
    "3.pt": {
        "1": -0.755859375,
        "5": -1.7236328125,
        "10": -0.96533203125,
        "25": -1.3681640625,
        "50": -1.474609375
    },
    "4.pt": {
        "1": -0.70166015625,
        "5": 0.1766357421875,
        "10": -0.3466796875,
        "25": -2.134765625,
        "50": -1.40625
    }
}