{
    "0.pt": {
        "1": -1.5322265625,
        "5": -1.62890625,
        "10": -1.2470703125,
        "25": -1.4990234375,
        "50": -1.4208984375
    },
    "1.pt": {
        "1": -0.71533203125,
        "5": -1.3017578125,
        "10": -0.859375,
        "25": -2.333984375,
        "50": 0.7021484375
    },
    "2.pt": {
        "1": -0.248291015625,
        "5": -1.36328125,
        "10": -0.277587890625,
        "25": -0.29931640625,
        "50": -1.3896484375
    },
    "3.pt": {
        "1": -1.2353515625,
        "5": -1.140625,
        "10": -1.0654296875,
        "25": -0.184326171875,
        "50": -1.8759765625
    },
    "4.pt": {
        "1": -0.047607421875,
        "5": -1.009765625,
        "10": -0.06427001953125,
        "25": -2.03125,
        "50": -1.5576171875
    }
}