{
    "0.pt": {
        "1": -0.15869140625,
        "5": -1.115234375,
        "10": -2.07421875,
        "25": -1.5087890625,
        "50": -0.53271484375
    },
    "1.pt": {
        "1": -0.2335205078125,
        "5": -1.0615234375,
        "10": -0.9833984375,
        "25": -0.6357421875,
        "50": -0.11907958984375
    },
    "2.pt": {
        "1": -0.572265625,
        "5": -0.99755859375,
        "10": -1.54296875,
        "25": -1.6494140625,
        "50": -1.439453125
    },
    "3.pt": {
        "1": 0.29150390625,
        "5": -0.4169921875,
        "10": -0.40478515625,
        "25": -0.9931640625,
        "50": -0.06640625
    },
    "4.pt": {
        "1": -0.05181884765625,
        "5": -0.41162109375,
        "10": -0.90625,
        "25": -0.6982421875,
        "50": -1.357421875
    }
}