{
    "0.pt": {
        "1": -0.0322265625,
        "5": -0.81787109375,
        "10": -0.96484375,
        "25": -0.7080078125,
        "50": -0.96337890625
    },
    "1.pt": {
        "1": -0.8486328125,
        "5": -1.341796875,
        "10": -1.01171875,
        "25": -1.38671875,
        "50": -0.388427734375
    },
    "2.pt": {
        "1": 0.10784912109375,
        "5": -0.51171875,
        "10": -1.5869140625,
        "25": -1.6611328125,
        "50": -1.439453125
    },
    "3.pt": {
        "1": -0.970703125,
        "5": -0.59912109375,
        "10": -1.3369140625,
        "25": -0.587890625,
        "50": -1.5419921875
    },
    "4.pt": {
        "1": -1.6767578125,
        "5": -0.357421875,
        "10": -1.404296875,
        "25": -1.4755859375,
        "50": -0.71142578125
    }
}