{
    "0.pt": {
        "1": -1.52734375,
        "5": -1.623046875,
        "10": -1.2568359375,
        "25": -1.8603515625,
        "50": -1.9423828125
    },
    "1.pt": {
        "1": -1.4375,
        "5": -0.22216796875,
        "10": -0.55712890625,
        "25": -0.436279296875,
        "50": -1.6689453125
    },
    "2.pt": {
        "1": -1.2783203125,
        "5": -0.69970703125,
        "10": -0.1522216796875,
        "25": -0.31591796875,
        "50": -0.82275390625
    },
    "3.pt": {
        "1": -1.0068359375,
        "5": -1.7802734375,
        "10": -0.92724609375,
        "25": -0.472412109375,
        "50": -1.201171875
    },
    "4.pt": {
        "1": -0.011444091796875,
        "5": -0.75048828125,
        "10": -0.42041015625,
        "25": -1.1171875,
        "50": -0.1932373046875
    }
}