{
    "0.pt": {
        "1": -1.994140625,
        "5": -0.75537109375,
        "10": -1.9833984375,
        "25": -1.7373046875,
        "50": -0.71826171875
    },
    "1.pt": {
        "1": 0.150390625,
        "5": -1.4912109375,
        "10": -0.257080078125,
        "25": -2.404296875,
        "50": 0.1337890625
    },
    "2.pt": {
        "1": -1.1328125,
        "5": -0.051666259765625,
        "10": -2.052734375,
        "25": -1.8798828125,
        "50": -0.494384765625
    },
    "3.pt": {
        "1": -0.61328125,
        "5": -0.7861328125,
        "10": -1.79296875,
        "25": -1.1259765625,
        "50": -1.5263671875
    },
    "4.pt": {
        "1": -0.994140625,
        "5": -2.30859375,
        "10": -2.07421875,
        "25": -2.158203125,
        "50": -1.21484375
    }
}