{
    "0.pt": {
        "1": -2.078125,
        "5": -1.42578125,
        "10": -1.74609375,
        "25": -0.54443359375,
        "50": -0.2371826171875
    },
    "1.pt": {
        "1": -0.748046875,
        "5": -1.1015625,
        "10": -0.08514404296875,
        "25": 0.13623046875,
        "50": -1.75
    },
    "2.pt": {
        "1": -1.3779296875,
        "5": -1.4326171875,
        "10": -0.022125244140625,
        "25": -0.98681640625,
        "50": 0.0982666015625
    },
    "3.pt": {
        "1": -0.1478271484375,
        "5": -0.264404296875,
        "10": -0.97900390625,
        "25": -1.689453125,
        "50": -1.2470703125
    },
    "4.pt": {
        "1": -0.46240234375,
        "5": -1.369140625,
        "10": -1.1396484375,
        "25": -0.927734375,
        "50": -1.5078125
    }
}