{
    "0.pt": {
        "1": 0.0811767578125,
        "5": -1.255859375,
        "10": -1.41796875,
        "25": -1.55859375,
        "50": -0.01143646240234375
    },
    "1.pt": {
        "1": -1.7041015625,
        "5": 0.259033203125,
        "10": -0.91748046875,
        "25": -1.3193359375,
        "50": -0.3095703125
    },
    "2.pt": {
        "1": -1.4580078125,
        "5": -2.1171875,
        "10": -0.5009765625,
        "25": -1.14453125,
        "50": 0.0963134765625
    },
    "3.pt": {
        "1": -0.74169921875,
        "5": -0.92578125,
        "10": -0.6171875,
        "25": -1.119140625,
        "50": -2.056640625
    },
    "4.pt": {
        "1": -0.80322265625,
        "5": -1.5478515625,
        "10": -1.7138671875,
        "25": -1.599609375,
        "50": -1.2646484375
    }
}