{
    "0.pt": {
        "1": -1.74609375,
        "5": -1.15234375,
        "10": -0.9033203125,
        "25": -1.0869140625,
        "50": -1.4501953125
    },
    "1.pt": {
        "1": -0.08966064453125,
        "5": -1.01953125,
        "10": -1.255859375,
        "25": -1.615234375,
        "50": -0.58447265625
    },
    "2.pt": {
        "1": -0.328857421875,
        "5": -1.0400390625,
        "10": -0.28173828125,
        "25": -1.759765625,
        "50": -1.04296875
    },
    "3.pt": {
        "1": -0.7294921875,
        "5": -1.5185546875,
        "10": -0.259521484375,
        "25": -2.150390625,
        "50": -1.1396484375
    },
    "4.pt": {
        "1": -0.1868896484375,
        "5": -1.0068359375,
        "10": -0.11114501953125,
        "25": 0.39208984375,
        "50": -0.65966796875
    }
}