{
    "0.pt": {
        "1": -1.01171875,
        "5": -1.0654296875,
        "10": -1.5634765625,
        "25": -0.152099609375,
        "50": -1.4775390625
    },
    "1.pt": {
        "1": -1.30078125,
        "5": -1.0859375,
        "10": -0.291015625,
        "25": -0.96533203125,
        "50": -0.1883544921875
    },
    "2.pt": {
        "1": -0.84423828125,
        "5": -0.5576171875,
        "10": -0.74072265625,
        "25": -1.861328125,
        "50": -0.94091796875
    },
    "3.pt": {
        "1": 0.07293701171875,
        "5": 0.053924560546875,
        "10": -1.224609375,
        "25": -1.015625,
        "50": -1.1787109375
    },
    "4.pt": {
        "1": -0.289794921875,
        "5": -1.1943359375,
        "10": -1.8447265625,
        "25": -1.5634765625,
        "50": -1.2783203125
    }
}