{
    "0.pt": {
        "1": -1.376953125,
        "5": -1.48046875,
        "10": -1.859375,
        "25": -0.76220703125,
        "50": -0.147216796875
    },
    "1.pt": {
        "1": -0.58935546875,
        "5": -0.63671875,
        "10": -1.33984375,
        "25": -1.927734375,
        "50": -0.8291015625
    },
    "2.pt": {
        "1": -1.1572265625,
        "5": -2.173828125,
        "10": -1.779296875,
        "25": -0.362060546875,
        "50": -2.228515625
    },
    "3.pt": {
        "1": -0.0771484375,
        "5": -1.3310546875,
        "10": -1.515625,
        "25": -0.8828125,
        "50": -1.837890625
    },
    "4.pt": {
        "1": -2.083984375,
        "5": -1.5283203125,
        "10": -1.7177734375,
        "25": -1.0830078125,
        "50": -1.4609375
    }
}