{
    "0.pt": {
        "1": -1.2021484375,
        "5": -1.3525390625,
        "10": -1.412109375,
        "25": -1.2578125,
        "50": -1.7666015625
    },
    "1.pt": {
        "1": -0.98388671875,
        "5": -1.5908203125,
        "10": -1.34375,
        "25": -0.720703125,
        "50": -1.4169921875
    },
    "2.pt": {
        "1": -1.7509765625,
        "5": -1.3544921875,
        "10": -1.7958984375,
        "25": -0.215087890625,
        "50": -1.2021484375
    },
    "3.pt": {
        "1": -1.1630859375,
        "5": -0.76708984375,
        "10": -1.8369140625,
        "25": -0.6953125,
        "50": -0.87353515625
    },
    "4.pt": {
        "1": -0.83056640625,
        "5": -1.3310546875,
        "10": -0.428466796875,
        "25": -1.1201171875,
        "50": -0.6044921875
    }
}