{
    "0.pt": {
        "1": -1.8955078125,
        "5": -1.4765625,
        "10": -0.236328125,
        "25": -1.4033203125,
        "50": -1.5615234375
    },
    "1.pt": {
        "1": -1.2880859375,
        "5": -0.035400390625,
        "10": -1.734375,
        "25": -1.76171875,
        "50": -1.458984375
    },
    "2.pt": {
        "1": -1.0654296875,
        "5": -1.5390625,
        "10": -0.489013671875,
        "25": -1.431640625,
        "50": -0.71923828125
    },
    "3.pt": {
        "1": -1.970703125,
        "5": -1.4873046875,
        "10": -1.5615234375,
        "25": -1.6748046875,
        "50": -0.1982421875
    },
    "4.pt": {
        "1": -0.85302734375,
        "5": -1.3515625,
        "10": -1.9423828125,
        "25": -1.0830078125,
        "50": -0.55517578125
    }
}