{
    "0.pt": {
        "1": -0.763671875,
        "5": -1.474609375,
        "10": -0.583984375,
        "25": -0.159912109375,
        "50": -0.9453125
    },
    "1.pt": {
        "1": -0.1954345703125,
        "5": -0.50830078125,
        "10": -1.11328125,
        "25": -1.150390625,
        "50": -0.2379150390625
    },
    "2.pt": {
        "1": -1.3408203125,
        "5": -1.251953125,
        "10": -1.533203125,
        "25": -0.393310546875,
        "50": -1.958984375
    },
    "3.pt": {
        "1": -0.80322265625,
        "5": -1.2265625,
        "10": -1.8994140625,
        "25": -0.455078125,
        "50": -1.0732421875
    },
    "4.pt": {
        "1": -1.072265625,
        "5": -0.07012939453125,
        "10": -1.814453125,
        "25": -0.483154296875,
        "50": -1.33984375
    }
}