{
    "0.pt": {
        "1": -1.7333984375,
        "5": -0.94921875,
        "10": -2.029296875,
        "25": -1.2529296875,
        "50": -1.306640625
    },
    "1.pt": {
        "1": -0.0002853870391845703,
        "5": -0.288818359375,
        "10": -0.315185546875,
        "25": -1.5478515625,
        "50": -0.99658203125
    },
    "2.pt": {
        "1": -1.4072265625,
        "5": -1.439453125,
        "10": -0.36083984375,
        "25": -0.374267578125,
        "50": -0.69677734375
    },
    "3.pt": {
        "1": -1.1953125,
        "5": -2.14453125,
        "10": -1.8095703125,
        "25": 0.1846923828125,
        "50": -1.35546875
    },
    "4.pt": {
        "1": -1.0732421875,
        "5": -0.962890625,
        "10": -1.875,
        "25": -0.7392578125,
        "50": -0.9638671875
    }
}