{
    "0.pt": {
        "1": -0.576171875,
        "5": -0.06561279296875,
        "10": -1.009765625,
        "25": -2.158203125,
        "50": -0.1285400390625
    },
    "1.pt": {
        "1": -1.1572265625,
        "5": -0.5439453125,
        "10": -1.6513671875,
        "25": -0.8154296875,
        "50": -0.5322265625
    },
    "2.pt": {
        "1": -2.107421875,
        "5": -1.0302734375,
        "10": -1.4365234375,
        "25": -1.2041015625,
        "50": -0.98388671875
    },
    "3.pt": {
        "1": -0.99853515625,
        "5": -0.1563720703125,
        "10": -1.4775390625,
        "25": -1.2451171875,
        "50": -1.228515625
    },
    "4.pt": {
        "1": -1.5654296875,
        "5": -1.2919921875,
        "10": 0.358154296875,
        "25": -0.1826171875,
        "50": -1.01953125
    }
}