{
    "0.pt": {
        "1": -1.09765625,
        "5": -0.2257080078125,
        "10": -0.042388916015625,
        "25": -0.69384765625,
        "50": -0.5205078125
    },
    "1.pt": {
        "1": -0.1329345703125,
        "5": -0.5615234375,
        "10": -0.72705078125,
        "25": -1.0869140625,
        "50": -1.1552734375
    },
    "2.pt": {
        "1": -2.0078125,
        "5": -0.22900390625,
        "10": -0.187255859375,
        "25": -0.8232421875,
        "50": 0.2481689453125
    },
    "3.pt": {
        "1": -0.8291015625,
        "5": -0.7685546875,
        "10": -1.3349609375,
        "25": -0.19287109375,
        "50": -1.03125
    },
    "4.pt": {
        "1": -1.59765625,
        "5": -1.109375,
        "10": -0.3671875,
        "25": -0.98779296875,
        "50": -0.576171875
    }
}