{
    "0.pt": {
        "1": -0.8837890625,
        "5": -0.78125,
        "10": 0.0145111083984375,
        "25": -0.10284423828125,
        "50": -1.1162109375
    },
    "1.pt": {
        "1": -0.9765625,
        "5": -1.322265625,
        "10": -0.74267578125,
        "25": -0.921875,
        "50": -1.8701171875
    },
    "2.pt": {
        "1": -2.037109375,
        "5": -0.75048828125,
        "10": -1.7685546875,
        "25": -0.417236328125,
        "50": -1.2021484375
    },
    "3.pt": {
        "1": -0.95703125,
        "5": -1.724609375,
        "10": -1.3017578125,
        "25": -0.15234375,
        "50": -1.2607421875
    },
    "4.pt": {
        "1": -0.78564453125,
        "5": -0.0250396728515625,
        "10": -1.4931640625,
        "25": -0.58203125,
        "50": 0.2412109375
    }
}