{
    "0.pt": {
        "1": -0.78125,
        "5": -1.6201171875,
        "10": -1.228515625,
        "25": -0.465576171875,
        "50": -1.70703125
    },
    "1.pt": {
        "1": -0.65283203125,
        "5": -1.2255859375,
        "10": -1.7587890625,
        "25": -1.41796875,
        "50": -1.1318359375
    },
    "2.pt": {
        "1": -0.299560546875,
        "5": -0.43505859375,
        "10": -1.2041015625,
        "25": -0.337890625,
        "50": -0.380615234375
    },
    "3.pt": {
        "1": -0.55029296875,
        "5": -0.5126953125,
        "10": -0.7822265625,
        "25": -1.466796875,
        "50": -0.0295562744140625
    },
    "4.pt": {
        "1": -0.90283203125,
        "5": -1.6015625,
        "10": -1.802734375,
        "25": -1.552734375,
        "50": -1.1474609375
    }
}