{
    "0.pt": {
        "1": -0.390380859375,
        "5": 0.193603515625,
        "10": -1.1796875,
        "25": -0.890625,
        "50": -0.391845703125
    },
    "1.pt": {
        "1": -0.955078125,
        "5": -1.2548828125,
        "10": -0.9677734375,
        "25": -2.123046875,
        "50": -1.8271484375
    },
    "2.pt": {
        "1": -1.548828125,
        "5": -0.1978759765625,
        "10": -1.5048828125,
        "25": -1.673828125,
        "50": -1.263671875
    },
    "3.pt": {
        "1": -0.11224365234375,
        "5": -0.443603515625,
        "10": -1.546875,
        "25": -1.5458984375,
        "50": -0.6025390625
    },
    "4.pt": {
        "1": -0.1436767578125,
        "5": -0.418701171875,
        "10": -1.775390625,
        "25": -0.380126953125,
        "50": -0.60498046875
    }
}