{
    "0.pt": {
        "1": -0.35791015625,
        "5": -0.90869140625,
        "10": -0.62255859375,
        "25": -0.5771484375,
        "50": -0.62060546875
    },
    "1.pt": {
        "1": -1.15234375,
        "5": -0.6640625,
        "10": -1.1650390625,
        "25": -1.12890625,
        "50": -0.59130859375
    },
    "2.pt": {
        "1": -2.39453125,
        "5": -2.005859375,
        "10": -0.5166015625,
        "25": -1.94921875,
        "50": -1.5244140625
    },
    "3.pt": {
        "1": -0.73876953125,
        "5": -0.84521484375,
        "10": -1.611328125,
        "25": 0.397705078125,
        "50": -1.1689453125
    },
    "4.pt": {
        "1": 0.58203125,
        "5": 0.347412109375,
        "10": -0.55810546875,
        "25": -0.740234375,
        "50": -1.05859375
    }
}