{
    "0.pt": {
        "1": -0.1629638671875,
        "5": -1.6943359375,
        "10": -1.1982421875,
        "25": -0.09661865234375,
        "50": 0.7353515625
    },
    "1.pt": {
        "1": -0.424560546875,
        "5": -1.6328125,
        "10": -0.87060546875,
        "25": -2.107421875,
        "50": -1.3876953125
    },
    "2.pt": {
        "1": -1.185546875,
        "5": -1.8896484375,
        "10": -2.138671875,
        "25": -0.83740234375,
        "50": -0.1502685546875
    },
    "3.pt": {
        "1": -0.59228515625,
        "5": -0.207275390625,
        "10": -0.61865234375,
        "25": -1.78125,
        "50": -0.93994140625
    },
    "4.pt": {
        "1": -0.61083984375,
        "5": -0.7099609375,
        "10": -0.478515625,
        "25": -0.076904296875,
        "50": -1.916015625
    }
}