{
    "0.pt": {
        "1": -0.96337890625,
        "5": -1.0322265625,
        "10": -1.158203125,
        "25": 0.251953125,
        "50": 0.33251953125
    },
    "1.pt": {
        "1": -0.609375,
        "5": -1.35546875,
        "10": -0.98779296875,
        "25": -0.4521484375,
        "50": -1.185546875
    },
    "2.pt": {
        "1": -0.70068359375,
        "5": -1.291015625,
        "10": -0.452880859375,
        "25": -1.0810546875,
        "50": -1.236328125
    },
    "3.pt": {
        "1": -1.693359375,
        "5": -0.7841796875,
        "10": -1.1416015625,
        "25": -1.26171875,
        "50": -1.2412109375
    },
    "4.pt": {
        "1": -0.424072265625,
        "5": -1.5390625,
        "10": 0.1494140625,
        "25": -0.85791015625,
        "50": -1.2109375
    }
}