{
    "0.pt": {
        "1": -1.40234375,
        "5": -0.33642578125,
        "10": -1.6630859375,
        "25": -1.712890625,
        "50": -0.2371826171875
    },
    "1.pt": {
        "1": -1.21484375,
        "5": -0.8125,
        "10": -0.185302734375,
        "25": -1.091796875,
        "50": -1.3037109375
    },
    "2.pt": {
        "1": -0.697265625,
        "5": 0.09881591796875,
        "10": -0.76123046875,
        "25": -1.3720703125,
        "50": 0.1895751953125
    },
    "3.pt": {
        "1": -1.943359375,
        "5": -2.05859375,
        "10": -1.9326171875,
        "25": -1.2568359375,
        "50": -0.407958984375
    },
    "4.pt": {
        "1": -1.3974609375,
        "5": -0.4296875,
        "10": -0.88330078125,
        "25": -1.4638671875,
        "50": -1.4296875
    }
}