{
    "0.pt": {
        "1": -0.87744140625,
        "5": -1.3720703125,
        "10": -1.4169921875,
        "25": -1.0810546875,
        "50": -1.2919921875
    },
    "1.pt": {
        "1": -1.6611328125,
        "5": -1.443359375,
        "10": -1.1796875,
        "25": -1.01953125,
        "50": -1.9541015625
    },
    "2.pt": {
        "1": -1.296875,
        "5": -1.2099609375,
        "10": -1.1728515625,
        "25": -1.904296875,
        "50": -1.533203125
    },
    "3.pt": {
        "1": 0.1724853515625,
        "5": -1.005859375,
        "10": -2.1796875,
        "25": -1.783203125,
        "50": -0.134521484375
    },
    "4.pt": {
        "1": -1.6689453125,
        "5": -1.916015625,
        "10": -1.6083984375,
        "25": -1.080078125,
        "50": -1.6025390625
    }
}