{
    "0.pt": {
        "1": -0.341796875,
        "5": 0.45947265625,
        "10": -0.41064453125,
        "25": -1.9765625,
        "50": 0.4638671875
    },
    "1.pt": {
        "1": 0.461181640625,
        "5": -1.3818359375,
        "10": 0.06805419921875,
        "25": -1.7060546875,
        "50": -1.4091796875
    },
    "2.pt": {
        "1": -0.998046875,
        "5": -0.34619140625,
        "10": -1.6103515625,
        "25": -2.0546875,
        "50": -1.2646484375
    },
    "3.pt": {
        "1": -1.3125,
        "5": -1.46484375,
        "10": -1.0712890625,
        "25": -0.271484375,
        "50": -0.98828125
    },
    "4.pt": {
        "1": -0.525390625,
        "5": -0.450927734375,
        "10": -1.666015625,
        "25": -1.7080078125,
        "50": -0.216796875
    }
}