{
    "0.pt": {
        "1": -1.8125,
        "5": -0.83349609375,
        "10": -1.9482421875,
        "25": -1.29296875,
        "50": -1.19140625
    },
    "1.pt": {
        "1": -0.23486328125,
        "5": -0.267578125,
        "10": -0.5830078125,
        "25": 0.08489990234375,
        "50": -0.61962890625
    },
    "2.pt": {
        "1": -2.07421875,
        "5": -0.52490234375,
        "10": -2.037109375,
        "25": -1.203125,
        "50": -0.1798095703125
    },
    "3.pt": {
        "1": -0.9013671875,
        "5": -0.51025390625,
        "10": -1.369140625,
        "25": -0.9638671875,
        "50": -0.787109375
    },
    "4.pt": {
        "1": -1.2568359375,
        "5": -0.98291015625,
        "10": -1.57421875,
        "25": -1.515625,
        "50": -1.3095703125
    }
}