{
    "0.pt": {
        "1": -0.059326171875,
        "5": -0.10760498046875,
        "10": -0.84912109375,
        "25": -2.14453125,
        "50": -1.0927734375
    },
    "1.pt": {
        "1": -2.087890625,
        "5": -1.0478515625,
        "10": -0.4677734375,
        "25": -1.8466796875,
        "50": -0.79638671875
    },
    "2.pt": {
        "1": 0.0804443359375,
        "5": -1.87890625,
        "10": -1.4990234375,
        "25": -1.3876953125,
        "50": -1.263671875
    },
    "3.pt": {
        "1": -1.056640625,
        "5": -0.167236328125,
        "10": -2.013671875,
        "25": -1.26171875,
        "50": -1.0390625
    },
    "4.pt": {
        "1": -1.30078125,
        "5": -1.533203125,
        "10": -0.92822265625,
        "25": -1.875,
        "50": -1.865234375
    }
}