{
    "0.pt": {
        "1": -0.58203125,
        "5": -0.10675048828125,
        "10": -1.220703125,
        "25": -1.828125,
        "50": -1.4765625
    },
    "1.pt": {
        "1": -0.7236328125,
        "5": 0.015289306640625,
        "10": -0.8642578125,
        "25": 0.50146484375,
        "50": -0.91015625
    },
    "2.pt": {
        "1": -2.0625,
        "5": -0.53173828125,
        "10": -1.3876953125,
        "25": -0.66796875,
        "50": -0.994140625
    },
    "3.pt": {
        "1": 0.12408447265625,
        "5": -0.30615234375,
        "10": 0.1500244140625,
        "25": -1.474609375,
        "50": -0.226806640625
    },
    "4.pt": {
        "1": -1.22265625,
        "5": 0.11627197265625,
        "10": -0.96337890625,
        "25": -2.20703125,
        "50": 0.15087890625
    }
}