{
    "0.pt": {
        "1": -1.2890625,
        "5": -0.98828125,
        "10": -0.6806640625,
        "25": -0.81494140625,
        "50": -0.433349609375
    },
    "1.pt": {
        "1": -1.7451171875,
        "5": -1.5185546875,
        "10": -1.990234375,
        "25": -1.4541015625,
        "50": -0.301513671875
    },
    "2.pt": {
        "1": -1.697265625,
        "5": -1.203125,
        "10": -0.94091796875,
        "25": -0.4677734375,
        "50": -0.42626953125
    },
    "3.pt": {
        "1": -0.88916015625,
        "5": -1.634765625,
        "10": 0.431640625,
        "25": -1.0126953125,
        "50": -0.505859375
    },
    "4.pt": {
        "1": -1.7021484375,
        "5": -0.3994140625,
        "10": -1.744140625,
        "25": -0.69677734375,
        "50": -1.0478515625
    }
}