{
    "0.pt": {
        "1": -1.46484375,
        "5": -1.04296875,
        "10": -1.6904296875,
        "25": -0.654296875,
        "50": -1.3271484375
    },
    "1.pt": {
        "1": -0.8837890625,
        "5": -1.4384765625,
        "10": -1.5693359375,
        "25": -1.6708984375,
        "50": -0.0147247314453125
    },
    "2.pt": {
        "1": -1.564453125,
        "5": 0.19482421875,
        "10": -1.265625,
        "25": -0.9638671875,
        "50": -2.029296875
    },
    "3.pt": {
        "1": -1.96484375,
        "5": -1.2568359375,
        "10": -1.2333984375,
        "25": -1.3505859375,
        "50": -1.0986328125
    },
    "4.pt": {
        "1": 0.281494140625,
        "5": -0.5908203125,
        "10": -1.0634765625,
        "25": -1.7119140625,
        "50": -1.064453125
    }
}