{
    "0.pt": {
        "1": 1.0166015625,
        "5": -0.1319580078125,
        "10": -0.81005859375,
        "25": -0.72900390625,
        "50": -1.58984375
    },
    "1.pt": {
        "1": -1.521484375,
        "5": -0.1973876953125,
        "10": -1.384765625,
        "25": -0.96630859375,
        "50": -1.4228515625
    },
    "2.pt": {
        "1": -1.37890625,
        "5": -0.9189453125,
        "10": -0.487060546875,
        "25": -1.30859375,
        "50": -0.339111328125
    },
    "3.pt": {
        "1": -1.9580078125,
        "5": -0.325927734375,
        "10": -1.4423828125,
        "25": -1.7568359375,
        "50": -0.5615234375
    },
    "4.pt": {
        "1": -1.7626953125,
        "5": 0.09332275390625,
        "10": -0.1739501953125,
        "25": -0.83837890625,
        "50": -1.5322265625
    }
}