{
    "0.pt": {
        "1": -1.2509765625,
        "5": -1.888671875,
        "10": -1.6728515625,
        "25": -1.220703125,
        "50": -1.3232421875
    },
    "1.pt": {
        "1": -2.224609375,
        "5": -1.98828125,
        "10": -1.626953125,
        "25": 0.35986328125,
        "50": -0.45166015625
    },
    "2.pt": {
        "1": -0.10906982421875,
        "5": -1.2041015625,
        "10": -1.685546875,
        "25": 0.390380859375,
        "50": -1.6455078125
    },
    "3.pt": {
        "1": -0.489990234375,
        "5": -1.6484375,
        "10": -0.47705078125,
        "25": -1.435546875,
        "50": -1.005859375
    },
    "4.pt": {
        "1": 0.176025390625,
        "5": -1.080078125,
        "10": -1.322265625,
        "25": -0.038238525390625,
        "50": -0.716796875
    }
}