{
    "0.pt": {
        "1": -0.61474609375,
        "5": -0.091796875,
        "10": -2.01953125,
        "25": -0.76171875,
        "50": -0.396240234375
    },
    "1.pt": {
        "1": -1.3173828125,
        "5": -1.1708984375,
        "10": -0.82666015625,
        "25": -1.333984375,
        "50": -1.255859375
    },
    "2.pt": {
        "1": -0.669921875,
        "5": -1.3349609375,
        "10": -0.53076171875,
        "25": -1.869140625,
        "50": -1.0263671875
    },
    "3.pt": {
        "1": -1.3720703125,
        "5": -1.4287109375,
        "10": -0.72119140625,
        "25": -0.9208984375,
        "50": -1.6953125
    },
    "4.pt": {
        "1": -0.4951171875,
        "5": -1.5771484375,
        "10": -0.7177734375,
        "25": -2.7734375,
        "50": -0.935546875
    }
}