{
    "0.pt": {
        "1": -1.6591796875,
        "5": -1.0703125,
        "10": -1.59375,
        "25": -1.8701171875,
        "50": -1.2392578125
    },
    "1.pt": {
        "1": -0.53173828125,
        "5": -0.8564453125,
        "10": -0.12744140625,
        "25": -2.4765625,
        "50": -0.37158203125
    },
    "2.pt": {
        "1": -0.794921875,
        "5": -2.021484375,
        "10": -1.455078125,
        "25": -0.71142578125,
        "50": -1.83984375
    },
    "3.pt": {
        "1": -0.65869140625,
        "5": -0.48046875,
        "10": -1.5654296875,
        "25": -1.6962890625,
        "50": -1.6884765625
    },
    "4.pt": {
        "1": -0.62646484375,
        "5": -1.3291015625,
        "10": -1.9580078125,
        "25": -0.89404296875,
        "50": 0.11907958984375
    }
}