{
    "0.pt": {
        "1": -1.1796875,
        "5": -0.277099609375,
        "10": -1.3076171875,
        "25": -1.7666015625,
        "50": -1.3271484375
    },
    "1.pt": {
        "1": -0.341796875,
        "5": -0.52783203125,
        "10": -1.517578125,
        "25": -1.0302734375,
        "50": -2.23828125
    },
    "2.pt": {
        "1": -0.59326171875,
        "5": -1.2060546875,
        "10": -0.0245208740234375,
        "25": -1.0146484375,
        "50": -1.3955078125
    },
    "3.pt": {
        "1": -1.03125,
        "5": -1.037109375,
        "10": -0.81494140625,
        "25": -1.677734375,
        "50": 0.04425048828125
    },
    "4.pt": {
        "1": -1.666015625,
        "5": -1.9052734375,
        "10": -1.3427734375,
        "25": -1.552734375,
        "50": -0.167724609375
    }
}