{
    "0.pt": {
        "1": -1.4384765625,
        "5": 0.106201171875,
        "10": -0.9423828125,
        "25": -2.5390625,
        "50": -1.611328125
    },
    "1.pt": {
        "1": -1.05859375,
        "5": -1.8115234375,
        "10": -0.1253662109375,
        "25": -1.1513671875,
        "50": 0.365234375
    },
    "2.pt": {
        "1": -1.1884765625,
        "5": -1.578125,
        "10": -1.5068359375,
        "25": -1.30078125,
        "50": -1.0224609375
    },
    "3.pt": {
        "1": -1.3994140625,
        "5": -1.5498046875,
        "10": -1.3203125,
        "25": -0.73095703125,
        "50": -0.51416015625
    },
    "4.pt": {
        "1": -1.1630859375,
        "5": -0.36376953125,
        "10": -1.1025390625,
        "25": -0.319091796875,
        "50": -0.429931640625
    }
}