{
    "0.pt": {
        "1": -1.65625,
        "5": -0.0452880859375,
        "10": -1.1728515625,
        "25": -0.2420654296875,
        "50": -0.08221435546875
    },
    "1.pt": {
        "1": -1.869140625,
        "5": -0.908203125,
        "10": -1.25390625,
        "25": -0.106689453125,
        "50": -1.1767578125
    },
    "2.pt": {
        "1": -1.2890625,
        "5": -0.86572265625,
        "10": -1.0048828125,
        "25": -1.4345703125,
        "50": -0.77001953125
    },
    "3.pt": {
        "1": -0.07061767578125,
        "5": -0.8759765625,
        "10": -1.6162109375,
        "25": -1.84375,
        "50": -0.9560546875
    },
    "4.pt": {
        "1": -0.9384765625,
        "5": -0.47509765625,
        "10": -0.01059722900390625,
        "25": -0.8291015625,
        "50": -1.1201171875
    }
}