{
    "0.pt": {
        "1": -0.60498046875,
        "5": -2.060546875,
        "10": -1.23046875,
        "25": -0.220458984375,
        "50": -0.79736328125
    },
    "1.pt": {
        "1": -1.2880859375,
        "5": -1.015625,
        "10": -0.10040283203125,
        "25": -1.55078125,
        "50": -1.6103515625
    },
    "2.pt": {
        "1": -1.1318359375,
        "5": -1.8017578125,
        "10": -1.298828125,
        "25": -1.5009765625,
        "50": -0.18310546875
    },
    "3.pt": {
        "1": -0.80419921875,
        "5": -0.640625,
        "10": -1.2109375,
        "25": -0.8740234375,
        "50": -0.9970703125
    },
    "4.pt": {
        "1": -0.26220703125,
        "5": -1.484375,
        "10": -1.2880859375,
        "25": -1.232421875,
        "50": -0.490478515625
    }
}