{
    "0.pt": {
        "1": -1.177734375,
        "5": -0.56494140625,
        "10": -1.400390625,
        "25": 0.1781005859375,
        "50": -0.61279296875
    },
    "1.pt": {
        "1": -0.7255859375,
        "5": -0.662109375,
        "10": -2.388671875,
        "25": -0.90185546875,
        "50": -2.017578125
    },
    "2.pt": {
        "1": -0.7646484375,
        "5": -0.301513671875,
        "10": 0.032012939453125,
        "25": 0.2003173828125,
        "50": -1.4208984375
    },
    "3.pt": {
        "1": -1.373046875,
        "5": -1.462890625,
        "10": -0.04144287109375,
        "25": 0.100341796875,
        "50": -1.046875
    },
    "4.pt": {
        "1": -1.314453125,
        "5": -0.81591796875,
        "10": -1.5439453125,
        "25": -2.00390625,
        "50": -1.0419921875
    }
}