{
    "0.pt": {
        "1": -0.5078125,
        "5": -2.130859375,
        "10": -1.052734375,
        "25": -1.4482421875,
        "50": -0.247802734375
    },
    "1.pt": {
        "1": -1.484375,
        "5": -1.49609375,
        "10": -1.865234375,
        "25": -1.912109375,
        "50": -0.45068359375
    },
    "2.pt": {
        "1": -0.6943359375,
        "5": -1.5908203125,
        "10": -2.21875,
        "25": -0.384765625,
        "50": -1.22265625
    },
    "3.pt": {
        "1": -1.0908203125,
        "5": -1.046875,
        "10": -1.2421875,
        "25": -1.9462890625,
        "50": -1.1748046875
    },
    "4.pt": {
        "1": -1.1650390625,
        "5": -1.375,
        "10": -0.833984375,
        "25": -1.4638671875,
        "50": -1.23828125
    }
}