{
    "0.pt": {
        "1": -0.5009765625,
        "5": -0.50732421875,
        "10": 0.021453857421875,
        "25": -0.2191162109375,
        "50": -0.68994140625
    },
    "1.pt": {
        "1": -1.5517578125,
        "5": -0.4912109375,
        "10": -0.27197265625,
        "25": -1.404296875,
        "50": -1.326171875
    },
    "2.pt": {
        "1": -0.751953125,
        "5": -0.06640625,
        "10": -1.56640625,
        "25": -0.9931640625,
        "50": -1.1103515625
    },
    "3.pt": {
        "1": -0.66357421875,
        "5": 0.0208740234375,
        "10": -1.2958984375,
        "25": -1.3447265625,
        "50": -0.62353515625
    },
    "4.pt": {
        "1": -0.441162109375,
        "5": -2.013671875,
        "10": -2.30078125,
        "25": -2.287109375,
        "50": -0.89990234375
    }
}