{
    "0.pt": {
        "1": -1.125,
        "5": -0.619140625,
        "10": -1.666015625,
        "25": -1.806640625,
        "50": -1.82421875
    },
    "1.pt": {
        "1": -1.408203125,
        "5": -0.1407470703125,
        "10": -1.1650390625,
        "25": -1.9521484375,
        "50": -1.2509765625
    },
    "2.pt": {
        "1": -0.82666015625,
        "5": -1.072265625,
        "10": 0.189697265625,
        "25": -1.6513671875,
        "50": 0.258056640625
    },
    "3.pt": {
        "1": -0.439697265625,
        "5": -1.03515625,
        "10": 0.0310211181640625,
        "25": -1.1533203125,
        "50": -0.213134765625
    },
    "4.pt": {
        "1": -2.021484375,
        "5": 0.2301025390625,
        "10": -1.6748046875,
        "25": -1.826171875,
        "50": -1.189453125
    }
}