{
    "0.pt": {
        "1": -1.1611328125,
        "5": -1.2568359375,
        "10": -0.499267578125,
        "25": -1.21875,
        "50": -0.892578125
    },
    "1.pt": {
        "1": -0.65185546875,
        "5": 0.60693359375,
        "10": -0.6923828125,
        "25": -1.4853515625,
        "50": -1.5791015625
    },
    "2.pt": {
        "1": -1.435546875,
        "5": -0.2427978515625,
        "10": -0.62646484375,
        "25": -1.162109375,
        "50": -2.232421875
    },
    "3.pt": {
        "1": -1.55859375,
        "5": -1.2626953125,
        "10": -1.478515625,
        "25": -1.767578125,
        "50": 0.1287841796875
    },
    "4.pt": {
        "1": -0.4423828125,
        "5": -1.00390625,
        "10": -1.673828125,
        "25": -0.70947265625,
        "50": -1.1162109375
    }
}