{
    "0.pt": {
        "1": -0.27197265625,
        "5": -0.78857421875,
        "10": -0.79345703125,
        "25": -1.6103515625,
        "50": -0.2158203125
    },
    "1.pt": {
        "1": -1.3115234375,
        "5": -0.2159423828125,
        "10": -1.525390625,
        "25": -1.2041015625,
        "50": -0.40234375
    },
    "2.pt": {
        "1": 0.3505859375,
        "5": -0.87548828125,
        "10": -1.60546875,
        "25": -1.9365234375,
        "50": -2.1796875
    },
    "3.pt": {
        "1": 0.1812744140625,
        "5": -1.5869140625,
        "10": -1.123046875,
        "25": -0.73681640625,
        "50": -1.1259765625
    },
    "4.pt": {
        "1": -1.517578125,
        "5": -1.0224609375,
        "10": -1.5205078125,
        "25": -1.09375,
        "50": -1.71484375
    }
}