{
    "0.pt": {
        "1": -0.95703125,
        "5": -2.357421875,
        "10": -1.0361328125,
        "25": -0.75830078125,
        "50": -0.8984375
    },
    "1.pt": {
        "1": -0.5048828125,
        "5": -2.28515625,
        "10": -1.4345703125,
        "25": -1.8642578125,
        "50": -1.875
    },
    "2.pt": {
        "1": -1.607421875,
        "5": -0.2237548828125,
        "10": -2.140625,
        "25": -1.1875,
        "50": -1.8564453125
    },
    "3.pt": {
        "1": -1.6484375,
        "5": -1.1533203125,
        "10": -0.22265625,
        "25": -1.375,
        "50": -0.62548828125
    },
    "4.pt": {
        "1": -1.5478515625,
        "5": -0.0226287841796875,
        "10": -1.3818359375,
        "25": -1.755859375,
        "50": -0.744140625
    }
}