{
    "0.pt": {
        "1": -1.0869140625,
        "5": 0.026275634765625,
        "10": -1.6533203125,
        "25": -0.1221923828125,
        "50": -1.47265625
    },
    "1.pt": {
        "1": -1.474609375,
        "5": -1.8603515625,
        "10": -1.7783203125,
        "25": -0.2305908203125,
        "50": -1.6328125
    },
    "2.pt": {
        "1": 0.16015625,
        "5": -0.53857421875,
        "10": -0.145263671875,
        "25": -1.4453125,
        "50": -1.859375
    },
    "3.pt": {
        "1": -0.39306640625,
        "5": -0.339111328125,
        "10": -1.2548828125,
        "25": -2.30859375,
        "50": -1.16015625
    },
    "4.pt": {
        "1": -0.29296875,
        "5": -1.2919921875,
        "10": -0.74853515625,
        "25": -1.423828125,
        "50": -0.544921875
    }
}