{
    "0.pt": {
        "1": -0.95361328125,
        "5": -1.36328125,
        "10": -2.111328125,
        "25": -2.42578125,
        "50": 0.057464599609375
    },
    "1.pt": {
        "1": -0.92822265625,
        "5": -0.533203125,
        "10": 0.41943359375,
        "25": -0.077392578125,
        "50": -1.8427734375
    },
    "2.pt": {
        "1": -0.8642578125,
        "5": -0.1959228515625,
        "10": -1.8916015625,
        "25": -0.76171875,
        "50": -1.8681640625
    },
    "3.pt": {
        "1": -0.908203125,
        "5": -1.197265625,
        "10": -0.54638671875,
        "25": -1.1630859375,
        "50": 0.0721435546875
    },
    "4.pt": {
        "1": -1.962890625,
        "5": -1.8544921875,
        "10": -1.27734375,
        "25": -0.278564453125,
        "50": -0.92578125
    }
}