{
    "0.pt": {
        "1": -0.828125,
        "5": -0.1815185546875,
        "10": -0.599609375,
        "25": -0.3232421875,
        "50": -0.36474609375
    },
    "1.pt": {
        "1": -1.1904296875,
        "5": -0.61474609375,
        "10": 0.1949462890625,
        "25": -1.654296875,
        "50": -0.11602783203125
    },
    "2.pt": {
        "1": -1.384765625,
        "5": -0.30615234375,
        "10": -0.8642578125,
        "25": -1.2060546875,
        "50": -0.1295166015625
    },
    "3.pt": {
        "1": -1.1083984375,
        "5": -0.197509765625,
        "10": -1.46484375,
        "25": -0.8671875,
        "50": -0.418701171875
    },
    "4.pt": {
        "1": -0.4208984375,
        "5": -0.68359375,
        "10": -1.3857421875,
        "25": -1.5615234375,
        "50": -1.294921875
    }
}