{
    "0.pt": {
        "1": -1.3603515625,
        "5": -0.8505859375,
        "10": -1.3466796875,
        "25": -2.09765625,
        "50": -1.4814453125
    },
    "1.pt": {
        "1": -0.76025390625,
        "5": -1.4228515625,
        "10": -0.89111328125,
        "25": -1.6552734375,
        "50": -0.280029296875
    },
    "2.pt": {
        "1": -0.9189453125,
        "5": -2.0078125,
        "10": -0.755859375,
        "25": -2.1328125,
        "50": -0.331298828125
    },
    "3.pt": {
        "1": -1.451171875,
        "5": -1.6513671875,
        "10": -1.8662109375,
        "25": -1.3837890625,
        "50": -1.0361328125
    },
    "4.pt": {
        "1": 0.1380615234375,
        "5": -1.041015625,
        "10": -0.2410888671875,
        "25": -1.73046875,
        "50": -0.3056640625
    }
}