{
    "0.pt": {
        "1": -0.22216796875,
        "5": -1.3037109375,
        "10": -0.92333984375,
        "25": -1.36328125,
        "50": -1.6650390625
    },
    "1.pt": {
        "1": 0.26123046875,
        "5": -1.1171875,
        "10": -1.384765625,
        "25": -1.1162109375,
        "50": -1.5341796875
    },
    "2.pt": {
        "1": 0.0894775390625,
        "5": -1.31640625,
        "10": -0.09259033203125,
        "25": -1.2861328125,
        "50": -0.70556640625
    },
    "3.pt": {
        "1": -1.1591796875,
        "5": -0.28759765625,
        "10": -1.47265625,
        "25": -1.369140625,
        "50": -0.7158203125
    },
    "4.pt": {
        "1": -0.031768798828125,
        "5": -2.07421875,
        "10": -0.84765625,
        "25": -0.626953125,
        "50": -0.79541015625
    }
}