{
    "0.pt": {
        "1": -0.287109375,
        "5": -1.2763671875,
        "10": -0.049530029296875,
        "25": -0.7392578125,
        "50": -0.330810546875
    },
    "1.pt": {
        "1": -0.48828125,
        "5": -2.1171875,
        "10": -0.241943359375,
        "25": -2.26953125,
        "50": -1.1337890625
    },
    "2.pt": {
        "1": -1.4931640625,
        "5": -1.837890625,
        "10": -1.9658203125,
        "25": -1.4580078125,
        "50": -1.251953125
    },
    "3.pt": {
        "1": 0.09954833984375,
        "5": -1.91015625,
        "10": -1.748046875,
        "25": -1.4150390625,
        "50": -1.4482421875
    },
    "4.pt": {
        "1": -1.82421875,
        "5": -0.435791015625,
        "10": -1.935546875,
        "25": -1.2158203125,
        "50": -0.380859375
    }
}