{
    "0.pt": {
        "1": -0.5732421875,
        "5": -1.90234375,
        "10": -1.138671875,
        "25": -0.4853515625,
        "50": -0.970703125
    },
    "1.pt": {
        "1": -2.310546875,
        "5": -2.23046875,
        "10": -1.90625,
        "25": -0.76416015625,
        "50": -1.0302734375
    },
    "2.pt": {
        "1": -1.755859375,
        "5": -1.931640625,
        "10": -0.951171875,
        "25": -2.109375,
        "50": -1.4111328125
    },
    "3.pt": {
        "1": -1.330078125,
        "5": -0.04388427734375,
        "10": -1.30859375,
        "25": -1.7744140625,
        "50": -0.467041015625
    },
    "4.pt": {
        "1": -1.0908203125,
        "5": -0.349365234375,
        "10": -1.0712890625,
        "25": -1.6875,
        "50": -0.308349609375
    }
}