{
    "0.pt": {
        "1": -1.4501953125,
        "5": -1.5537109375,
        "10": -1.529296875,
        "25": -1.0224609375,
        "50": -1.2861328125
    },
    "1.pt": {
        "1": -0.75146484375,
        "5": -1.8779296875,
        "10": -1.470703125,
        "25": -1.763671875,
        "50": -2.2109375
    },
    "2.pt": {
        "1": -1.5166015625,
        "5": -1.2294921875,
        "10": -1.75390625,
        "25": -0.65087890625,
        "50": -1.30078125
    },
    "3.pt": {
        "1": -0.26025390625,
        "5": -1.625,
        "10": -0.7197265625,
        "25": -1.103515625,
        "50": 0.1607666015625
    },
    "4.pt": {
        "1": -0.572265625,
        "5": -2.3203125,
        "10": -0.943359375,
        "25": -1.1796875,
        "50": -0.78076171875
    }
}