{
    "0.pt": {
        "1": -1.333984375,
        "5": -1.48828125,
        "10": -1.14453125,
        "25": -1.673828125,
        "50": -0.24462890625
    },
    "1.pt": {
        "1": -1.080078125,
        "5": -0.222412109375,
        "10": -0.53173828125,
        "25": 0.64990234375,
        "50": 0.01050567626953125
    },
    "2.pt": {
        "1": -0.1563720703125,
        "5": -1.5625,
        "10": -1.654296875,
        "25": -0.88330078125,
        "50": -1.3798828125
    },
    "3.pt": {
        "1": -1.0126953125,
        "5": -0.42822265625,
        "10": -1.0986328125,
        "25": -1.6513671875,
        "50": -0.6884765625
    },
    "4.pt": {
        "1": -1.25,
        "5": -1.6484375,
        "10": -0.791015625,
        "25": -0.56005859375,
        "50": -2.171875
    }
}