{
    "0.pt": {
        "1": -0.5380859375,
        "5": -2.255859375,
        "10": -0.052398681640625,
        "25": -1.1923828125,
        "50": -1.24609375
    },
    "1.pt": {
        "1": -0.395263671875,
        "5": 0.254150390625,
        "10": -1.3515625,
        "25": -1.4814453125,
        "50": -0.3369140625
    },
    "2.pt": {
        "1": -2.33984375,
        "5": -1.8017578125,
        "10": -1.3740234375,
        "25": -1.9765625,
        "50": -0.8349609375
    },
    "3.pt": {
        "1": -1.5185546875,
        "5": -0.04461669921875,
        "10": -1.4296875,
        "25": 0.133544921875,
        "50": -1.6962890625
    },
    "4.pt": {
        "1": -0.640625,
        "5": -1.796875,
        "10": -0.89892578125,
        "25": -1.8544921875,
        "50": -0.8408203125
    }
}