{
    "0.pt": {
        "1": -1.060546875,
        "5": -1.6767578125,
        "10": -1.24609375,
        "25": -2.4765625,
        "50": -0.92236328125
    },
    "1.pt": {
        "1": -0.07965087890625,
        "5": -1.404296875,
        "10": -1.3291015625,
        "25": -0.607421875,
        "50": -1.2578125
    },
    "2.pt": {
        "1": -0.17919921875,
        "5": -1.419921875,
        "10": -0.6015625,
        "25": -1.7060546875,
        "50": -1.3896484375
    },
    "3.pt": {
        "1": -0.08306884765625,
        "5": -1.3125,
        "10": -1.1142578125,
        "25": -0.99609375,
        "50": -0.2060546875
    },
    "4.pt": {
        "1": -1.474609375,
        "5": -2.044921875,
        "10": -1.1015625,
        "25": -1.3310546875,
        "50": -1.3330078125
    }
}