{
    "0.pt": {
        "1": -0.9453125,
        "5": -0.8779296875,
        "10": -1.93359375,
        "25": -0.50439453125,
        "50": -1.212890625
    },
    "1.pt": {
        "1": -0.1878662109375,
        "5": -0.53564453125,
        "10": -1.1884765625,
        "25": -0.0975341796875,
        "50": -1.314453125
    },
    "2.pt": {
        "1": -1.6240234375,
        "5": -2.1640625,
        "10": -1.203125,
        "25": 0.221923828125,
        "50": -0.385009765625
    },
    "3.pt": {
        "1": -1.376953125,
        "5": -1.37890625,
        "10": -1.3984375,
        "25": -1.255859375,
        "50": 0.177490234375
    },
    "4.pt": {
        "1": -0.74853515625,
        "5": -0.7939453125,
        "10": -1.6552734375,
        "25": 0.22998046875,
        "50": -1.1396484375
    }
}