{
    "0.pt": {
        "1": -0.609375,
        "5": -1.42578125,
        "10": -2.1875,
        "25": -0.48486328125,
        "50": -1.43359375
    },
    "1.pt": {
        "1": -2.220703125,
        "5": -1.30078125,
        "10": -2.5078125,
        "25": -1.53125,
        "50": -2.017578125
    },
    "2.pt": {
        "1": -1.5703125,
        "5": -1.5517578125,
        "10": -0.70166015625,
        "25": -2.017578125,
        "50": -1.6904296875
    },
    "3.pt": {
        "1": -0.888671875,
        "5": -0.7421875,
        "10": -1.0263671875,
        "25": -0.958984375,
        "50": -1.671875
    },
    "4.pt": {
        "1": -0.71630859375,
        "5": -2.0390625,
        "10": -1.6337890625,
        "25": -1.544921875,
        "50": -1.4169921875
    }
}