{
    "0.pt": {
        "1": -0.7353515625,
        "5": -0.10675048828125,
        "10": -0.006053924560546875,
        "25": -0.64306640625,
        "50": -0.79443359375
    },
    "1.pt": {
        "1": -0.390625,
        "5": -0.8447265625,
        "10": -0.043060302734375,
        "25": -0.79443359375,
        "50": -1.748046875
    },
    "2.pt": {
        "1": -1.4482421875,
        "5": -1.4404296875,
        "10": -1.4716796875,
        "25": -0.384033203125,
        "50": -0.93798828125
    },
    "3.pt": {
        "1": -1.5751953125,
        "5": -1.34765625,
        "10": -1.2373046875,
        "25": -0.82666015625,
        "50": -1.671875
    },
    "4.pt": {
        "1": 0.1585693359375,
        "5": -1.5126953125,
        "10": -1.19140625,
        "25": -0.63720703125,
        "50": -1.3779296875
    }
}