{
    "0.pt": {
        "1": -0.10394287109375,
        "5": -0.286376953125,
        "10": -2.025390625,
        "25": -1.4208984375,
        "50": -0.492431640625
    },
    "1.pt": {
        "1": 0.218017578125,
        "5": -0.1990966796875,
        "10": -0.71728515625,
        "25": -1.74609375,
        "50": 0.94189453125
    },
    "2.pt": {
        "1": -1.4599609375,
        "5": -0.72314453125,
        "10": -1.716796875,
        "25": -1.8349609375,
        "50": -0.08551025390625
    },
    "3.pt": {
        "1": -0.85888671875,
        "5": -1.8427734375,
        "10": -0.04083251953125,
        "25": -1.353515625,
        "50": -1.251953125
    },
    "4.pt": {
        "1": -1.0625,
        "5": -1.0478515625,
        "10": -1.314453125,
        "25": -0.46435546875,
        "50": -1.205078125
    }
}