{
    "0.pt": {
        "1": -1.73828125,
        "5": -1.3369140625,
        "10": -1.6240234375,
        "25": 0.1041259765625,
        "50": -0.0200042724609375
    },
    "1.pt": {
        "1": -1.224609375,
        "5": -1.86328125,
        "10": -1.3876953125,
        "25": -2.037109375,
        "50": -2.080078125
    },
    "2.pt": {
        "1": -0.81640625,
        "5": -1.7001953125,
        "10": -1.3642578125,
        "25": -2.16015625,
        "50": -0.28076171875
    },
    "3.pt": {
        "1": 0.16650390625,
        "5": -0.2371826171875,
        "10": -1.580078125,
        "25": -0.72216796875,
        "50": -0.388916015625
    },
    "4.pt": {
        "1": -1.158203125,
        "5": -0.79736328125,
        "10": -1.3310546875,
        "25": -0.54345703125,
        "50": -1.7041015625
    }
}