{
    "0.pt": {
        "1": -1.26171875,
        "5": -1.5087890625,
        "10": -0.1494140625,
        "25": -0.69384765625,
        "50": -1.62890625
    },
    "1.pt": {
        "1": -1.6865234375,
        "5": -0.425537109375,
        "10": -0.52197265625,
        "25": -1.1669921875,
        "50": -1.98828125
    },
    "2.pt": {
        "1": -2.04296875,
        "5": -0.61572265625,
        "10": -1.19140625,
        "25": -0.85498046875,
        "50": -1.9130859375
    },
    "3.pt": {
        "1": -0.7216796875,
        "5": -1.8056640625,
        "10": 0.1224365234375,
        "25": -1.4248046875,
        "50": -1.9482421875
    },
    "4.pt": {
        "1": -1.01171875,
        "5": -1.17578125,
        "10": -1.01171875,
        "25": -1.8662109375,
        "50": -0.11669921875
    }
}