{
    "0.pt": {
        "1": -2.275390625,
        "5": -0.233154296875,
        "10": -1.638671875,
        "25": -1.62109375,
        "50": -0.89453125
    },
    "1.pt": {
        "1": -0.96630859375,
        "5": -0.5224609375,
        "10": -1.4404296875,
        "25": -0.1917724609375,
        "50": -0.96337890625
    },
    "2.pt": {
        "1": -1.8671875,
        "5": -0.50634765625,
        "10": 0.193359375,
        "25": -1.37890625,
        "50": -1.4345703125
    },
    "3.pt": {
        "1": -0.225341796875,
        "5": -0.1832275390625,
        "10": -0.314453125,
        "25": -1.4541015625,
        "50": -1.87109375
    },
    "4.pt": {
        "1": -0.548828125,
        "5": -0.5390625,
        "10": -0.0513916015625,
        "25": -0.296142578125,
        "50": 0.035980224609375
    }
}