{
    "0.pt": {
        "1": -1.8330078125,
        "5": -1.697265625,
        "10": -0.7958984375,
        "25": -0.84326171875,
        "50": -0.310546875
    },
    "1.pt": {
        "1": -0.90234375,
        "5": -0.213134765625,
        "10": -1.7392578125,
        "25": -0.314208984375,
        "50": -1.3095703125
    },
    "2.pt": {
        "1": -0.81884765625,
        "5": -1.173828125,
        "10": -1.6123046875,
        "25": -2.3359375,
        "50": -1.5322265625
    },
    "3.pt": {
        "1": -1.283203125,
        "5": -0.9970703125,
        "10": -0.51220703125,
        "25": -0.7626953125,
        "50": -1.111328125
    },
    "4.pt": {
        "1": -0.346923828125,
        "5": -0.74560546875,
        "10": -0.464599609375,
        "25": -1.2919921875,
        "50": -1.162109375
    }
}