{
    "0.pt": {
        "1": -1.2373046875,
        "5": -0.197509765625,
        "10": -1.2919921875,
        "25": -1.3037109375,
        "50": -0.4755859375
    },
    "1.pt": {
        "1": -0.95751953125,
        "5": -0.388671875,
        "10": -1.7431640625,
        "25": -0.08978271484375,
        "50": -0.80517578125
    },
    "2.pt": {
        "1": -0.294677734375,
        "5": -1.14453125,
        "10": -1.046875,
        "25": -0.837890625,
        "50": -0.5771484375
    },
    "3.pt": {
        "1": -1.2265625,
        "5": -1.2900390625,
        "10": -0.7197265625,
        "25": -0.8349609375,
        "50": -0.469482421875
    },
    "4.pt": {
        "1": -1.8935546875,
        "5": -0.044281005859375,
        "10": -1.3681640625,
        "25": -0.71142578125,
        "50": -1.125
    }
}