{
    "0.pt": {
        "1": -1.873046875,
        "5": -0.344970703125,
        "10": -1.28515625,
        "25": -1.517578125,
        "50": -1.017578125
    },
    "1.pt": {
        "1": -0.6728515625,
        "5": -1.5009765625,
        "10": -1.2890625,
        "25": -0.50341796875,
        "50": -0.9560546875
    },
    "2.pt": {
        "1": -0.59423828125,
        "5": -1.10546875,
        "10": -1.267578125,
        "25": -0.152099609375,
        "50": -1.3818359375
    },
    "3.pt": {
        "1": -1.9130859375,
        "5": -0.91748046875,
        "10": -0.736328125,
        "25": -1.01953125,
        "50": -1.8173828125
    },
    "4.pt": {
        "1": -1.1455078125,
        "5": -0.470947265625,
        "10": -1.203125,
        "25": -0.328125,
        "50": -0.53857421875
    }
}