{
    "0.pt": {
        "1": -0.97265625,
        "5": -1.556640625,
        "10": -0.387939453125,
        "25": -0.1513671875,
        "50": -0.2218017578125
    },
    "1.pt": {
        "1": -0.228515625,
        "5": -0.57666015625,
        "10": -1.232421875,
        "25": -1.2919921875,
        "50": 0.0679931640625
    },
    "2.pt": {
        "1": -1.060546875,
        "5": -1.4150390625,
        "10": -1.56640625,
        "25": -1.013671875,
        "50": -1.8134765625
    },
    "3.pt": {
        "1": -0.404296875,
        "5": -0.927734375,
        "10": -0.5400390625,
        "25": -0.7294921875,
        "50": -0.96484375
    },
    "4.pt": {
        "1": -0.2479248046875,
        "5": -0.1448974609375,
        "10": -1.0126953125,
        "25": -0.7529296875,
        "50": -1.8330078125
    }
}