{
    "0.pt": {
        "1": -0.41064453125,
        "5": -1.96484375,
        "10": -0.1158447265625,
        "25": 0.07232666015625,
        "50": -1.5087890625
    },
    "1.pt": {
        "1": -1.1787109375,
        "5": -1.76953125,
        "10": -0.77197265625,
        "25": -1.240234375,
        "50": -1.5751953125
    },
    "2.pt": {
        "1": -0.038360595703125,
        "5": -2.19140625,
        "10": -0.609375,
        "25": -1.23828125,
        "50": -1.3251953125
    },
    "3.pt": {
        "1": 0.037445068359375,
        "5": -1.306640625,
        "10": -1.91796875,
        "25": -0.505859375,
        "50": -1.6962890625
    },
    "4.pt": {
        "1": -0.828125,
        "5": -0.191650390625,
        "10": -1.4873046875,
        "25": -0.78759765625,
        "50": -1.8984375
    }
}