{
    "0.pt": {
        "1": -1.6123046875,
        "5": -2.107421875,
        "10": -2.033203125,
        "25": -0.595703125,
        "50": 0.118408203125
    },
    "1.pt": {
        "1": -1.8798828125,
        "5": 0.197998046875,
        "10": -1.4423828125,
        "25": -1.4384765625,
        "50": -0.56201171875
    },
    "2.pt": {
        "1": -0.91162109375,
        "5": -0.56494140625,
        "10": -1.3564453125,
        "25": -1.8291015625,
        "50": -1.96875
    },
    "3.pt": {
        "1": -1.0263671875,
        "5": -0.0458984375,
        "10": -1.9296875,
        "25": -0.97509765625,
        "50": -1.720703125
    },
    "4.pt": {
        "1": -0.06854248046875,
        "5": -0.1419677734375,
        "10": -1.71484375,
        "25": -1.44921875,
        "50": -1.546875
    }
}