{
    "0.pt": {
        "1": -1.123046875,
        "5": -1.1884765625,
        "10": 0.378662109375,
        "25": -0.416259765625,
        "50": -1.8857421875
    },
    "1.pt": {
        "1": -1.6259765625,
        "5": -0.44580078125,
        "10": -2.259765625,
        "25": -0.763671875,
        "50": -1.0166015625
    },
    "2.pt": {
        "1": -1.59765625,
        "5": -1.765625,
        "10": -0.97607421875,
        "25": -2.197265625,
        "50": -1.57421875
    },
    "3.pt": {
        "1": 0.068603515625,
        "5": -1.34765625,
        "10": -1.7138671875,
        "25": -0.08740234375,
        "50": -1.498046875
    },
    "4.pt": {
        "1": -1.1904296875,
        "5": -0.5693359375,
        "10": -0.353759765625,
        "25": -1.4833984375,
        "50": -1.3505859375
    }
}