{
    "0.pt": {
        "1": -0.36083984375,
        "5": -0.316650390625,
        "10": -1.5537109375,
        "25": -0.21923828125,
        "50": -1.6162109375
    },
    "1.pt": {
        "1": -0.31298828125,
        "5": -2.044921875,
        "10": -1.458984375,
        "25": -1.521484375,
        "50": -2.19921875
    },
    "2.pt": {
        "1": -1.7060546875,
        "5": -1.177734375,
        "10": -1.4970703125,
        "25": -1.8173828125,
        "50": -0.86376953125
    },
    "3.pt": {
        "1": -1.8994140625,
        "5": -2.412109375,
        "10": -1.25,
        "25": -0.8994140625,
        "50": -1.955078125
    },
    "4.pt": {
        "1": 0.016845703125,
        "5": -1.1953125,
        "10": -0.2105712890625,
        "25": -0.459716796875,
        "50": -0.572265625
    }
}