{
    "0.pt": {
        "1": -0.17431640625,
        "5": -0.178466796875,
        "10": -0.6787109375,
        "25": -0.384033203125,
        "50": -0.441162109375
    },
    "1.pt": {
        "1": -1.3642578125,
        "5": -0.22802734375,
        "10": -1.3310546875,
        "25": -1.8291015625,
        "50": -0.7392578125
    },
    "2.pt": {
        "1": -0.92333984375,
        "5": -1.1474609375,
        "10": -0.047088623046875,
        "25": -1.0615234375,
        "50": -1.4326171875
    },
    "3.pt": {
        "1": -0.444580078125,
        "5": -1.6796875,
        "10": -1.6025390625,
        "25": -0.6591796875,
        "50": -0.09661865234375
    },
    "4.pt": {
        "1": -1.2177734375,
        "5": 0.0113983154296875,
        "10": -1.3203125,
        "25": -1.884765625,
        "50": -1.0869140625
    }
}