{
    "0.pt": {
        "1": -0.71044921875,
        "5": -1.3896484375,
        "10": -1.2080078125,
        "25": -2.01171875,
        "50": -0.53076171875
    },
    "1.pt": {
        "1": -1.5888671875,
        "5": -1.4873046875,
        "10": -2.232421875,
        "25": -0.1307373046875,
        "50": -1.1357421875
    },
    "2.pt": {
        "1": -0.36083984375,
        "5": -1.4345703125,
        "10": -1.51953125,
        "25": -1.9248046875,
        "50": -1.396484375
    },
    "3.pt": {
        "1": 0.427490234375,
        "5": 0.042083740234375,
        "10": -1.2841796875,
        "25": -1.1552734375,
        "50": -1.3310546875
    },
    "4.pt": {
        "1": -2.13671875,
        "5": -0.58349609375,
        "10": -0.5791015625,
        "25": -0.21875,
        "50": -2.123046875
    }
}