{
    "0.pt": {
        "1": -1.505859375,
        "5": -1.7939453125,
        "10": -0.359619140625,
        "25": -0.6865234375,
        "50": -0.841796875
    },
    "1.pt": {
        "1": -0.73193359375,
        "5": 0.12060546875,
        "10": -0.5068359375,
        "25": -0.65185546875,
        "50": -0.97021484375
    },
    "2.pt": {
        "1": -1.01953125,
        "5": -1.0927734375,
        "10": -2.224609375,
        "25": -0.94287109375,
        "50": -0.8046875
    },
    "3.pt": {
        "1": -0.23828125,
        "5": -1.8125,
        "10": -1.9755859375,
        "25": -1.1171875,
        "50": 0.398193359375
    },
    "4.pt": {
        "1": -1.4638671875,
        "5": -0.35107421875,
        "10": 0.23681640625,
        "25": -1.630859375,
        "50": -1.130859375
    }
}