{
    "0.pt": {
        "1": -0.98095703125,
        "5": -0.21044921875,
        "10": -0.5439453125,
        "25": -1.83984375,
        "50": -1.087890625
    },
    "1.pt": {
        "1": -2.439453125,
        "5": -1.2978515625,
        "10": -0.73583984375,
        "25": -0.488037109375,
        "50": -0.90576171875
    },
    "2.pt": {
        "1": -0.260498046875,
        "5": -0.97998046875,
        "10": -0.32666015625,
        "25": -1.8359375,
        "50": -1.3251953125
    },
    "3.pt": {
        "1": -1.7841796875,
        "5": -0.96240234375,
        "10": -2.095703125,
        "25": -1.2880859375,
        "50": -0.9599609375
    },
    "4.pt": {
        "1": -1.2119140625,
        "5": -1.4755859375,
        "10": -2.1875,
        "25": -1.5498046875,
        "50": -0.486083984375
    }
}