{
    "0.pt": {
        "1": -1.3408203125,
        "5": -1.05859375,
        "10": -1.041015625,
        "25": -2.0078125,
        "50": -2.455078125
    },
    "1.pt": {
        "1": 0.165771484375,
        "5": -1.03515625,
        "10": -0.233154296875,
        "25": -1.9658203125,
        "50": -1.43359375
    },
    "2.pt": {
        "1": -0.6572265625,
        "5": -0.67431640625,
        "10": -1.0458984375,
        "25": -0.6259765625,
        "50": -0.82470703125
    },
    "3.pt": {
        "1": -1.6005859375,
        "5": -0.21240234375,
        "10": -0.705078125,
        "25": -1.7353515625,
        "50": -2.06640625
    },
    "4.pt": {
        "1": -1.7939453125,
        "5": 0.08819580078125,
        "10": -1.556640625,
        "25": -1.939453125,
        "50": -2.001953125
    }
}