{
    "0.pt": {
        "1": -1.498046875,
        "5": -0.1949462890625,
        "10": -0.90966796875,
        "25": -1.7578125,
        "50": -1.734375
    },
    "1.pt": {
        "1": -0.88916015625,
        "5": -0.65185546875,
        "10": -0.67578125,
        "25": -0.10137939453125,
        "50": -0.92724609375
    },
    "2.pt": {
        "1": -1.3642578125,
        "5": 0.150390625,
        "10": -1.703125,
        "25": -0.5556640625,
        "50": -0.92529296875
    },
    "3.pt": {
        "1": -0.1732177734375,
        "5": -1.595703125,
        "10": -1.4267578125,
        "25": -0.896484375,
        "50": 0.1021728515625
    },
    "4.pt": {
        "1": -0.389892578125,
        "5": -0.467041015625,
        "10": -1.958984375,
        "25": -0.86376953125,
        "50": -0.828125
    }
}