{
    "0.pt": {
        "1": -1.0498046875,
        "5": 0.312744140625,
        "10": -0.6171875,
        "25": -0.08892822265625,
        "50": -2.0234375
    },
    "1.pt": {
        "1": -1.484375,
        "5": -0.82568359375,
        "10": -0.36328125,
        "25": -0.25439453125,
        "50": 0.1702880859375
    },
    "2.pt": {
        "1": -1.150390625,
        "5": -0.51953125,
        "10": -1.3486328125,
        "25": -2.193359375,
        "50": -0.908203125
    },
    "3.pt": {
        "1": -1.5654296875,
        "5": -1.814453125,
        "10": -0.30859375,
        "25": -1.783203125,
        "50": -1.82421875
    },
    "4.pt": {
        "1": -0.947265625,
        "5": -0.640625,
        "10": -1.8388671875,
        "25": -1.474609375,
        "50": -1.888671875
    }
}