{
    "0.pt": {
        "1": -1.0576171875,
        "5": -0.36669921875,
        "10": 0.158447265625,
        "25": -1.3837890625,
        "50": -1.353515625
    },
    "1.pt": {
        "1": -1.337890625,
        "5": -1.837890625,
        "10": -1.91015625,
        "25": -2.001953125,
        "50": -0.3955078125
    },
    "2.pt": {
        "1": -1.130859375,
        "5": -0.9951171875,
        "10": -1.3681640625,
        "25": -1.111328125,
        "50": -1.01171875
    },
    "3.pt": {
        "1": -1.771484375,
        "5": -1.166015625,
        "10": -1.70703125,
        "25": -1.6005859375,
        "50": -1.822265625
    },
    "4.pt": {
        "1": -1.5244140625,
        "5": -0.9453125,
        "10": -1.3662109375,
        "25": -1.3955078125,
        "50": -0.95654296875
    }
}