{
    "0.pt": {
        "1": -0.8935546875,
        "5": -0.54443359375,
        "10": -0.277587890625,
        "25": -0.8427734375,
        "50": -0.64013671875
    },
    "1.pt": {
        "1": -0.90966796875,
        "5": -0.4345703125,
        "10": -0.732421875,
        "25": -1.341796875,
        "50": -0.87060546875
    },
    "2.pt": {
        "1": -2.041015625,
        "5": -1.6533203125,
        "10": -0.4140625,
        "25": -0.88916015625,
        "50": -0.958984375
    },
    "3.pt": {
        "1": -0.8916015625,
        "5": -1.1318359375,
        "10": -0.984375,
        "25": -1.412109375,
        "50": -0.17919921875
    },
    "4.pt": {
        "1": -1.6982421875,
        "5": -1.7802734375,
        "10": -1.2021484375,
        "25": -0.60400390625,
        "50": -0.5400390625
    }
}