{
    "0.pt": {
        "1": -0.485595703125,
        "5": -1.453125,
        "10": -2.330078125,
        "25": -0.63037109375,
        "50": -1.3310546875
    },
    "1.pt": {
        "1": -1.568359375,
        "5": 0.70068359375,
        "10": -0.33642578125,
        "25": -1.4140625,
        "50": -1.271484375
    },
    "2.pt": {
        "1": -1.650390625,
        "5": -1.578125,
        "10": -0.4931640625,
        "25": -0.828125,
        "50": -1.3232421875
    },
    "3.pt": {
        "1": -0.9755859375,
        "5": -1.7080078125,
        "10": -0.77099609375,
        "25": -0.8310546875,
        "50": 0.11077880859375
    },
    "4.pt": {
        "1": -0.68994140625,
        "5": -0.86376953125,
        "10": -0.5830078125,
        "25": -0.603515625,
        "50": -0.9951171875
    }
}