{
    "0.pt": {
        "1": -0.137939453125,
        "5": -0.470458984375,
        "10": -1.8154296875,
        "25": -1.5810546875,
        "50": -1.75
    },
    "1.pt": {
        "1": -1.611328125,
        "5": -1.4736328125,
        "10": -0.77734375,
        "25": 0.126708984375,
        "50": -0.40869140625
    },
    "2.pt": {
        "1": -1.2412109375,
        "5": -0.83935546875,
        "10": -0.06573486328125,
        "25": -1.64453125,
        "50": -1.23046875
    },
    "3.pt": {
        "1": -0.474365234375,
        "5": -0.2298583984375,
        "10": -1.455078125,
        "25": -0.39453125,
        "50": -0.58349609375
    },
    "4.pt": {
        "1": -0.0206146240234375,
        "5": -1.1640625,
        "10": -0.306396484375,
        "25": -1.7763671875,
        "50": -0.473876953125
    }
}