{
    "0.pt": {
        "1": -2.150390625,
        "5": -1.4658203125,
        "10": -2.36328125,
        "25": -0.22705078125,
        "50": 0.01027679443359375
    },
    "1.pt": {
        "1": -1.6611328125,
        "5": -0.572265625,
        "10": -0.857421875,
        "25": -1.9443359375,
        "50": -1.6796875
    },
    "2.pt": {
        "1": -1.1240234375,
        "5": -1.18359375,
        "10": -1.2568359375,
        "25": -1.6220703125,
        "50": -1.111328125
    },
    "3.pt": {
        "1": -0.865234375,
        "5": -1.1650390625,
        "10": -0.548828125,
        "25": -1.7646484375,
        "50": 0.6015625
    },
    "4.pt": {
        "1": -1.1708984375,
        "5": -0.1966552734375,
        "10": -0.8076171875,
        "25": 0.05889892578125,
        "50": -1.0595703125
    }
}