{
    "0.pt": {
        "1": -0.99462890625,
        "5": -0.72705078125,
        "10": -0.93505859375,
        "25": -2.1640625,
        "50": -0.254150390625
    },
    "1.pt": {
        "1": -1.9755859375,
        "5": 0.393310546875,
        "10": -0.429931640625,
        "25": -1.2880859375,
        "50": -1.1435546875
    },
    "2.pt": {
        "1": -2.21484375,
        "5": -2.306640625,
        "10": -0.314208984375,
        "25": -1.8251953125,
        "50": -1.51953125
    },
    "3.pt": {
        "1": -0.3291015625,
        "5": -0.96923828125,
        "10": -1.705078125,
        "25": -2.052734375,
        "50": -1.3447265625
    },
    "4.pt": {
        "1": -0.3759765625,
        "5": 0.024261474609375,
        "10": -0.3232421875,
        "25": -0.053131103515625,
        "50": -1.6650390625
    }
}