{
    "0.pt": {
        "1": -0.9609375,
        "5": -0.4345703125,
        "10": -0.8193359375,
        "25": -1.5380859375,
        "50": -0.5712890625
    },
    "1.pt": {
        "1": -1.9501953125,
        "5": -1.4267578125,
        "10": -0.89013671875,
        "25": -0.67578125,
        "50": -1.8037109375
    },
    "2.pt": {
        "1": -0.634765625,
        "5": -0.64111328125,
        "10": -1.8779296875,
        "25": -1.6708984375,
        "50": -1.62109375
    },
    "3.pt": {
        "1": -0.05731201171875,
        "5": -0.386474609375,
        "10": -0.460693359375,
        "25": -0.13720703125,
        "50": -0.86572265625
    },
    "4.pt": {
        "1": -0.51708984375,
        "5": -0.681640625,
        "10": -1.228515625,
        "25": -0.77587890625,
        "50": -0.52783203125
    }
}