{
    "0.pt": {
        "1": -0.146728515625,
        "5": -0.90380859375,
        "10": -1.6376953125,
        "25": -0.7158203125,
        "50": -1.35546875
    },
    "1.pt": {
        "1": -1.283203125,
        "5": 0.05511474609375,
        "10": -1.509765625,
        "25": -1.0791015625,
        "50": 0.037750244140625
    },
    "2.pt": {
        "1": -1.626953125,
        "5": -0.293212890625,
        "10": -0.76611328125,
        "25": -1.3740234375,
        "50": -0.521484375
    },
    "3.pt": {
        "1": -0.157958984375,
        "5": -1.484375,
        "10": -1.4384765625,
        "25": -1.3896484375,
        "50": -0.467041015625
    },
    "4.pt": {
        "1": -0.61181640625,
        "5": -0.56640625,
        "10": -1.4921875,
        "25": -0.31787109375,
        "50": 0.144287109375
    }
}