{
    "0.pt": {
        "1": -0.638671875,
        "5": -0.916015625,
        "10": -1.7314453125,
        "25": 0.260986328125,
        "50": -0.72998046875
    },
    "1.pt": {
        "1": 0.35791015625,
        "5": -1.16796875,
        "10": -0.8798828125,
        "25": -1.2783203125,
        "50": -0.365966796875
    },
    "2.pt": {
        "1": -1.3642578125,
        "5": -0.94287109375,
        "10": -1.4013671875,
        "25": -0.94921875,
        "50": -0.9404296875
    },
    "3.pt": {
        "1": -1.4970703125,
        "5": -1.5185546875,
        "10": -0.32568359375,
        "25": -1.0205078125,
        "50": -1.3857421875
    },
    "4.pt": {
        "1": -0.98046875,
        "5": -1.056640625,
        "10": -0.68359375,
        "25": -0.57861328125,
        "50": -0.250732421875
    }
}