{
    "0.pt": {
        "1": -0.71923828125,
        "5": -0.10528564453125,
        "10": -2.208984375,
        "25": -1.5380859375,
        "50": 0.038970947265625
    },
    "1.pt": {
        "1": -0.8759765625,
        "5": -0.1495361328125,
        "10": 0.129638671875,
        "25": 0.2197265625,
        "50": -1.462890625
    },
    "2.pt": {
        "1": -2.09765625,
        "5": -0.90673828125,
        "10": -1.61328125,
        "25": -1.7470703125,
        "50": -1.1806640625
    },
    "3.pt": {
        "1": -0.5263671875,
        "5": -2.01953125,
        "10": -2.091796875,
        "25": -2.041015625,
        "50": -0.81689453125
    },
    "4.pt": {
        "1": -0.5234375,
        "5": -0.372314453125,
        "10": -1.001953125,
        "25": -1.40234375,
        "50": -0.66357421875
    }
}