{
    "0.pt": {
        "1": -1.1181640625,
        "5": -0.76416015625,
        "10": -1.4423828125,
        "25": 0.0350341796875,
        "50": -0.70458984375
    },
    "1.pt": {
        "1": -0.1976318359375,
        "5": -0.83837890625,
        "10": -1.251953125,
        "25": -1.51953125,
        "50": -0.347900390625
    },
    "2.pt": {
        "1": -1.0546875,
        "5": -1.1513671875,
        "10": -1.1875,
        "25": -0.70556640625,
        "50": -0.262451171875
    },
    "3.pt": {
        "1": -1.5341796875,
        "5": -0.08563232421875,
        "10": -0.12548828125,
        "25": -1.2822265625,
        "50": -1.0478515625
    },
    "4.pt": {
        "1": 0.1319580078125,
        "5": -0.97021484375,
        "10": -1.1083984375,
        "25": 0.0537109375,
        "50": -1.9833984375
    }
}