{
    "0.pt": {
        "1": -0.484375,
        "5": -0.5732421875,
        "10": -1.2138671875,
        "25": -1.185546875,
        "50": -1.1318359375
    },
    "1.pt": {
        "1": -1.0234375,
        "5": -0.352294921875,
        "10": -1.18359375,
        "25": -0.654296875,
        "50": -0.6826171875
    },
    "2.pt": {
        "1": -1.6943359375,
        "5": -0.921875,
        "10": -1.333984375,
        "25": -1.111328125,
        "50": -0.28369140625
    },
    "3.pt": {
        "1": -2.076171875,
        "5": -2.17578125,
        "10": -1.4794921875,
        "25": -1.4423828125,
        "50": -1.5751953125
    },
    "4.pt": {
        "1": -1.359375,
        "5": 0.10833740234375,
        "10": -1.095703125,
        "25": -0.91845703125,
        "50": -0.501953125
    }
}