{
    "0.pt": {
        "1": -0.611328125,
        "5": -2.220703125,
        "10": -0.56787109375,
        "25": -1.6865234375,
        "50": -0.55859375
    },
    "1.pt": {
        "1": -2.0703125,
        "5": -0.91943359375,
        "10": -0.1461181640625,
        "25": -0.845703125,
        "50": -0.607421875
    },
    "2.pt": {
        "1": -0.68701171875,
        "5": -0.45654296875,
        "10": -1.0673828125,
        "25": -0.91064453125,
        "50": 0.171142578125
    },
    "3.pt": {
        "1": -0.5703125,
        "5": -1.0458984375,
        "10": -1.58203125,
        "25": -1.869140625,
        "50": -0.939453125
    },
    "4.pt": {
        "1": -0.8779296875,
        "5": -0.7734375,
        "10": -0.372802734375,
        "25": -1.1650390625,
        "50": -1.07421875
    }
}