{
    "0.pt": {
        "1": -0.73974609375,
        "5": -1.7783203125,
        "10": -1.2431640625,
        "25": -0.29443359375,
        "50": -2.033203125
    },
    "1.pt": {
        "1": -0.56982421875,
        "5": -0.52783203125,
        "10": -1.462890625,
        "25": -1.0546875,
        "50": -0.183349609375
    },
    "2.pt": {
        "1": 0.07867431640625,
        "5": -1.0283203125,
        "10": -0.85791015625,
        "25": -0.9033203125,
        "50": -1.9296875
    },
    "3.pt": {
        "1": -1.1142578125,
        "5": -0.318603515625,
        "10": 0.0638427734375,
        "25": -1.68359375,
        "50": -0.3134765625
    },
    "4.pt": {
        "1": -0.57275390625,
        "5": -1.2353515625,
        "10": -1.626953125,
        "25": -1.548828125,
        "50": -0.01580810546875
    }
}