{
    "0.pt": {
        "1": -0.67138671875,
        "5": -0.458984375,
        "10": -1.1162109375,
        "25": -0.95361328125,
        "50": -0.91162109375
    },
    "1.pt": {
        "1": -1.40234375,
        "5": -0.28271484375,
        "10": -1.2529296875,
        "25": -1.2314453125,
        "50": -0.474609375
    },
    "2.pt": {
        "1": -0.447265625,
        "5": 0.055938720703125,
        "10": -1.08203125,
        "25": -1.6142578125,
        "50": -0.326171875
    },
    "3.pt": {
        "1": -1.8154296875,
        "5": -1.3779296875,
        "10": -1.0703125,
        "25": -1.080078125,
        "50": -1.7099609375
    },
    "4.pt": {
        "1": -0.42138671875,
        "5": -0.67919921875,
        "10": -1.580078125,
        "25": -0.7373046875,
        "50": -0.30712890625
    }
}