{
    "0.pt": {
        "1": -1.2705078125,
        "5": -0.36865234375,
        "10": -0.309326171875,
        "25": -1.7958984375,
        "50": -1.64453125
    },
    "1.pt": {
        "1": -0.379150390625,
        "5": -1.1259765625,
        "10": -1.7109375,
        "25": -0.2222900390625,
        "50": -1.4775390625
    },
    "2.pt": {
        "1": -0.423583984375,
        "5": -1.5205078125,
        "10": -1.9970703125,
        "25": -1.263671875,
        "50": -1.55078125
    },
    "3.pt": {
        "1": 0.2308349609375,
        "5": -0.53076171875,
        "10": -1.25,
        "25": -0.406005859375,
        "50": -1.4931640625
    },
    "4.pt": {
        "1": -1.29296875,
        "5": -1.505859375,
        "10": -1.2451171875,
        "25": -1.8603515625,
        "50": -1.3515625
    }
}