{
    "0.pt": {
        "1": -0.91650390625,
        "5": -1.064453125,
        "10": -1.470703125,
        "25": -0.469970703125,
        "50": -0.328857421875
    },
    "1.pt": {
        "1": -0.5380859375,
        "5": -0.1666259765625,
        "10": -0.395263671875,
        "25": -1.5693359375,
        "50": -0.055206298828125
    },
    "2.pt": {
        "1": -0.82666015625,
        "5": -0.0236358642578125,
        "10": -0.60400390625,
        "25": -0.81005859375,
        "50": -1.3291015625
    },
    "3.pt": {
        "1": -0.313232421875,
        "5": -0.56640625,
        "10": -1.53125,
        "25": -0.328857421875,
        "50": 0.2200927734375
    },
    "4.pt": {
        "1": -0.72412109375,
        "5": -0.2144775390625,
        "10": -1.8427734375,
        "25": -0.591796875,
        "50": -0.1812744140625
    }
}