{
    "0.pt": {
        "1": -1.275390625,
        "5": -0.802734375,
        "10": -0.0007343292236328125,
        "25": -1.7119140625,
        "50": -1.8515625
    },
    "1.pt": {
        "1": -0.445068359375,
        "5": -1.896484375,
        "10": -1.48046875,
        "25": -1.8251953125,
        "50": -0.194091796875
    },
    "2.pt": {
        "1": -0.537109375,
        "5": -0.0008935928344726562,
        "10": -0.994140625,
        "25": -2.025390625,
        "50": -1.4404296875
    },
    "3.pt": {
        "1": -1.8349609375,
        "5": -0.444091796875,
        "10": -0.9111328125,
        "25": -1.1015625,
        "50": -0.671875
    },
    "4.pt": {
        "1": -2.494140625,
        "5": -1.2490234375,
        "10": -0.76513671875,
        "25": -0.49169921875,
        "50": -2.208984375
    }
}