{
    "0.pt": {
        "1": -1.0673828125,
        "5": -0.84912109375,
        "10": -1.8466796875,
        "25": -0.85400390625,
        "50": -1.416015625
    },
    "1.pt": {
        "1": -0.11865234375,
        "5": -0.978515625,
        "10": 0.1702880859375,
        "25": -0.51904296875,
        "50": -0.184326171875
    },
    "2.pt": {
        "1": -0.3515625,
        "5": -1.7431640625,
        "10": -1.529296875,
        "25": -1.8056640625,
        "50": -0.8974609375
    },
    "3.pt": {
        "1": -1.0771484375,
        "5": -1.369140625,
        "10": -1.4267578125,
        "25": -2.556640625,
        "50": -1.8798828125
    },
    "4.pt": {
        "1": -1.10546875,
        "5": -1.6875,
        "10": -1.2451171875,
        "25": -1.70703125,
        "50": -0.9384765625
    }
}