{
    "0.pt": {
        "1": -1.4501953125,
        "5": -1.4638671875,
        "10": -1.09765625,
        "25": -1.2333984375,
        "50": -0.86767578125
    },
    "1.pt": {
        "1": -0.163818359375,
        "5": -1.3173828125,
        "10": -1.5556640625,
        "25": -0.492431640625,
        "50": -1.212890625
    },
    "2.pt": {
        "1": -0.95703125,
        "5": -0.541015625,
        "10": -1.193359375,
        "25": -1.759765625,
        "50": 0.254638671875
    },
    "3.pt": {
        "1": -0.91015625,
        "5": -0.95751953125,
        "10": -1.8828125,
        "25": -2.55078125,
        "50": -1.3046875
    },
    "4.pt": {
        "1": -1.03125,
        "5": -0.9111328125,
        "10": -2.150390625,
        "25": -1.7236328125,
        "50": -1.71875
    }
}