{
    "0.pt": {
        "1": -0.0010576248168945312,
        "5": -0.441650390625,
        "10": -0.65185546875,
        "25": 1.3779296875,
        "50": -0.513671875
    },
    "1.pt": {
        "1": -1.47265625,
        "5": -1.3193359375,
        "10": -1.7265625,
        "25": -1.6259765625,
        "50": -0.334716796875
    },
    "2.pt": {
        "1": -1.529296875,
        "5": 0.1904296875,
        "10": 0.036712646484375,
        "25": -2.287109375,
        "50": -0.58544921875
    },
    "3.pt": {
        "1": -0.69970703125,
        "5": -0.72607421875,
        "10": -0.79736328125,
        "25": -0.85205078125,
        "50": -0.247802734375
    },
    "4.pt": {
        "1": -2.390625,
        "5": -0.76904296875,
        "10": -1.7568359375,
        "25": -1.05859375,
        "50": -0.98681640625
    }
}