{
    "0.pt": {
        "1": -1.244140625,
        "5": -1.3017578125,
        "10": -1.4501953125,
        "25": -1.703125,
        "50": -1.3388671875
    },
    "1.pt": {
        "1": -2.111328125,
        "5": -1.0302734375,
        "10": -0.748046875,
        "25": -0.0675048828125,
        "50": -0.85986328125
    },
    "2.pt": {
        "1": -0.56689453125,
        "5": -1.005859375,
        "10": -0.529296875,
        "25": -0.765625,
        "50": -0.0692138671875
    },
    "3.pt": {
        "1": -1.1474609375,
        "5": -0.09088134765625,
        "10": 0.1507568359375,
        "25": -1.1083984375,
        "50": -0.9638671875
    },
    "4.pt": {
        "1": -0.5625,
        "5": -1.775390625,
        "10": 0.0305023193359375,
        "25": 0.728515625,
        "50": -1.5380859375
    }
}