{
    "0.pt": {
        "1": -1.4873046875,
        "5": -0.8017578125,
        "10": -1.396484375,
        "25": -1.728515625,
        "50": -2.12109375
    },
    "1.pt": {
        "1": -1.01171875,
        "5": -1.7890625,
        "10": -0.73046875,
        "25": -0.61865234375,
        "50": -1.095703125
    },
    "2.pt": {
        "1": -1.912109375,
        "5": -0.46875,
        "10": -0.384765625,
        "25": 0.297607421875,
        "50": -1.830078125
    },
    "3.pt": {
        "1": -0.90869140625,
        "5": -2.0390625,
        "10": -1.77734375,
        "25": -1.046875,
        "50": 0.07318115234375
    },
    "4.pt": {
        "1": -1.28515625,
        "5": -0.92333984375,
        "10": -1.5439453125,
        "25": -1.5556640625,
        "50": -1.0546875
    }
}