{
    "0.pt": {
        "1": 0.306396484375,
        "5": -0.71875,
        "10": -1.8193359375,
        "25": -0.5673828125,
        "50": -0.51416015625
    },
    "1.pt": {
        "1": -0.66357421875,
        "5": -0.958984375,
        "10": -1.2119140625,
        "25": -0.45263671875,
        "50": 0.343017578125
    },
    "2.pt": {
        "1": -0.8212890625,
        "5": -1.8125,
        "10": -0.865234375,
        "25": -1.619140625,
        "50": -0.64404296875
    },
    "3.pt": {
        "1": -1.28125,
        "5": -1.0673828125,
        "10": -0.5458984375,
        "25": -0.52587890625,
        "50": -0.08209228515625
    },
    "4.pt": {
        "1": -0.9267578125,
        "5": 0.495361328125,
        "10": -1.353515625,
        "25": -1.177734375,
        "50": -1.556640625
    }
}