{
    "0.pt": {
        "1": -0.89306640625,
        "5": -1.5126953125,
        "10": 0.36181640625,
        "25": -2.15625,
        "50": -2.095703125
    },
    "1.pt": {
        "1": -1.25,
        "5": -1.1083984375,
        "10": -1.779296875,
        "25": -1.76953125,
        "50": 0.187744140625
    },
    "2.pt": {
        "1": -0.9130859375,
        "5": -1.4833984375,
        "10": -2.2109375,
        "25": -0.7958984375,
        "50": -0.65771484375
    },
    "3.pt": {
        "1": -1.3515625,
        "5": -1.974609375,
        "10": -1.0400390625,
        "25": -0.365234375,
        "50": -0.10009765625
    },
    "4.pt": {
        "1": -0.490234375,
        "5": -1.4453125,
        "10": -0.404541015625,
        "25": -1.943359375,
        "50": -1.3154296875
    }
}