{
    "0.pt": {
        "1": -0.6640625,
        "5": -1.8330078125,
        "10": -1.80859375,
        "25": -1.3623046875,
        "50": -1.8115234375
    },
    "1.pt": {
        "1": -0.1171875,
        "5": -1.0048828125,
        "10": -0.59033203125,
        "25": -0.139892578125,
        "50": -0.445068359375
    },
    "2.pt": {
        "1": -1.6337890625,
        "5": -1.126953125,
        "10": -0.734375,
        "25": -1.1181640625,
        "50": -2.103515625
    },
    "3.pt": {
        "1": -1.4775390625,
        "5": -1.2529296875,
        "10": -1.162109375,
        "25": -2.1171875,
        "50": -2.076171875
    },
    "4.pt": {
        "1": -0.1807861328125,
        "5": -0.11419677734375,
        "10": 0.2469482421875,
        "25": -0.75537109375,
        "50": -1.44140625
    }
}