{
    "0.pt": {
        "1": 0.1434326171875,
        "5": -1.1591796875,
        "10": -1.8759765625,
        "25": -0.4052734375,
        "50": -0.461181640625
    },
    "1.pt": {
        "1": -0.75390625,
        "5": -0.54248046875,
        "10": -1.4658203125,
        "25": -0.79541015625,
        "50": -1.0654296875
    },
    "2.pt": {
        "1": -1.6337890625,
        "5": -1.7763671875,
        "10": -0.953125,
        "25": -0.476318359375,
        "50": -0.96875
    },
    "3.pt": {
        "1": -1.8017578125,
        "5": -0.0183868408203125,
        "10": -0.386962890625,
        "25": -0.2196044921875,
        "50": -0.94482421875
    },
    "4.pt": {
        "1": -1.9677734375,
        "5": -1.123046875,
        "10": -1.302734375,
        "25": -1.8330078125,
        "50": -0.97021484375
    }
}