{
    "0.pt": {
        "1": -1.048828125,
        "5": -0.38623046875,
        "10": -0.6650390625,
        "25": -1.3798828125,
        "50": -0.5078125
    },
    "1.pt": {
        "1": -0.98876953125,
        "5": -0.68994140625,
        "10": -1.189453125,
        "25": -0.873046875,
        "50": -0.1826171875
    },
    "2.pt": {
        "1": -1.8447265625,
        "5": -1.5458984375,
        "10": -0.6689453125,
        "25": -1.0947265625,
        "50": 0.52001953125
    },
    "3.pt": {
        "1": -0.96630859375,
        "5": -0.52880859375,
        "10": -0.5400390625,
        "25": -1.28515625,
        "50": -1.0556640625
    },
    "4.pt": {
        "1": -1.650390625,
        "5": -1.6513671875,
        "10": -1.5439453125,
        "25": -1.3525390625,
        "50": 0.107421875
    }
}