{
    "0.pt": {
        "1": -0.78759765625,
        "5": -0.5205078125,
        "10": -1.2490234375,
        "25": -0.95263671875,
        "50": -1.0888671875
    },
    "1.pt": {
        "1": -1.13671875,
        "5": -1.5517578125,
        "10": -0.57373046875,
        "25": -2.052734375,
        "50": -1.162109375
    },
    "2.pt": {
        "1": -1.41015625,
        "5": -0.5,
        "10": -1.0654296875,
        "25": -0.9013671875,
        "50": -1.892578125
    },
    "3.pt": {
        "1": -1.607421875,
        "5": -1.373046875,
        "10": -0.26904296875,
        "25": -1.4462890625,
        "50": -0.359375
    },
    "4.pt": {
        "1": -0.2469482421875,
        "5": -0.0791015625,
        "10": -0.57470703125,
        "25": -1.7802734375,
        "50": -0.023834228515625
    }
}