{
    "0.pt": {
        "1": -0.04193115234375,
        "5": -1.5263671875,
        "10": -0.91455078125,
        "25": -0.2078857421875,
        "50": -0.0816650390625
    },
    "1.pt": {
        "1": -0.2340087890625,
        "5": -1.037109375,
        "10": -0.92138671875,
        "25": -1.3310546875,
        "50": -1.4775390625
    },
    "2.pt": {
        "1": -0.59716796875,
        "5": -1.39453125,
        "10": -1.130859375,
        "25": -0.90478515625,
        "50": -2.0859375
    },
    "3.pt": {
        "1": -1.443359375,
        "5": -1.5087890625,
        "10": -0.0199432373046875,
        "25": -0.471923828125,
        "50": -0.8720703125
    },
    "4.pt": {
        "1": -1.09765625,
        "5": -1.654296875,
        "10": -0.378173828125,
        "25": -2.1484375,
        "50": -1.919921875
    }
}