{
    "0.pt": {
        "1": -0.2041015625,
        "5": -0.4033203125,
        "10": -1.7529296875,
        "25": -1.369140625,
        "50": -0.74951171875
    },
    "1.pt": {
        "1": -1.927734375,
        "5": -1.4658203125,
        "10": -0.56640625,
        "25": -0.1588134765625,
        "50": -1.515625
    },
    "2.pt": {
        "1": -1.4814453125,
        "5": -0.52783203125,
        "10": -1.119140625,
        "25": -0.2275390625,
        "50": -1.47265625
    },
    "3.pt": {
        "1": -0.61669921875,
        "5": -0.9814453125,
        "10": -0.65380859375,
        "25": -1.578125,
        "50": -1.134765625
    },
    "4.pt": {
        "1": -1.4736328125,
        "5": -0.316650390625,
        "10": -1.2841796875,
        "25": -0.76025390625,
        "50": -0.020751953125
    }
}