{
    "0.pt": {
        "1": -1.42578125,
        "5": -1.029296875,
        "10": -0.035400390625,
        "25": -1.3154296875,
        "50": -0.55419921875
    },
    "1.pt": {
        "1": -0.83251953125,
        "5": -0.08837890625,
        "10": -0.1248779296875,
        "25": -0.87744140625,
        "50": -0.7177734375
    },
    "2.pt": {
        "1": -1.0859375,
        "5": -0.73388671875,
        "10": -0.267333984375,
        "25": -1.072265625,
        "50": -0.8857421875
    },
    "3.pt": {
        "1": -0.58837890625,
        "5": -0.62890625,
        "10": -1.2626953125,
        "25": -0.62353515625,
        "50": -1.501953125
    },
    "4.pt": {
        "1": -0.69677734375,
        "5": -0.39013671875,
        "10": -0.92236328125,
        "25": -0.978515625,
        "50": -0.3388671875
    }
}