{
    "0.pt": {
        "1": -0.2496337890625,
        "5": -0.62548828125,
        "10": -0.84814453125,
        "25": -0.99609375,
        "50": -1.16015625
    },
    "1.pt": {
        "1": -1.3896484375,
        "5": -0.32666015625,
        "10": 0.1416015625,
        "25": -1.2080078125,
        "50": -0.0987548828125
    },
    "2.pt": {
        "1": -0.89794921875,
        "5": 0.136962890625,
        "10": -1.0400390625,
        "25": -0.359375,
        "50": 0.05780029296875
    },
    "3.pt": {
        "1": -1.591796875,
        "5": -1.6611328125,
        "10": -0.2171630859375,
        "25": -1.078125,
        "50": -0.1925048828125
    },
    "4.pt": {
        "1": -0.77978515625,
        "5": -0.99755859375,
        "10": -2.185546875,
        "25": -0.2261962890625,
        "50": -1.5546875
    }
}