{
    "0.pt": {
        "1": -1.93359375,
        "5": -0.389404296875,
        "10": -1.5478515625,
        "25": -1.0927734375,
        "50": -1.05859375
    },
    "1.pt": {
        "1": -2.169921875,
        "5": -1.82421875,
        "10": 0.028564453125,
        "25": -0.495361328125,
        "50": -0.64013671875
    },
    "2.pt": {
        "1": -1.333984375,
        "5": -1.083984375,
        "10": -0.1207275390625,
        "25": -0.6376953125,
        "50": -1.337890625
    },
    "3.pt": {
        "1": -1.3017578125,
        "5": -1.7421875,
        "10": -1.23046875,
        "25": -0.050140380859375,
        "50": 0.022216796875
    },
    "4.pt": {
        "1": 0.405029296875,
        "5": -0.67041015625,
        "10": -1.5947265625,
        "25": -1.69921875,
        "50": 0.01123046875
    }
}