{
    "0.pt": {
        "1": -0.5625,
        "5": 0.253662109375,
        "10": -0.87060546875,
        "25": -1.99609375,
        "50": -0.85498046875
    },
    "1.pt": {
        "1": 0.46923828125,
        "5": -1.556640625,
        "10": -0.38037109375,
        "25": -0.4892578125,
        "50": 0.623046875
    },
    "2.pt": {
        "1": -0.052154541015625,
        "5": -1.404296875,
        "10": -1.0849609375,
        "25": -1.4072265625,
        "50": -0.56982421875
    },
    "3.pt": {
        "1": -0.9658203125,
        "5": -2.369140625,
        "10": -1.0302734375,
        "25": -1.5048828125,
        "50": -1.515625
    },
    "4.pt": {
        "1": -0.8544921875,
        "5": -0.5615234375,
        "10": -0.9521484375,
        "25": -2.138671875,
        "50": -1.3349609375
    }
}