{
    "0.pt": {
        "1": -1.794921875,
        "5": -0.2607421875,
        "10": -0.69970703125,
        "25": -0.446044921875,
        "50": -0.0948486328125
    },
    "1.pt": {
        "1": -1.236328125,
        "5": -1.580078125,
        "10": -0.00461578369140625,
        "25": -1.3896484375,
        "50": -1.6259765625
    },
    "2.pt": {
        "1": -2.189453125,
        "5": 0.0290374755859375,
        "10": -0.7470703125,
        "25": -0.8505859375,
        "50": -0.56103515625
    },
    "3.pt": {
        "1": -0.073974609375,
        "5": -1.7861328125,
        "10": -0.58544921875,
        "25": -1.0673828125,
        "50": -1.109375
    },
    "4.pt": {
        "1": -1.6708984375,
        "5": -1.0009765625,
        "10": -1.4833984375,
        "25": -0.064697265625,
        "50": -1.5869140625
    }
}