{
    "0.pt": {
        "1": -1.779296875,
        "5": -1.916015625,
        "10": -0.170166015625,
        "25": -1.25,
        "50": -1.8291015625
    },
    "1.pt": {
        "1": -2.021484375,
        "5": -0.55712890625,
        "10": -0.67333984375,
        "25": -0.52490234375,
        "50": -0.44677734375
    },
    "2.pt": {
        "1": -1.462890625,
        "5": -0.94140625,
        "10": -0.10760498046875,
        "25": -0.96337890625,
        "50": -1.513671875
    },
    "3.pt": {
        "1": -0.28125,
        "5": -1.0537109375,
        "10": -1.076171875,
        "25": -1.0302734375,
        "50": 0.59716796875
    },
    "4.pt": {
        "1": 0.033538818359375,
        "5": -0.953125,
        "10": -1.1845703125,
        "25": -1.3740234375,
        "50": -1.408203125
    }
}