{
    "0.pt": {
        "1": -1.1806640625,
        "5": -0.708984375,
        "10": -0.578125,
        "25": -0.1942138671875,
        "50": -1.2451171875
    },
    "1.pt": {
        "1": -1.5732421875,
        "5": -0.27783203125,
        "10": -1.3798828125,
        "25": -1.59375,
        "50": -0.1923828125
    },
    "2.pt": {
        "1": -1.4423828125,
        "5": -0.64306640625,
        "10": -0.034637451171875,
        "25": -0.2998046875,
        "50": -1.8154296875
    },
    "3.pt": {
        "1": -1.8232421875,
        "5": -1.3984375,
        "10": -1.25,
        "25": -0.5908203125,
        "50": -1.0185546875
    },
    "4.pt": {
        "1": -1.3125,
        "5": -0.077392578125,
        "10": -0.98388671875,
        "25": -2.111328125,
        "50": -0.435302734375
    }
}