{
    "0.pt": {
        "1": -0.857421875,
        "5": -1.732421875,
        "10": -1.6953125,
        "25": -2.69140625,
        "50": -2.228515625
    },
    "1.pt": {
        "1": -0.27587890625,
        "5": -1.6728515625,
        "10": -2.32421875,
        "25": -1.1103515625,
        "50": -0.431396484375
    },
    "2.pt": {
        "1": -1.6171875,
        "5": -1.65625,
        "10": -0.9951171875,
        "25": -0.2353515625,
        "50": -1.23046875
    },
    "3.pt": {
        "1": -1.3330078125,
        "5": -0.64404296875,
        "10": -1.4140625,
        "25": -0.89404296875,
        "50": -0.57666015625
    },
    "4.pt": {
        "1": -1.1982421875,
        "5": -1.0537109375,
        "10": -0.73681640625,
        "25": -0.9736328125,
        "50": -0.167236328125
    }
}