{
    "0.pt": {
        "1": -1.4951171875,
        "5": -0.240478515625,
        "10": -1.5556640625,
        "25": -1.34765625,
        "50": -0.6630859375
    },
    "1.pt": {
        "1": -1.0849609375,
        "5": -1.70703125,
        "10": -0.382080078125,
        "25": -0.8095703125,
        "50": -0.350830078125
    },
    "2.pt": {
        "1": -1.224609375,
        "5": 0.177978515625,
        "10": -0.63134765625,
        "25": -1.77734375,
        "50": -1.4189453125
    },
    "3.pt": {
        "1": -0.0042877197265625,
        "5": -1.8408203125,
        "10": -1.26171875,
        "25": -0.67041015625,
        "50": -1.8369140625
    },
    "4.pt": {
        "1": -1.708984375,
        "5": -1.4267578125,
        "10": -1.970703125,
        "25": -0.6884765625,
        "50": -0.96435546875
    }
}