{
    "0.pt": {
        "1": -1.1279296875,
        "5": -1.873046875,
        "10": -1.7060546875,
        "25": -1.201171875,
        "50": -0.1348876953125
    },
    "1.pt": {
        "1": -0.388427734375,
        "5": -1.443359375,
        "10": -0.66943359375,
        "25": -0.4287109375,
        "50": -0.1451416015625
    },
    "2.pt": {
        "1": -0.01947021484375,
        "5": -1.2890625,
        "10": -0.366943359375,
        "25": -0.356689453125,
        "50": -0.477294921875
    },
    "3.pt": {
        "1": -0.97314453125,
        "5": -1.2568359375,
        "10": -0.476806640625,
        "25": -0.8603515625,
        "50": -1.2138671875
    },
    "4.pt": {
        "1": -0.6806640625,
        "5": -1.216796875,
        "10": -0.08477783203125,
        "25": -1.5908203125,
        "50": -0.1524658203125
    }
}