{
    "0.pt": {
        "1": -2.10546875,
        "5": -0.45361328125,
        "10": -1.6572265625,
        "25": -1.2080078125,
        "50": -1.1796875
    },
    "1.pt": {
        "1": -1.2529296875,
        "5": -1.4345703125,
        "10": -1.2666015625,
        "25": -1.453125,
        "50": -1.3779296875
    },
    "2.pt": {
        "1": -1.4521484375,
        "5": -1.37109375,
        "10": -0.0989990234375,
        "25": -0.8935546875,
        "50": -0.04339599609375
    },
    "3.pt": {
        "1": -0.2113037109375,
        "5": -1.244140625,
        "10": -0.802734375,
        "25": -0.66943359375,
        "50": -1.55859375
    },
    "4.pt": {
        "1": 0.351806640625,
        "5": 0.06536865234375,
        "10": -0.403076171875,
        "25": -0.4697265625,
        "50": -1.4765625
    }
}