{
    "0.pt": {
        "1": -0.59326171875,
        "5": -0.90283203125,
        "10": -1.5224609375,
        "25": -0.08526611328125,
        "50": -1.162109375
    },
    "1.pt": {
        "1": -1.4384765625,
        "5": -1.951171875,
        "10": -1.62109375,
        "25": -0.92041015625,
        "50": -0.2210693359375
    },
    "2.pt": {
        "1": 0.705078125,
        "5": -1.4521484375,
        "10": -0.80419921875,
        "25": -0.74951171875,
        "50": -0.10443115234375
    },
    "3.pt": {
        "1": -0.381591796875,
        "5": -1.1328125,
        "10": -0.12078857421875,
        "25": -0.1160888671875,
        "50": -1.515625
    },
    "4.pt": {
        "1": -1.4140625,
        "5": -0.494140625,
        "10": -1.85546875,
        "25": -0.8056640625,
        "50": -1.6064453125
    }
}