{
    "0.pt": {
        "1": -0.0677490234375,
        "5": -1.7333984375,
        "10": -0.63330078125,
        "25": -2.189453125,
        "50": -0.19580078125
    },
    "1.pt": {
        "1": -0.66943359375,
        "5": -0.275634765625,
        "10": -1.08203125,
        "25": -2.16796875,
        "50": -0.2103271484375
    },
    "2.pt": {
        "1": 0.09979248046875,
        "5": -0.67724609375,
        "10": -1.37109375,
        "25": -0.5537109375,
        "50": -0.599609375
    },
    "3.pt": {
        "1": -1.0546875,
        "5": -1.2470703125,
        "10": -2.111328125,
        "25": 0.0753173828125,
        "50": -1.3115234375
    },
    "4.pt": {
        "1": -0.81396484375,
        "5": -0.390869140625,
        "10": -0.91357421875,
        "25": 0.468505859375,
        "50": -1.0595703125
    }
}