{
    "0.pt": {
        "1": -1.626953125,
        "5": -2.0390625,
        "10": -0.701171875,
        "25": -0.9912109375,
        "50": -1.720703125
    },
    "1.pt": {
        "1": -1.609375,
        "5": -1.6953125,
        "10": -1.12890625,
        "25": -2.302734375,
        "50": -0.91845703125
    },
    "2.pt": {
        "1": -0.47900390625,
        "5": -1.3349609375,
        "10": -0.3642578125,
        "25": -1.1552734375,
        "50": -1.458984375
    },
    "3.pt": {
        "1": -0.429931640625,
        "5": -0.34814453125,
        "10": -1.52734375,
        "25": -0.2322998046875,
        "50": -1.517578125
    },
    "4.pt": {
        "1": -1.31640625,
        "5": -0.380615234375,
        "10": -0.80859375,
        "25": -1.9482421875,
        "50": -0.286376953125
    }
}