{
    "0.pt": {
        "1": -1.2822265625,
        "5": -0.26416015625,
        "10": -0.74951171875,
        "25": -2.3046875,
        "50": -1.9658203125
    },
    "1.pt": {
        "1": -2.111328125,
        "5": -0.80810546875,
        "10": -0.5908203125,
        "25": -0.10113525390625,
        "50": -1.119140625
    },
    "2.pt": {
        "1": -1.5791015625,
        "5": -0.90625,
        "10": -0.47998046875,
        "25": -0.9873046875,
        "50": -0.21728515625
    },
    "3.pt": {
        "1": -1.6845703125,
        "5": -1.30859375,
        "10": 0.0760498046875,
        "25": -1.7490234375,
        "50": -0.8603515625
    },
    "4.pt": {
        "1": -0.51904296875,
        "5": -0.71630859375,
        "10": -1.7197265625,
        "25": -0.80908203125,
        "50": -1.005859375
    }
}