{
    "0.pt": {
        "1": -1.76171875,
        "5": -1.876953125,
        "10": -0.6533203125,
        "25": -0.71484375,
        "50": -1.86328125
    },
    "1.pt": {
        "1": -1.1533203125,
        "5": -1.234375,
        "10": -0.451904296875,
        "25": -0.95947265625,
        "50": -1.212890625
    },
    "2.pt": {
        "1": -0.0088958740234375,
        "5": -0.21435546875,
        "10": -1.041015625,
        "25": -1.3125,
        "50": 1.0380859375
    },
    "3.pt": {
        "1": -0.5908203125,
        "5": -0.56982421875,
        "10": -1.4248046875,
        "25": -1.517578125,
        "50": -1.3779296875
    },
    "4.pt": {
        "1": 0.065673828125,
        "5": -1.494140625,
        "10": -0.347412109375,
        "25": -0.6904296875,
        "50": -2.123046875
    }
}