{
    "0.pt": {
        "1": -1.908203125,
        "5": -1.5615234375,
        "10": -1.9853515625,
        "25": -1.4072265625,
        "50": -0.260498046875
    },
    "1.pt": {
        "1": -1.5712890625,
        "5": -0.1697998046875,
        "10": -0.52783203125,
        "25": -0.9482421875,
        "50": -0.828125
    },
    "2.pt": {
        "1": -0.9287109375,
        "5": -1.6474609375,
        "10": -0.465576171875,
        "25": -1.49609375,
        "50": -0.61181640625
    },
    "3.pt": {
        "1": -1.4697265625,
        "5": -1.26953125,
        "10": -0.955078125,
        "25": -1.0751953125,
        "50": -1.517578125
    },
    "4.pt": {
        "1": -1.3896484375,
        "5": -0.431396484375,
        "10": -1.7587890625,
        "25": -1.4794921875,
        "50": -0.5771484375
    }
}