{
    "0.pt": {
        "1": -0.46826171875,
        "5": -0.10528564453125,
        "10": -2.18359375,
        "25": -0.97705078125,
        "50": 0.63427734375
    },
    "1.pt": {
        "1": -0.9677734375,
        "5": -1.51171875,
        "10": -1.4892578125,
        "25": -1.5869140625,
        "50": -1.779296875
    },
    "2.pt": {
        "1": -1.7119140625,
        "5": -1.3466796875,
        "10": 0.1431884765625,
        "25": -0.54296875,
        "50": -0.9638671875
    },
    "3.pt": {
        "1": -0.3388671875,
        "5": -1.6982421875,
        "10": -1.642578125,
        "25": -1.0322265625,
        "50": 0.397216796875
    },
    "4.pt": {
        "1": -1.4130859375,
        "5": -0.548828125,
        "10": -0.490234375,
        "25": -0.7578125,
        "50": -0.29833984375
    }
}