{
    "0.pt": {
        "1": -0.6240234375,
        "5": -1.1396484375,
        "10": -1.2666015625,
        "25": -1.8466796875,
        "50": -0.7021484375
    },
    "1.pt": {
        "1": -0.65283203125,
        "5": -2.45703125,
        "10": -1.876953125,
        "25": 0.08740234375,
        "50": -0.6123046875
    },
    "2.pt": {
        "1": -0.32568359375,
        "5": -1.05078125,
        "10": -0.8466796875,
        "25": -0.39794921875,
        "50": -0.435302734375
    },
    "3.pt": {
        "1": -0.6318359375,
        "5": -1.931640625,
        "10": -0.410400390625,
        "25": -1.7265625,
        "50": -0.751953125
    },
    "4.pt": {
        "1": -0.4091796875,
        "5": -1.2841796875,
        "10": -1.634765625,
        "25": -0.6064453125,
        "50": -1.2626953125
    }
}