{
    "0.pt": {
        "1": -0.345703125,
        "5": -1.193359375,
        "10": -0.8505859375,
        "25": -0.65234375,
        "50": -0.34375
    },
    "1.pt": {
        "1": -0.5888671875,
        "5": -1.0166015625,
        "10": -1.9169921875,
        "25": -1.5859375,
        "50": -0.81201171875
    },
    "2.pt": {
        "1": -1.5537109375,
        "5": -1.34375,
        "10": -1.150390625,
        "25": -0.919921875,
        "50": -1.6298828125
    },
    "3.pt": {
        "1": -0.67578125,
        "5": -1.3701171875,
        "10": -1.3583984375,
        "25": -0.12420654296875,
        "50": -1.056640625
    },
    "4.pt": {
        "1": -1.0869140625,
        "5": -1.1591796875,
        "10": -1.123046875,
        "25": -1.5302734375,
        "50": -1.3505859375
    }
}