{
    "0.pt": {
        "1": -1.2294921875,
        "5": -0.6591796875,
        "10": -0.254150390625,
        "25": -1.587890625,
        "50": -0.220947265625
    },
    "1.pt": {
        "1": -0.572265625,
        "5": -1.8056640625,
        "10": -1.7373046875,
        "25": -1.7041015625,
        "50": -1.41796875
    },
    "2.pt": {
        "1": -2.71484375,
        "5": -0.312744140625,
        "10": -0.92626953125,
        "25": 0.32421875,
        "50": -2.00390625
    },
    "3.pt": {
        "1": -1.0546875,
        "5": -0.6259765625,
        "10": -1.91015625,
        "25": -1.6123046875,
        "50": -1.3095703125
    },
    "4.pt": {
        "1": -1.9658203125,
        "5": -0.384033203125,
        "10": -1.4775390625,
        "25": -0.97705078125,
        "50": -0.1019287109375
    }
}