{
    "0.pt": {
        "1": -0.4306640625,
        "5": -1.275390625,
        "10": -1.3017578125,
        "25": -1.8427734375,
        "50": -1.044921875
    },
    "1.pt": {
        "1": -1.388671875,
        "5": -1.349609375,
        "10": -1.013671875,
        "25": -1.2138671875,
        "50": -0.6806640625
    },
    "2.pt": {
        "1": -1.0732421875,
        "5": -1.1552734375,
        "10": -1.201171875,
        "25": -0.366943359375,
        "50": -0.282470703125
    },
    "3.pt": {
        "1": -0.30908203125,
        "5": -1.6201171875,
        "10": -0.75146484375,
        "25": -2.068359375,
        "50": -1.7138671875
    },
    "4.pt": {
        "1": -1.373046875,
        "5": -1.66796875,
        "10": -0.5947265625,
        "25": -1.4580078125,
        "50": -0.953125
    }
}