{
    "0.pt": {
        "1": -1.3701171875,
        "5": -0.90185546875,
        "10": -1.302734375,
        "25": -0.24462890625,
        "50": -1.166015625
    },
    "1.pt": {
        "1": -1.7177734375,
        "5": -1.2685546875,
        "10": -0.2783203125,
        "25": -1.3896484375,
        "50": -1.693359375
    },
    "2.pt": {
        "1": -1.9169921875,
        "5": -1.435546875,
        "10": -1.794921875,
        "25": -1.19921875,
        "50": -0.239990234375
    },
    "3.pt": {
        "1": 0.09246826171875,
        "5": 0.335693359375,
        "10": -1.8203125,
        "25": -1.154296875,
        "50": -0.7666015625
    },
    "4.pt": {
        "1": -1.8876953125,
        "5": -1.1533203125,
        "10": -0.61376953125,
        "25": -1.3447265625,
        "50": -1.25390625
    }
}