{
    "0.pt": {
        "1": -1.21875,
        "5": -1.2919921875,
        "10": -1.9228515625,
        "25": -0.343994140625,
        "50": -1.13671875
    },
    "1.pt": {
        "1": -0.9072265625,
        "5": -1.3583984375,
        "10": -0.265625,
        "25": -0.273681640625,
        "50": -1.1015625
    },
    "2.pt": {
        "1": -0.84912109375,
        "5": -0.1553955078125,
        "10": -0.51123046875,
        "25": -0.1810302734375,
        "50": -0.44189453125
    },
    "3.pt": {
        "1": -0.603515625,
        "5": -1.3857421875,
        "10": -1.7177734375,
        "25": -0.86767578125,
        "50": -0.05987548828125
    },
    "4.pt": {
        "1": -0.0557861328125,
        "5": -1.576171875,
        "10": -0.3232421875,
        "25": -1.7421875,
        "50": -1.8017578125
    }
}