{
    "0.pt": {
        "1": -1.787109375,
        "5": -0.11566162109375,
        "10": -0.177490234375,
        "25": -1.470703125,
        "50": 0.174560546875
    },
    "1.pt": {
        "1": -0.494384765625,
        "5": -1.84765625,
        "10": -0.61083984375,
        "25": 0.1480712890625,
        "50": -0.54052734375
    },
    "2.pt": {
        "1": -0.72998046875,
        "5": -0.3720703125,
        "10": -0.8349609375,
        "25": -0.138916015625,
        "50": -0.90087890625
    },
    "3.pt": {
        "1": -0.28173828125,
        "5": -0.66650390625,
        "10": -0.57666015625,
        "25": -0.1829833984375,
        "50": -1.7529296875
    },
    "4.pt": {
        "1": -1.49609375,
        "5": 0.1680908203125,
        "10": -0.9814453125,
        "25": -0.0372314453125,
        "50": -1.724609375
    }
}