{
    "0.pt": {
        "1": -1.2333984375,
        "5": -0.490234375,
        "10": 0.037384033203125,
        "25": -0.1494140625,
        "50": -1.32421875
    },
    "1.pt": {
        "1": -0.457275390625,
        "5": -1.6640625,
        "10": -0.458740234375,
        "25": -0.1595458984375,
        "50": 0.37744140625
    },
    "2.pt": {
        "1": -1.23828125,
        "5": -1.609375,
        "10": -1.775390625,
        "25": -1.970703125,
        "50": -2.244140625
    },
    "3.pt": {
        "1": -1.470703125,
        "5": -1.603515625,
        "10": -1.2412109375,
        "25": -2.18359375,
        "50": -2.021484375
    },
    "4.pt": {
        "1": -0.1883544921875,
        "5": -0.1953125,
        "10": 0.084228515625,
        "25": -1.482421875,
        "50": -0.287353515625
    }
}