{
    "0.pt": {
        "1": -0.72119140625,
        "5": -0.06976318359375,
        "10": -1.5302734375,
        "25": -1.4619140625,
        "50": -1.66015625
    },
    "1.pt": {
        "1": -0.408203125,
        "5": -0.74609375,
        "10": -0.408203125,
        "25": -1.720703125,
        "50": -1.234375
    },
    "2.pt": {
        "1": -1.673828125,
        "5": -0.302001953125,
        "10": 0.5087890625,
        "25": 0.1749267578125,
        "50": -1.4775390625
    },
    "3.pt": {
        "1": -0.7548828125,
        "5": -1.5556640625,
        "10": -1.34375,
        "25": -1.591796875,
        "50": -1.1474609375
    },
    "4.pt": {
        "1": -1.3154296875,
        "5": -1.40625,
        "10": -0.70361328125,
        "25": -1.521484375,
        "50": -1.53515625
    }
}