{
    "0.pt": {
        "1": -1.12109375,
        "5": -0.615234375,
        "10": -1.798828125,
        "25": -1.5419921875,
        "50": -0.5947265625
    },
    "1.pt": {
        "1": -0.53857421875,
        "5": -1.4267578125,
        "10": -1.248046875,
        "25": -0.5732421875,
        "50": -0.71533203125
    },
    "2.pt": {
        "1": -1.3720703125,
        "5": -1.5361328125,
        "10": -0.87255859375,
        "25": -0.98291015625,
        "50": -1.482421875
    },
    "3.pt": {
        "1": -0.22314453125,
        "5": -1.4677734375,
        "10": -1.2734375,
        "25": -0.9326171875,
        "50": -0.55078125
    },
    "4.pt": {
        "1": -0.56591796875,
        "5": -0.67822265625,
        "10": -0.77490234375,
        "25": -1.3876953125,
        "50": -1.271484375
    }
}