{
    "0.pt": {
        "1": -1.56640625,
        "5": -0.48388671875,
        "10": 0.055633544921875,
        "25": -1.548828125,
        "50": -1.13671875
    },
    "1.pt": {
        "1": -1.1171875,
        "5": -1.89453125,
        "10": -1.2021484375,
        "25": -0.791015625,
        "50": -0.63916015625
    },
    "2.pt": {
        "1": -1.232421875,
        "5": -0.91455078125,
        "10": 0.34130859375,
        "25": -1.6904296875,
        "50": -1.4580078125
    },
    "3.pt": {
        "1": -1.3212890625,
        "5": -1.9296875,
        "10": -1.3505859375,
        "25": -0.491943359375,
        "50": -1.98828125
    },
    "4.pt": {
        "1": -0.471435546875,
        "5": -1.7138671875,
        "10": -1.1201171875,
        "25": -1.4638671875,
        "50": -1.1962890625
    }
}