{
    "0.pt": {
        "1": -0.17138671875,
        "5": 0.471923828125,
        "10": -1.0029296875,
        "25": -0.003955841064453125,
        "50": -2.021484375
    },
    "1.pt": {
        "1": -1.56640625,
        "5": -0.26806640625,
        "10": -0.66552734375,
        "25": -0.9560546875,
        "50": -0.1939697265625
    },
    "2.pt": {
        "1": -1.1806640625,
        "5": -0.97119140625,
        "10": -0.6171875,
        "25": -1.0341796875,
        "50": -0.708984375
    },
    "3.pt": {
        "1": -0.8759765625,
        "5": -1.994140625,
        "10": -0.4609375,
        "25": -1.72265625,
        "50": -1.6240234375
    },
    "4.pt": {
        "1": -1.0263671875,
        "5": 0.74853515625,
        "10": -1.4033203125,
        "25": -1.630859375,
        "50": -1.07421875
    }
}