{
    "0.pt": {
        "1": -0.537109375,
        "5": -1.068359375,
        "10": -1.142578125,
        "25": -1.3759765625,
        "50": -1.4248046875
    },
    "1.pt": {
        "1": -1.0234375,
        "5": -0.8759765625,
        "10": -1.1201171875,
        "25": -1.7685546875,
        "50": -0.427001953125
    },
    "2.pt": {
        "1": -0.5234375,
        "5": -0.49072265625,
        "10": -2.1328125,
        "25": -1.0966796875,
        "50": -1.322265625
    },
    "3.pt": {
        "1": -0.533203125,
        "5": -1.2939453125,
        "10": 0.06707763671875,
        "25": -0.04534912109375,
        "50": -1.306640625
    },
    "4.pt": {
        "1": -1.6669921875,
        "5": -0.91455078125,
        "10": -0.78955078125,
        "25": -0.60986328125,
        "50": -1.0224609375
    }
}