{
    "0.pt": {
        "1": -1.31640625,
        "5": -1.0654296875,
        "10": -1.541015625,
        "25": -1.337890625,
        "50": -1.91796875
    },
    "1.pt": {
        "1": -0.640625,
        "5": -0.173583984375,
        "10": -1.3125,
        "25": -0.5869140625,
        "50": -0.39453125
    },
    "2.pt": {
        "1": -0.806640625,
        "5": -1.5126953125,
        "10": -2.0390625,
        "25": -2.345703125,
        "50": -0.51611328125
    },
    "3.pt": {
        "1": -1.4619140625,
        "5": -1.888671875,
        "10": -1.4111328125,
        "25": -0.197021484375,
        "50": -0.193115234375
    },
    "4.pt": {
        "1": -0.09466552734375,
        "5": -0.05767822265625,
        "10": -0.42919921875,
        "25": -0.441650390625,
        "50": -0.455078125
    }
}