{
    "0.pt": {
        "1": -1.5068359375,
        "5": -1.0224609375,
        "10": -1.291015625,
        "25": -1.099609375,
        "50": -0.428466796875
    },
    "1.pt": {
        "1": -0.810546875,
        "5": -0.05755615234375,
        "10": -0.431396484375,
        "25": -1.248046875,
        "50": -1.5908203125
    },
    "2.pt": {
        "1": 0.042877197265625,
        "5": -1.423828125,
        "10": -1.7900390625,
        "25": -2.15625,
        "50": -1.4677734375
    },
    "3.pt": {
        "1": -0.7548828125,
        "5": -1.7763671875,
        "10": -0.397705078125,
        "25": -1.20703125,
        "50": -1.4375
    },
    "4.pt": {
        "1": -0.53515625,
        "5": -1.3505859375,
        "10": -1.3876953125,
        "25": -1.99609375,
        "50": -0.5810546875
    }
}