{
    "0.pt": {
        "1": 0.05511474609375,
        "5": -1.76953125,
        "10": -1.5166015625,
        "25": 0.0882568359375,
        "50": -1.259765625
    },
    "1.pt": {
        "1": -0.84521484375,
        "5": 0.101318359375,
        "10": -0.953125,
        "25": -1.203125,
        "50": -0.19970703125
    },
    "2.pt": {
        "1": -0.65185546875,
        "5": -0.98046875,
        "10": -1.0810546875,
        "25": -0.91064453125,
        "50": -2.208984375
    },
    "3.pt": {
        "1": -1.5,
        "5": -0.720703125,
        "10": -1.1669921875,
        "25": -0.477783203125,
        "50": -1.23828125
    },
    "4.pt": {
        "1": -0.78369140625,
        "5": -0.83203125,
        "10": -1.92578125,
        "25": -0.5498046875,
        "50": 0.331298828125
    }
}