{
    "0.pt": {
        "1": -1.5419921875,
        "5": -1.560546875,
        "10": -0.84033203125,
        "25": -0.98828125,
        "50": -0.560546875
    },
    "1.pt": {
        "1": -1.6552734375,
        "5": -0.449462890625,
        "10": -1.34375,
        "25": -1.4052734375,
        "50": -0.68896484375
    },
    "2.pt": {
        "1": -0.72265625,
        "5": -1.6337890625,
        "10": -0.607421875,
        "25": -1.30859375,
        "50": -1.166015625
    },
    "3.pt": {
        "1": -2.287109375,
        "5": -1.8203125,
        "10": -0.328369140625,
        "25": -0.84619140625,
        "50": -0.453369140625
    },
    "4.pt": {
        "1": -1.3134765625,
        "5": -1.8173828125,
        "10": -1.791015625,
        "25": -0.9072265625,
        "50": -0.83154296875
    }
}