{
    "0.pt": {
        "1": -1.552734375,
        "5": -1.4501953125,
        "10": -1.107421875,
        "25": -0.391357421875,
        "50": -0.02325439453125
    },
    "1.pt": {
        "1": -2.142578125,
        "5": -1.669921875,
        "10": -2.05078125,
        "25": -2.00390625,
        "50": -1.48828125
    },
    "2.pt": {
        "1": 0.036041259765625,
        "5": -1.140625,
        "10": -1.9365234375,
        "25": -1.2294921875,
        "50": 0.55517578125
    },
    "3.pt": {
        "1": -1.7138671875,
        "5": -0.1949462890625,
        "10": -1.4619140625,
        "25": -1.15234375,
        "50": -0.2275390625
    },
    "4.pt": {
        "1": -0.54150390625,
        "5": -1.9052734375,
        "10": -1.74609375,
        "25": -1.2548828125,
        "50": -1.3203125
    }
}