{
    "0.pt": {
        "1": -1.9775390625,
        "5": -0.9375,
        "10": -2.353515625,
        "25": -1.3525390625,
        "50": -1.484375
    },
    "1.pt": {
        "1": -1.1298828125,
        "5": -1.81640625,
        "10": -0.51708984375,
        "25": -0.268310546875,
        "50": -0.01849365234375
    },
    "2.pt": {
        "1": -0.814453125,
        "5": -0.09686279296875,
        "10": -0.125244140625,
        "25": -2.275390625,
        "50": -0.1942138671875
    },
    "3.pt": {
        "1": -2.03125,
        "5": -2.001953125,
        "10": -0.73291015625,
        "25": -1.2978515625,
        "50": -0.56201171875
    },
    "4.pt": {
        "1": -1.6005859375,
        "5": -0.84521484375,
        "10": -1.3310546875,
        "25": -0.002002716064453125,
        "50": -1.3408203125
    }
}