{
    "0.pt": {
        "1": -0.79345703125,
        "5": -1.4169921875,
        "10": -2.0546875,
        "25": -0.5009765625,
        "50": -1.3515625
    },
    "1.pt": {
        "1": -0.58203125,
        "5": -0.2406005859375,
        "10": -0.27392578125,
        "25": -1.4541015625,
        "50": -1.93359375
    },
    "2.pt": {
        "1": -0.037445068359375,
        "5": -1.2578125,
        "10": -0.88525390625,
        "25": -0.5234375,
        "50": -1.6474609375
    },
    "3.pt": {
        "1": -2.044921875,
        "5": -0.60400390625,
        "10": -2.1328125,
        "25": -0.31201171875,
        "50": -0.8173828125
    },
    "4.pt": {
        "1": -0.183349609375,
        "5": -0.459716796875,
        "10": -1.21484375,
        "25": -0.76123046875,
        "50": -1.25390625
    }
}