{
    "0.pt": {
        "1": 0.163818359375,
        "5": -1.2568359375,
        "10": -0.76953125,
        "25": 0.828125,
        "50": -0.216552734375
    },
    "1.pt": {
        "1": -1.666015625,
        "5": -0.375244140625,
        "10": -1.90234375,
        "25": -0.2220458984375,
        "50": -0.89697265625
    },
    "2.pt": {
        "1": -1.5830078125,
        "5": -0.79833984375,
        "10": -1.9375,
        "25": -0.195068359375,
        "50": -0.30322265625
    },
    "3.pt": {
        "1": -0.2196044921875,
        "5": -1.095703125,
        "10": -1.111328125,
        "25": -1.12109375,
        "50": -0.8427734375
    },
    "4.pt": {
        "1": -0.9423828125,
        "5": -1.7587890625,
        "10": -0.493896484375,
        "25": -1.6806640625,
        "50": -1.3984375
    }
}