{
    "0.pt": {
        "1": -0.91552734375,
        "5": -0.5,
        "10": -0.57763671875,
        "25": -0.859375,
        "50": -0.2568359375
    },
    "1.pt": {
        "1": -1.3037109375,
        "5": -1.4384765625,
        "10": -0.9443359375,
        "25": -1.7490234375,
        "50": -1.474609375
    },
    "2.pt": {
        "1": -1.6435546875,
        "5": -1.6650390625,
        "10": -1.673828125,
        "25": -1.91015625,
        "50": -0.0716552734375
    },
    "3.pt": {
        "1": -0.129150390625,
        "5": -1.26171875,
        "10": -1.919921875,
        "25": -1.9033203125,
        "50": -1.2373046875
    },
    "4.pt": {
        "1": -1.46875,
        "5": -1.365234375,
        "10": -1.1142578125,
        "25": -0.19677734375,
        "50": -1.06640625
    }
}