{
    "0.pt": {
        "1": -1.1669921875,
        "5": 0.306396484375,
        "10": -1.1748046875,
        "25": -0.94970703125,
        "50": -0.10528564453125
    },
    "1.pt": {
        "1": -1.3623046875,
        "5": -1.68359375,
        "10": -0.8642578125,
        "25": -1.228515625,
        "50": -0.7109375
    },
    "2.pt": {
        "1": -1.23828125,
        "5": -0.1927490234375,
        "10": -0.79833984375,
        "25": -0.62353515625,
        "50": -2.158203125
    },
    "3.pt": {
        "1": -1.6455078125,
        "5": -0.81591796875,
        "10": -0.89892578125,
        "25": -1.888671875,
        "50": -1.576171875
    },
    "4.pt": {
        "1": -0.6513671875,
        "5": -1.44140625,
        "10": -1.9287109375,
        "25": -1.0732421875,
        "50": -1.8193359375
    }
}