{
    "0.pt": {
        "1": -0.0076751708984375,
        "5": -0.734375,
        "10": -0.5166015625,
        "25": -1.4208984375,
        "50": -1.1103515625
    },
    "1.pt": {
        "1": -1.0869140625,
        "5": -0.0131378173828125,
        "10": -1.3076171875,
        "25": -0.428466796875,
        "50": -0.8583984375
    },
    "2.pt": {
        "1": -1.0595703125,
        "5": -1.3525390625,
        "10": -1.0703125,
        "25": -0.5390625,
        "50": -2.03125
    },
    "3.pt": {
        "1": -0.759765625,
        "5": -2.361328125,
        "10": -1.6826171875,
        "25": -2.119140625,
        "50": -0.8115234375
    },
    "4.pt": {
        "1": 1.228515625,
        "5": -1.0625,
        "10": -1.40234375,
        "25": -0.71875,
        "50": -1.1083984375
    }
}