{
    "0.pt": {
        "1": -0.8623046875,
        "5": -2.052734375,
        "10": -0.869140625,
        "25": -1.734375,
        "50": -1.4091796875
    },
    "1.pt": {
        "1": -1.2705078125,
        "5": -0.955078125,
        "10": -2.05859375,
        "25": -0.77880859375,
        "50": -0.54052734375
    },
    "2.pt": {
        "1": -0.3388671875,
        "5": 0.0133819580078125,
        "10": -1.087890625,
        "25": -1.8046875,
        "50": -0.359375
    },
    "3.pt": {
        "1": -0.465576171875,
        "5": -0.37109375,
        "10": -1.140625,
        "25": -0.5576171875,
        "50": -0.369384765625
    },
    "4.pt": {
        "1": -1.7431640625,
        "5": -0.62109375,
        "10": -1.4921875,
        "25": -1.1533203125,
        "50": -0.482177734375
    }
}