{
    "0.pt": {
        "1": 0.289794921875,
        "5": -1.556640625,
        "10": -1.9931640625,
        "25": -1.984375,
        "50": -1.240234375
    },
    "1.pt": {
        "1": -0.5732421875,
        "5": -1.62890625,
        "10": -1.1025390625,
        "25": -1.9921875,
        "50": -1.8544921875
    },
    "2.pt": {
        "1": 0.261474609375,
        "5": -1.607421875,
        "10": -2.205078125,
        "25": -2.126953125,
        "50": -0.1514892578125
    },
    "3.pt": {
        "1": -0.958984375,
        "5": -0.59716796875,
        "10": 0.01885986328125,
        "25": -0.08001708984375,
        "50": 0.0806884765625
    },
    "4.pt": {
        "1": -2.095703125,
        "5": -1.3876953125,
        "10": -0.69775390625,
        "25": -1.4736328125,
        "50": -0.52392578125
    }
}