{
    "0.pt": {
        "1": -0.7216796875,
        "5": -1.3037109375,
        "10": -1.4169921875,
        "25": -1.0341796875,
        "50": -1.01171875
    },
    "1.pt": {
        "1": -1.318359375,
        "5": -0.88037109375,
        "10": -0.50634765625,
        "25": -0.44775390625,
        "50": -1.1259765625
    },
    "2.pt": {
        "1": 0.31298828125,
        "5": -0.94677734375,
        "10": -1.3154296875,
        "25": -0.720703125,
        "50": -0.8759765625
    },
    "3.pt": {
        "1": -0.7548828125,
        "5": -0.453125,
        "10": -0.5732421875,
        "25": -1.142578125,
        "50": -0.22412109375
    },
    "4.pt": {
        "1": -0.2078857421875,
        "5": -0.06842041015625,
        "10": -1.099609375,
        "25": -1.22265625,
        "50": -0.317626953125
    }
}