{
    "0.pt": {
        "1": -0.3427734375,
        "5": -1.1240234375,
        "10": -0.84765625,
        "25": -1.693359375,
        "50": -1.9404296875
    },
    "1.pt": {
        "1": -0.97607421875,
        "5": -1.482421875,
        "10": 0.11883544921875,
        "25": -1.71484375,
        "50": -1.5380859375
    },
    "2.pt": {
        "1": -2.095703125,
        "5": -0.166748046875,
        "10": -0.66015625,
        "25": -0.6796875,
        "50": -0.7470703125
    },
    "3.pt": {
        "1": -1.1044921875,
        "5": -1.783203125,
        "10": -0.2218017578125,
        "25": -0.139892578125,
        "50": -0.1656494140625
    },
    "4.pt": {
        "1": -1.7294921875,
        "5": -1.3564453125,
        "10": -0.52978515625,
        "25": -1.1953125,
        "50": -1.119140625
    }
}