{
    "0.pt": {
        "1": -1.3798828125,
        "5": -0.1673583984375,
        "10": -1.720703125,
        "25": -2.17578125,
        "50": 0.0567626953125
    },
    "1.pt": {
        "1": -0.36865234375,
        "5": -0.7587890625,
        "10": -1.12109375,
        "25": -0.30419921875,
        "50": -0.187744140625
    },
    "2.pt": {
        "1": -1.6806640625,
        "5": -0.07183837890625,
        "10": -0.97412109375,
        "25": -0.86083984375,
        "50": -0.197021484375
    },
    "3.pt": {
        "1": -1.2607421875,
        "5": -1.578125,
        "10": -1.9990234375,
        "25": -1.326171875,
        "50": -0.57763671875
    },
    "4.pt": {
        "1": -1.28125,
        "5": -1.193359375,
        "10": -0.64013671875,
        "25": -0.7763671875,
        "50": -1.623046875
    }
}