{
    "0.pt": {
        "1": -0.78759765625,
        "5": -1.1484375,
        "10": -0.65478515625,
        "25": -1.3125,
        "50": -1.2998046875
    },
    "1.pt": {
        "1": -0.262939453125,
        "5": -1.162109375,
        "10": -0.477783203125,
        "25": -0.41455078125,
        "50": -1.0439453125
    },
    "2.pt": {
        "1": -0.256591796875,
        "5": -1.9541015625,
        "10": -0.5224609375,
        "25": -0.1058349609375,
        "50": -1.60546875
    },
    "3.pt": {
        "1": -0.493408203125,
        "5": -1.4736328125,
        "10": -1.1220703125,
        "25": -0.027313232421875,
        "50": -0.6728515625
    },
    "4.pt": {
        "1": -1.07421875,
        "5": -1.4169921875,
        "10": -0.489501953125,
        "25": -0.356201171875,
        "50": -1.328125
    }
}