{
    "0.pt": {
        "1": -1.9462890625,
        "5": -1.48046875,
        "10": -0.587890625,
        "25": -1.541015625,
        "50": -1.4638671875
    },
    "1.pt": {
        "1": -2.046875,
        "5": -1.2236328125,
        "10": -0.95166015625,
        "25": -0.8193359375,
        "50": -1.5078125
    },
    "2.pt": {
        "1": -0.69677734375,
        "5": -1.6630859375,
        "10": -1.490234375,
        "25": -2.2421875,
        "50": -0.08905029296875
    },
    "3.pt": {
        "1": -0.8095703125,
        "5": -0.72900390625,
        "10": -1.453125,
        "25": -1.751953125,
        "50": -0.412353515625
    },
    "4.pt": {
        "1": -1.650390625,
        "5": 0.44482421875,
        "10": -0.9228515625,
        "25": -1.2548828125,
        "50": -0.18994140625
    }
}