{
    "0.pt": {
        "1": -0.92919921875,
        "5": -1.5341796875,
        "10": -1.3544921875,
        "25": -2.173828125,
        "50": -1.283203125
    },
    "1.pt": {
        "1": -0.8271484375,
        "5": -0.86474609375,
        "10": -1.5458984375,
        "25": -1.365234375,
        "50": -0.99365234375
    },
    "2.pt": {
        "1": -1.1064453125,
        "5": -1.1396484375,
        "10": -1.2958984375,
        "25": -1.5595703125,
        "50": -0.74365234375
    },
    "3.pt": {
        "1": -0.419921875,
        "5": -0.478515625,
        "10": -1.591796875,
        "25": -1.9775390625,
        "50": -0.0193328857421875
    },
    "4.pt": {
        "1": -1.2802734375,
        "5": -1.361328125,
        "10": -2.154296875,
        "25": -2.037109375,
        "50": -0.64404296875
    }
}