{
    "0.pt": {
        "1": -1.513671875,
        "5": -1.4287109375,
        "10": -1.8828125,
        "25": 0.55615234375,
        "50": -1.2998046875
    },
    "1.pt": {
        "1": -1.2197265625,
        "5": -0.99560546875,
        "10": -0.69921875,
        "25": -1.923828125,
        "50": 0.01532745361328125
    },
    "2.pt": {
        "1": -1.1318359375,
        "5": -1.626953125,
        "10": -1.1552734375,
        "25": -1.087890625,
        "50": -1.095703125
    },
    "3.pt": {
        "1": -0.234130859375,
        "5": -0.7978515625,
        "10": -1.890625,
        "25": -0.496337890625,
        "50": -0.475830078125
    },
    "4.pt": {
        "1": -1.73828125,
        "5": -0.361572265625,
        "10": -0.763671875,
        "25": -1.6357421875,
        "50": -0.998046875
    }
}