{
    "0.pt": {
        "1": -0.64404296875,
        "5": -0.12347412109375,
        "10": -1.7216796875,
        "25": -0.1629638671875,
        "50": -0.56787109375
    },
    "1.pt": {
        "1": -0.16796875,
        "5": -0.66796875,
        "10": -1.474609375,
        "25": -1.564453125,
        "50": 0.03570556640625
    },
    "2.pt": {
        "1": -1.5166015625,
        "5": -0.378173828125,
        "10": -1.5673828125,
        "25": -0.734375,
        "50": -0.68017578125
    },
    "3.pt": {
        "1": -0.0182342529296875,
        "5": -2.044921875,
        "10": -0.1700439453125,
        "25": -0.82421875,
        "50": -1.4462890625
    },
    "4.pt": {
        "1": -0.44384765625,
        "5": -0.91259765625,
        "10": -1.3984375,
        "25": -1.177734375,
        "50": -0.8935546875
    }
}