{
    "0.pt": {
        "1": -0.97216796875,
        "5": -1.2041015625,
        "10": -0.88916015625,
        "25": -1.26171875,
        "50": -1.47265625
    },
    "1.pt": {
        "1": -1.2412109375,
        "5": 0.053985595703125,
        "10": -0.252197265625,
        "25": -0.78564453125,
        "50": -0.85986328125
    },
    "2.pt": {
        "1": -0.28076171875,
        "5": -0.12310791015625,
        "10": -1.4541015625,
        "25": -0.78662109375,
        "50": -1.875
    },
    "3.pt": {
        "1": -0.91650390625,
        "5": -0.87939453125,
        "10": -1.1630859375,
        "25": -1.013671875,
        "50": -0.4365234375
    },
    "4.pt": {
        "1": -0.5009765625,
        "5": -1.1298828125,
        "10": -0.116455078125,
        "25": -1.0498046875,
        "50": -0.0298309326171875
    }
}