{
    "0.pt": {
        "1": -1.5390625,
        "5": -1.2548828125,
        "10": -0.12408447265625,
        "25": -0.7421875,
        "50": -0.5634765625
    },
    "1.pt": {
        "1": -1.7587890625,
        "5": -1.0869140625,
        "10": -1.1259765625,
        "25": -0.130615234375,
        "50": -1.1611328125
    },
    "2.pt": {
        "1": -1.0263671875,
        "5": -0.259765625,
        "10": -1.193359375,
        "25": -0.09161376953125,
        "50": -1.08203125
    },
    "3.pt": {
        "1": -1.01171875,
        "5": -0.3994140625,
        "10": -1.0283203125,
        "25": -0.58447265625,
        "50": -0.55908203125
    },
    "4.pt": {
        "1": -0.482666015625,
        "5": -1.099609375,
        "10": -0.8759765625,
        "25": -0.92578125,
        "50": -1.6259765625
    }
}