{
    "0.pt": {
        "1": 0.2386474609375,
        "5": -1.51171875,
        "10": -1.7841796875,
        "25": -0.625,
        "50": -0.7734375
    },
    "1.pt": {
        "1": -1.140625,
        "5": -1.060546875,
        "10": -1.48828125,
        "25": -0.890625,
        "50": -1.1865234375
    },
    "2.pt": {
        "1": -0.5361328125,
        "5": -1.384765625,
        "10": -0.9765625,
        "25": -1.580078125,
        "50": -0.7470703125
    },
    "3.pt": {
        "1": -1.3642578125,
        "5": -1.30078125,
        "10": -1.09765625,
        "25": -1.0703125,
        "50": -0.9697265625
    },
    "4.pt": {
        "1": -0.89501953125,
        "5": -1.6806640625,
        "10": -1.3876953125,
        "25": -1.1181640625,
        "50": -1.2294921875
    }
}