{
    "0.pt": {
        "1": -1.7822265625,
        "5": -1.046875,
        "10": -0.2216796875,
        "25": -0.4248046875,
        "50": -0.426025390625
    },
    "1.pt": {
        "1": -0.62646484375,
        "5": -0.845703125,
        "10": -1.9326171875,
        "25": -1.3369140625,
        "50": -1.3720703125
    },
    "2.pt": {
        "1": -1.8671875,
        "5": -1.216796875,
        "10": -0.8662109375,
        "25": -2.455078125,
        "50": -0.381103515625
    },
    "3.pt": {
        "1": 0.04766845703125,
        "5": -0.07415771484375,
        "10": -0.75830078125,
        "25": 0.151123046875,
        "50": -1.2724609375
    },
    "4.pt": {
        "1": -1.4228515625,
        "5": -1.4365234375,
        "10": -1.5673828125,
        "25": 0.487060546875,
        "50": -0.6220703125
    }
}