{
    "0.pt": {
        "1": -1.138671875,
        "5": -0.461181640625,
        "10": -1.408203125,
        "25": -0.4150390625,
        "50": -0.87744140625
    },
    "1.pt": {
        "1": -0.83251953125,
        "5": -1.17578125,
        "10": 0.389404296875,
        "25": -1.828125,
        "50": -1.9951171875
    },
    "2.pt": {
        "1": -0.56787109375,
        "5": -0.7255859375,
        "10": -0.468994140625,
        "25": -1.966796875,
        "50": -0.30859375
    },
    "3.pt": {
        "1": -1.173828125,
        "5": -0.90478515625,
        "10": -0.587890625,
        "25": 0.52685546875,
        "50": -1.5673828125
    },
    "4.pt": {
        "1": -1.958984375,
        "5": -0.6611328125,
        "10": -1.1162109375,
        "25": -0.96923828125,
        "50": -1.271484375
    }
}