{
    "0.pt": {
        "1": -1.9873046875,
        "5": -1.3251953125,
        "10": -1.4560546875,
        "25": -1.0888671875,
        "50": -0.88525390625
    },
    "1.pt": {
        "1": -0.69091796875,
        "5": -0.27490234375,
        "10": -1.44140625,
        "25": -1.427734375,
        "50": -0.81640625
    },
    "2.pt": {
        "1": -1.0947265625,
        "5": -1.70703125,
        "10": -0.7607421875,
        "25": -1.099609375,
        "50": -0.427734375
    },
    "3.pt": {
        "1": -1.2744140625,
        "5": -1.3671875,
        "10": -0.45263671875,
        "25": -1.595703125,
        "50": -1.2578125
    },
    "4.pt": {
        "1": -0.91650390625,
        "5": -1.8828125,
        "10": -0.7978515625,
        "25": -1.8154296875,
        "50": 0.045562744140625
    }
}