{
    "0.pt": {
        "1": -0.52490234375,
        "5": -0.0209808349609375,
        "10": -0.890625,
        "25": -1.005859375,
        "50": -1.0732421875
    },
    "1.pt": {
        "1": -0.2705078125,
        "5": -0.43408203125,
        "10": -1.51171875,
        "25": -1.50390625,
        "50": -1.4814453125
    },
    "2.pt": {
        "1": -0.92333984375,
        "5": -0.040435791015625,
        "10": -1.8720703125,
        "25": -0.3759765625,
        "50": -1.3046875
    },
    "3.pt": {
        "1": -1.5908203125,
        "5": -2.1015625,
        "10": -0.50390625,
        "25": -1.3505859375,
        "50": -1.298828125
    },
    "4.pt": {
        "1": -0.09149169921875,
        "5": -1.615234375,
        "10": -1.8623046875,
        "25": -1.580078125,
        "50": -0.7841796875
    }
}