{
    "0.pt": {
        "1": -0.8447265625,
        "5": -1.46875,
        "10": 0.1673583984375,
        "25": -0.85400390625,
        "50": -0.3212890625
    },
    "1.pt": {
        "1": 0.6708984375,
        "5": -0.76513671875,
        "10": -0.01561737060546875,
        "25": -1.970703125,
        "50": -1.2529296875
    },
    "2.pt": {
        "1": 0.004150390625,
        "5": -0.703125,
        "10": -1.5390625,
        "25": -0.771484375,
        "50": -1.0078125
    },
    "3.pt": {
        "1": -0.60107421875,
        "5": -1.470703125,
        "10": -0.09967041015625,
        "25": -1.6845703125,
        "50": -1.578125
    },
    "4.pt": {
        "1": -0.378662109375,
        "5": -0.7421875,
        "10": 0.360595703125,
        "25": -1.5029296875,
        "50": -0.4990234375
    }
}