{
    "0.pt": {
        "1": -0.58642578125,
        "5": -1.4384765625,
        "10": -1.0146484375,
        "25": -1.3701171875,
        "50": -0.28369140625
    },
    "1.pt": {
        "1": -1.388671875,
        "5": -1.1181640625,
        "10": -1.7001953125,
        "25": -0.047271728515625,
        "50": -0.7119140625
    },
    "2.pt": {
        "1": -0.97802734375,
        "5": -1.7412109375,
        "10": -1.021484375,
        "25": -1.0107421875,
        "50": -1.84375
    },
    "3.pt": {
        "1": -1.2548828125,
        "5": -0.55078125,
        "10": -1.740234375,
        "25": -1.44921875,
        "50": -1.642578125
    },
    "4.pt": {
        "1": -0.82275390625,
        "5": -1.6015625,
        "10": -1.2294921875,
        "25": -0.24951171875,
        "50": -0.95166015625
    }
}