{
    "0.pt": {
        "1": -0.1414794921875,
        "5": -1.10546875,
        "10": -1.1455078125,
        "25": -0.375732421875,
        "50": -0.70751953125
    },
    "1.pt": {
        "1": -1.0458984375,
        "5": -0.470458984375,
        "10": 0.1807861328125,
        "25": -1.9736328125,
        "50": -1.7783203125
    },
    "2.pt": {
        "1": -1.1533203125,
        "5": -1.6484375,
        "10": -1.0908203125,
        "25": -2.009765625,
        "50": -0.427734375
    },
    "3.pt": {
        "1": -0.7314453125,
        "5": -2.103515625,
        "10": -0.248779296875,
        "25": -1.2158203125,
        "50": -1.70703125
    },
    "4.pt": {
        "1": -0.701171875,
        "5": -1.7021484375,
        "10": -1.30859375,
        "25": -1.1328125,
        "50": -1.6591796875
    }
}