{
    "0.pt": {
        "1": -1.046875,
        "5": -0.62841796875,
        "10": -2.2265625,
        "25": -0.8896484375,
        "50": -0.366455078125
    },
    "1.pt": {
        "1": -1.568359375,
        "5": -2.306640625,
        "10": -0.95458984375,
        "25": -1.25390625,
        "50": 0.158935546875
    },
    "2.pt": {
        "1": -1.044921875,
        "5": -0.96240234375,
        "10": -0.1722412109375,
        "25": 0.00257110595703125,
        "50": -1.0458984375
    },
    "3.pt": {
        "1": -1.6826171875,
        "5": -0.765625,
        "10": 0.053741455078125,
        "25": -0.32666015625,
        "50": -2.0
    },
    "4.pt": {
        "1": -1.2802734375,
        "5": 0.53515625,
        "10": -1.712890625,
        "25": -1.01171875,
        "50": -0.6669921875
    }
}