{
    "0.pt": {
        "1": -1.0029296875,
        "5": -0.9912109375,
        "10": -2.103515625,
        "25": 0.2269287109375,
        "50": -1.09765625
    },
    "1.pt": {
        "1": 0.203125,
        "5": -0.1893310546875,
        "10": -1.5107421875,
        "25": -0.93212890625,
        "50": -0.326416015625
    },
    "2.pt": {
        "1": -0.359619140625,
        "5": -0.6416015625,
        "10": -0.3251953125,
        "25": -0.802734375,
        "50": -0.2025146484375
    },
    "3.pt": {
        "1": -1.7021484375,
        "5": -0.287109375,
        "10": -0.286376953125,
        "25": -0.21337890625,
        "50": -1.1318359375
    },
    "4.pt": {
        "1": -0.927734375,
        "5": -1.892578125,
        "10": 0.232421875,
        "25": 0.00925445556640625,
        "50": -1.4375
    }
}