{
    "0.pt": {
        "1": -1.0146484375,
        "5": -2.0078125,
        "10": -1.2666015625,
        "25": -0.9482421875,
        "50": -0.451416015625
    },
    "1.pt": {
        "1": -1.0234375,
        "5": -1.5888671875,
        "10": -0.98828125,
        "25": -1.06640625,
        "50": -0.76611328125
    },
    "2.pt": {
        "1": -0.55224609375,
        "5": -1.5654296875,
        "10": -1.4658203125,
        "25": -1.009765625,
        "50": -1.0556640625
    },
    "3.pt": {
        "1": -1.3876953125,
        "5": -0.355712890625,
        "10": -0.486083984375,
        "25": -0.974609375,
        "50": -2.212890625
    },
    "4.pt": {
        "1": -1.5888671875,
        "5": -1.0009765625,
        "10": -1.8095703125,
        "25": -1.4423828125,
        "50": -0.166748046875
    }
}