{
    "0.pt": {
        "1": -1.27734375,
        "5": -0.779296875,
        "10": -1.5810546875,
        "25": -1.03515625,
        "50": -0.771484375
    },
    "1.pt": {
        "1": -1.4921875,
        "5": -2.07421875,
        "10": -0.40625,
        "25": -1.548828125,
        "50": 0.2232666015625
    },
    "2.pt": {
        "1": -0.77734375,
        "5": -0.8564453125,
        "10": -0.00699615478515625,
        "25": -1.373046875,
        "50": -1.7333984375
    },
    "3.pt": {
        "1": -0.22119140625,
        "5": -0.4140625,
        "10": -0.39501953125,
        "25": -1.748046875,
        "50": -1.03515625
    },
    "4.pt": {
        "1": -1.501953125,
        "5": -1.3896484375,
        "10": -1.7197265625,
        "25": -1.0634765625,
        "50": -1.0419921875
    }
}