{
    "0.pt": {
        "1": -0.72900390625,
        "5": -0.517578125,
        "10": -1.2841796875,
        "25": -1.0166015625,
        "50": -0.406982421875
    },
    "1.pt": {
        "1": -1.6923828125,
        "5": -1.169921875,
        "10": -0.89013671875,
        "25": -1.42578125,
        "50": -1.42578125
    },
    "2.pt": {
        "1": -0.1102294921875,
        "5": 0.42529296875,
        "10": -0.60400390625,
        "25": -0.60888671875,
        "50": 0.372314453125
    },
    "3.pt": {
        "1": -1.099609375,
        "5": -1.462890625,
        "10": -1.4716796875,
        "25": -1.4560546875,
        "50": 0.035308837890625
    },
    "4.pt": {
        "1": -1.6259765625,
        "5": -0.517578125,
        "10": -1.619140625,
        "25": -1.3095703125,
        "50": -1.2333984375
    }
}