{
    "0.pt": {
        "1": -1.5419921875,
        "5": 0.5517578125,
        "10": -0.96826171875,
        "25": -0.95458984375,
        "50": -1.13671875
    },
    "1.pt": {
        "1": -1.3720703125,
        "5": -1.2353515625,
        "10": -1.072265625,
        "25": -0.86767578125,
        "50": -1.4443359375
    },
    "2.pt": {
        "1": -1.326171875,
        "5": -1.353515625,
        "10": -0.39794921875,
        "25": -2.162109375,
        "50": -0.25390625
    },
    "3.pt": {
        "1": -1.8271484375,
        "5": -1.5771484375,
        "10": -1.125,
        "25": -0.344970703125,
        "50": -1.1220703125
    },
    "4.pt": {
        "1": -0.488525390625,
        "5": -0.9423828125,
        "10": -0.433349609375,
        "25": -0.677734375,
        "50": -1.357421875
    }
}