{
    "0.pt": {
        "1": -1.2412109375,
        "5": -0.2237548828125,
        "10": -1.8916015625,
        "25": -0.1827392578125,
        "50": -1.140625
    },
    "1.pt": {
        "1": 0.4072265625,
        "5": -0.279052734375,
        "10": -0.4765625,
        "25": -0.216552734375,
        "50": -0.1173095703125
    },
    "2.pt": {
        "1": 0.075439453125,
        "5": -0.418701171875,
        "10": -0.3779296875,
        "25": -1.65234375,
        "50": -0.314453125
    },
    "3.pt": {
        "1": -0.794921875,
        "5": -0.70947265625,
        "10": -0.95068359375,
        "25": 0.1575927734375,
        "50": -1.28125
    },
    "4.pt": {
        "1": -0.9052734375,
        "5": -1.6064453125,
        "10": -1.513671875,
        "25": 0.3505859375,
        "50": -0.427001953125
    }
}