{
    "0.pt": {
        "1": 0.1796875,
        "5": -1.966796875,
        "10": -1.5966796875,
        "25": -1.23046875,
        "50": -0.180419921875
    },
    "1.pt": {
        "1": 0.282958984375,
        "5": -1.7314453125,
        "10": -0.96826171875,
        "25": -1.5537109375,
        "50": -1.23828125
    },
    "2.pt": {
        "1": -1.53125,
        "5": -0.28857421875,
        "10": -1.6806640625,
        "25": -0.34033203125,
        "50": -1.4765625
    },
    "3.pt": {
        "1": -1.3564453125,
        "5": -1.7275390625,
        "10": -0.6474609375,
        "25": -1.6728515625,
        "50": -0.1434326171875
    },
    "4.pt": {
        "1": -0.4189453125,
        "5": -0.552734375,
        "10": -1.4775390625,
        "25": -0.1353759765625,
        "50": -0.333984375
    }
}