{
    "0.pt": {
        "1": -1.3212890625,
        "5": -0.76904296875,
        "10": -1.6181640625,
        "25": -0.041107177734375,
        "50": -2.3046875
    },
    "1.pt": {
        "1": -0.30419921875,
        "5": -0.517578125,
        "10": -0.0230560302734375,
        "25": -1.248046875,
        "50": -0.8310546875
    },
    "2.pt": {
        "1": -0.150146484375,
        "5": -1.7119140625,
        "10": -1.2705078125,
        "25": -0.96240234375,
        "50": -0.67578125
    },
    "3.pt": {
        "1": -0.08868408203125,
        "5": -0.58544921875,
        "10": -1.8271484375,
        "25": -1.4453125,
        "50": -1.2763671875
    },
    "4.pt": {
        "1": -2.048828125,
        "5": -0.88427734375,
        "10": -0.3916015625,
        "25": -1.2177734375,
        "50": -1.62890625
    }
}