{
    "0.pt": {
        "1": -1.59765625,
        "5": -0.68310546875,
        "10": -2.025390625,
        "25": -0.310791015625,
        "50": -1.3935546875
    },
    "1.pt": {
        "1": -1.3720703125,
        "5": -0.98095703125,
        "10": -1.28515625,
        "25": -1.431640625,
        "50": -0.87158203125
    },
    "2.pt": {
        "1": -2.142578125,
        "5": -0.65771484375,
        "10": -0.2802734375,
        "25": -0.7734375,
        "50": -0.5068359375
    },
    "3.pt": {
        "1": -0.2393798828125,
        "5": -1.3017578125,
        "10": -1.0283203125,
        "25": -0.5654296875,
        "50": -1.3193359375
    },
    "4.pt": {
        "1": -0.1400146484375,
        "5": -1.4443359375,
        "10": -1.0888671875,
        "25": -1.5439453125,
        "50": -1.51171875
    }
}