{
    "0.pt": {
        "1": -2.08984375,
        "5": -1.794921875,
        "10": -1.64453125,
        "25": -0.055877685546875,
        "50": -0.92529296875
    },
    "1.pt": {
        "1": -1.76171875,
        "5": -2.029296875,
        "10": -1.0830078125,
        "25": -2.048828125,
        "50": -0.010498046875
    },
    "2.pt": {
        "1": 0.1190185546875,
        "5": -1.2021484375,
        "10": -1.16796875,
        "25": -1.2802734375,
        "50": -1.1279296875
    },
    "3.pt": {
        "1": -1.2392578125,
        "5": -0.82275390625,
        "10": -0.45263671875,
        "25": -1.76171875,
        "50": -1.3193359375
    },
    "4.pt": {
        "1": -0.63671875,
        "5": -0.99951171875,
        "10": -0.904296875,
        "25": -1.4189453125,
        "50": -1.27734375
    }
}