{
    "0.pt": {
        "1": -1.373046875,
        "5": -1.6298828125,
        "10": -1.1181640625,
        "25": -1.69140625,
        "50": -0.52783203125
    },
    "1.pt": {
        "1": -0.453369140625,
        "5": -1.4384765625,
        "10": -1.3544921875,
        "25": -0.4560546875,
        "50": -0.475830078125
    },
    "2.pt": {
        "1": -1.37109375,
        "5": -1.3388671875,
        "10": -0.288818359375,
        "25": -0.9609375,
        "50": -1.44140625
    },
    "3.pt": {
        "1": 0.392578125,
        "5": -1.7529296875,
        "10": -1.6005859375,
        "25": -0.422607421875,
        "50": -1.279296875
    },
    "4.pt": {
        "1": -0.470458984375,
        "5": -1.384765625,
        "10": -1.412109375,
        "25": 0.050750732421875,
        "50": -1.56640625
    }
}