{
    "0.pt": {
        "1": -0.490234375,
        "5": -0.8046875,
        "10": -0.1387939453125,
        "25": -1.37890625,
        "50": -1.2197265625
    },
    "1.pt": {
        "1": -1.455078125,
        "5": -1.6494140625,
        "10": 0.10723876953125,
        "25": -0.09033203125,
        "50": -1.71875
    },
    "2.pt": {
        "1": -0.286865234375,
        "5": 0.30322265625,
        "10": 0.202880859375,
        "25": -1.46875,
        "50": -1.8564453125
    },
    "3.pt": {
        "1": -0.34228515625,
        "5": -1.0625,
        "10": -1.91015625,
        "25": -0.52783203125,
        "50": -0.96142578125
    },
    "4.pt": {
        "1": -0.54248046875,
        "5": -0.99462890625,
        "10": -1.3125,
        "25": -0.52001953125,
        "50": -1.05078125
    }
}