{
    "0.pt": {
        "1": -0.2103271484375,
        "5": -1.34375,
        "10": -1.345703125,
        "25": -1.9345703125,
        "50": -0.32421875
    },
    "1.pt": {
        "1": -0.95361328125,
        "5": -1.0732421875,
        "10": -1.6357421875,
        "25": -1.33203125,
        "50": -0.78369140625
    },
    "2.pt": {
        "1": -1.3642578125,
        "5": -0.5390625,
        "10": 0.23095703125,
        "25": -1.2578125,
        "50": -0.1861572265625
    },
    "3.pt": {
        "1": -1.275390625,
        "5": -1.8330078125,
        "10": -0.55029296875,
        "25": -0.260498046875,
        "50": -0.6875
    },
    "4.pt": {
        "1": -0.31201171875,
        "5": -1.26171875,
        "10": -0.6396484375,
        "25": -1.3046875,
        "50": 0.11236572265625
    }
}