{
    "0.pt": {
        "1": -1.0859375,
        "5": -0.677734375,
        "10": -1.9765625,
        "25": -0.90478515625,
        "50": -0.98486328125
    },
    "1.pt": {
        "1": -0.1441650390625,
        "5": -0.623046875,
        "10": 0.50146484375,
        "25": -1.095703125,
        "50": -1.1962890625
    },
    "2.pt": {
        "1": -1.8193359375,
        "5": 0.09814453125,
        "10": -1.0859375,
        "25": -0.060089111328125,
        "50": -0.1968994140625
    },
    "3.pt": {
        "1": -0.9208984375,
        "5": -0.7109375,
        "10": -1.931640625,
        "25": 0.0848388671875,
        "50": -0.45703125
    },
    "4.pt": {
        "1": 0.11553955078125,
        "5": -0.5712890625,
        "10": -1.25390625,
        "25": -1.341796875,
        "50": -0.85791015625
    }
}