{
    "0.pt": {
        "1": -0.83740234375,
        "5": -0.73193359375,
        "10": -0.94873046875,
        "25": 0.50537109375,
        "50": -1.2578125
    },
    "1.pt": {
        "1": -0.30859375,
        "5": -1.85546875,
        "10": -0.63330078125,
        "25": -1.818359375,
        "50": -0.87890625
    },
    "2.pt": {
        "1": -0.11163330078125,
        "5": -1.017578125,
        "10": -0.130859375,
        "25": -1.3779296875,
        "50": -0.59033203125
    },
    "3.pt": {
        "1": -0.055999755859375,
        "5": -0.84765625,
        "10": -1.326171875,
        "25": -1.111328125,
        "50": -1.228515625
    },
    "4.pt": {
        "1": -0.161865234375,
        "5": -1.3359375,
        "10": -1.607421875,
        "25": -1.1171875,
        "50": 0.46923828125
    }
}