{
    "0.pt": {
        "1": -0.59326171875,
        "5": -1.4375,
        "10": -1.0078125,
        "25": -1.2509765625,
        "50": -0.083984375
    },
    "1.pt": {
        "1": -0.0181884765625,
        "5": -0.98486328125,
        "10": -0.2103271484375,
        "25": -1.255859375,
        "50": -1.3916015625
    },
    "2.pt": {
        "1": -0.75732421875,
        "5": -1.1259765625,
        "10": -1.60546875,
        "25": -1.3486328125,
        "50": -1.0869140625
    },
    "3.pt": {
        "1": -1.2197265625,
        "5": -1.4892578125,
        "10": -0.611328125,
        "25": -0.481201171875,
        "50": -1.1845703125
    },
    "4.pt": {
        "1": -0.016876220703125,
        "5": -0.471923828125,
        "10": -1.3369140625,
        "25": 0.1917724609375,
        "50": -0.0255889892578125
    }
}