{
    "0.pt": {
        "1": -0.85302734375,
        "5": -1.205078125,
        "10": -0.8583984375,
        "25": -1.982421875,
        "50": -1.09375
    },
    "1.pt": {
        "1": -0.54150390625,
        "5": -0.90673828125,
        "10": -0.480712890625,
        "25": -0.38623046875,
        "50": -1.21484375
    },
    "2.pt": {
        "1": -0.830078125,
        "5": -1.076171875,
        "10": -0.91455078125,
        "25": -1.296875,
        "50": -0.548828125
    },
    "3.pt": {
        "1": -1.48828125,
        "5": -1.4931640625,
        "10": -1.46875,
        "25": -1.11328125,
        "50": -1.4033203125
    },
    "4.pt": {
        "1": -1.4912109375,
        "5": -0.311767578125,
        "10": -0.79296875,
        "25": -1.4873046875,
        "50": -1.0673828125
    }
}