{
    "0.pt": {
        "1": -0.79541015625,
        "5": -1.931640625,
        "10": -1.9228515625,
        "25": -0.76611328125,
        "50": -0.67724609375
    },
    "1.pt": {
        "1": -0.7861328125,
        "5": -1.228515625,
        "10": -1.1640625,
        "25": 0.2626953125,
        "50": -0.89501953125
    },
    "2.pt": {
        "1": -0.525390625,
        "5": -1.7666015625,
        "10": -0.1925048828125,
        "25": -1.734375,
        "50": -0.62939453125
    },
    "3.pt": {
        "1": -0.255615234375,
        "5": -1.5595703125,
        "10": -1.4169921875,
        "25": -1.4013671875,
        "50": -1.158203125
    },
    "4.pt": {
        "1": -0.56982421875,
        "5": -0.3134765625,
        "10": -0.580078125,
        "25": -0.9619140625,
        "50": -2.048828125
    }
}