{
    "0.pt": {
        "1": -0.595703125,
        "5": -0.2158203125,
        "10": -1.203125,
        "25": -0.712890625,
        "50": -1.6064453125
    },
    "1.pt": {
        "1": -1.3740234375,
        "5": 0.047576904296875,
        "10": -1.326171875,
        "25": -1.8671875,
        "50": -1.07421875
    },
    "2.pt": {
        "1": -1.31640625,
        "5": -1.107421875,
        "10": -0.334228515625,
        "25": -1.87109375,
        "50": -1.0966796875
    },
    "3.pt": {
        "1": -0.96240234375,
        "5": -1.26171875,
        "10": -0.35546875,
        "25": -1.7080078125,
        "50": -0.73291015625
    },
    "4.pt": {
        "1": -0.85888671875,
        "5": -0.1475830078125,
        "10": -1.6181640625,
        "25": -0.9521484375,
        "50": -0.455322265625
    }
}