{
    "0.pt": {
        "1": -1.1728515625,
        "5": -1.21875,
        "10": -1.6318359375,
        "25": -1.568359375,
        "50": -1.40625
    },
    "1.pt": {
        "1": 0.0166778564453125,
        "5": -1.8291015625,
        "10": -1.4208984375,
        "25": -1.4208984375,
        "50": -0.452880859375
    },
    "2.pt": {
        "1": -1.3330078125,
        "5": -0.1629638671875,
        "10": -0.06378173828125,
        "25": -0.6748046875,
        "50": -1.154296875
    },
    "3.pt": {
        "1": 0.05010986328125,
        "5": -0.23583984375,
        "10": -0.75244140625,
        "25": -1.3583984375,
        "50": -0.92333984375
    },
    "4.pt": {
        "1": -0.740234375,
        "5": 0.174072265625,
        "10": -2.1171875,
        "25": -1.900390625,
        "50": -0.439453125
    }
}