{
    "0.pt": {
        "1": -1.0771484375,
        "5": -1.5107421875,
        "10": -1.708984375,
        "25": -1.380859375,
        "50": -1.56640625
    },
    "1.pt": {
        "1": -0.54638671875,
        "5": -0.955078125,
        "10": -0.152099609375,
        "25": -1.158203125,
        "50": -0.93212890625
    },
    "2.pt": {
        "1": -2.11328125,
        "5": -1.5224609375,
        "10": -1.6904296875,
        "25": -1.6142578125,
        "50": -0.49609375
    },
    "3.pt": {
        "1": -1.734375,
        "5": -0.1273193359375,
        "10": -1.2666015625,
        "25": -1.9453125,
        "50": -0.009857177734375
    },
    "4.pt": {
        "1": -0.771484375,
        "5": -0.82275390625,
        "10": -1.7353515625,
        "25": -1.5361328125,
        "50": -0.49609375
    }
}