{
    "0.pt": {
        "1": -0.8388671875,
        "5": -1.7060546875,
        "10": -1.7421875,
        "25": -1.1884765625,
        "50": -0.4853515625
    },
    "1.pt": {
        "1": -1.212890625,
        "5": -1.109375,
        "10": -1.486328125,
        "25": -0.83349609375,
        "50": -0.98876953125
    },
    "2.pt": {
        "1": -2.1640625,
        "5": -0.78759765625,
        "10": -0.8896484375,
        "25": -1.015625,
        "50": -0.61572265625
    },
    "3.pt": {
        "1": -0.30029296875,
        "5": -1.9921875,
        "10": -1.333984375,
        "25": -1.3466796875,
        "50": -1.03125
    },
    "4.pt": {
        "1": -0.16748046875,
        "5": -0.830078125,
        "10": -1.1630859375,
        "25": -1.7763671875,
        "50": -0.96435546875
    }
}