{
    "0.pt": {
        "1": -1.779296875,
        "5": -0.1964111328125,
        "10": -0.2120361328125,
        "25": -1.400390625,
        "50": -1.6279296875
    },
    "1.pt": {
        "1": -1.0263671875,
        "5": -1.8671875,
        "10": -1.2392578125,
        "25": -1.59765625,
        "50": -0.181640625
    },
    "2.pt": {
        "1": -1.7578125,
        "5": -0.7744140625,
        "10": -0.3134765625,
        "25": -1.587890625,
        "50": -1.244140625
    },
    "3.pt": {
        "1": -1.9501953125,
        "5": -1.052734375,
        "10": -0.603515625,
        "25": -1.525390625,
        "50": -0.5927734375
    },
    "4.pt": {
        "1": -2.0546875,
        "5": -1.916015625,
        "10": -1.4873046875,
        "25": -2.083984375,
        "50": -0.845703125
    }
}