{
    "0.pt": {
        "1": -0.2396240234375,
        "5": -1.7861328125,
        "10": -0.5634765625,
        "25": -1.9609375,
        "50": -0.21728515625
    },
    "1.pt": {
        "1": -0.99755859375,
        "5": -1.7080078125,
        "10": -1.9931640625,
        "25": -1.400390625,
        "50": -1.5751953125
    },
    "2.pt": {
        "1": -1.744140625,
        "5": -0.09954833984375,
        "10": -0.7666015625,
        "25": -0.68359375,
        "50": -1.75
    },
    "3.pt": {
        "1": -1.96875,
        "5": -1.0947265625,
        "10": 0.1572265625,
        "25": -0.76416015625,
        "50": -1.9716796875
    },
    "4.pt": {
        "1": -1.6484375,
        "5": -1.5,
        "10": -0.7451171875,
        "25": -1.453125,
        "50": -1.2890625
    }
}