{
    "0.pt": {
        "1": -1.49609375,
        "5": -0.477294921875,
        "10": -0.859375,
        "25": -1.5615234375,
        "50": -1.03515625
    },
    "1.pt": {
        "1": -1.98828125,
        "5": -1.7470703125,
        "10": -1.3369140625,
        "25": -0.67431640625,
        "50": -1.2626953125
    },
    "2.pt": {
        "1": -1.037109375,
        "5": -0.75244140625,
        "10": -0.455810546875,
        "25": -0.85302734375,
        "50": -0.10284423828125
    },
    "3.pt": {
        "1": -0.40478515625,
        "5": -0.705078125,
        "10": -1.138671875,
        "25": -0.41650390625,
        "50": -0.8193359375
    },
    "4.pt": {
        "1": -0.98583984375,
        "5": -0.295654296875,
        "10": -0.92333984375,
        "25": -1.0166015625,
        "50": -0.87744140625
    }
}