{
    "0.pt": {
        "1": -1.7119140625,
        "5": -0.460205078125,
        "10": -1.01171875,
        "25": -0.78125,
        "50": -0.79638671875
    },
    "1.pt": {
        "1": -0.386474609375,
        "5": -1.19140625,
        "10": -0.37646484375,
        "25": -1.73828125,
        "50": -0.52978515625
    },
    "2.pt": {
        "1": -0.5751953125,
        "5": -0.047637939453125,
        "10": -0.057464599609375,
        "25": -2.13671875,
        "50": -1.5283203125
    },
    "3.pt": {
        "1": -2.197265625,
        "5": -1.1328125,
        "10": -1.1845703125,
        "25": -0.256591796875,
        "50": -1.171875
    },
    "4.pt": {
        "1": -1.7763671875,
        "5": -1.076171875,
        "10": -1.587890625,
        "25": -0.0071258544921875,
        "50": -0.35498046875
    }
}