{
    "0.pt": {
        "1": -1.5498046875,
        "5": -0.9423828125,
        "10": -0.51025390625,
        "25": -1.41796875,
        "50": -0.81689453125
    },
    "1.pt": {
        "1": -0.962890625,
        "5": -1.3076171875,
        "10": -0.98095703125,
        "25": -1.2685546875,
        "50": -1.05078125
    },
    "2.pt": {
        "1": -2.0390625,
        "5": -2.251953125,
        "10": -1.0400390625,
        "25": -1.1826171875,
        "50": -1.09765625
    },
    "3.pt": {
        "1": -1.0908203125,
        "5": -1.6416015625,
        "10": -1.0498046875,
        "25": -1.6650390625,
        "50": 0.039337158203125
    },
    "4.pt": {
        "1": -1.171875,
        "5": -1.859375,
        "10": -1.8095703125,
        "25": -1.33984375,
        "50": -1.375
    }
}