{
    "0.pt": {
        "1": -1.4365234375,
        "5": -1.1044921875,
        "10": -1.515625,
        "25": -2.08203125,
        "50": -0.148681640625
    },
    "1.pt": {
        "1": -1.4521484375,
        "5": -0.57958984375,
        "10": -2.154296875,
        "25": -1.146484375,
        "50": -1.3603515625
    },
    "2.pt": {
        "1": -0.412353515625,
        "5": -2.130859375,
        "10": -0.5390625,
        "25": -0.454833984375,
        "50": -0.42919921875
    },
    "3.pt": {
        "1": -1.6220703125,
        "5": -0.5322265625,
        "10": -1.8134765625,
        "25": -1.3134765625,
        "50": -0.382568359375
    },
    "4.pt": {
        "1": -1.3505859375,
        "5": -1.185546875,
        "10": -1.138671875,
        "25": -1.3369140625,
        "50": -0.53564453125
    }
}