{
    "0.pt": {
        "1": -1.0107421875,
        "5": -1.3828125,
        "10": -1.111328125,
        "25": -0.91796875,
        "50": -1.7177734375
    },
    "1.pt": {
        "1": -0.76416015625,
        "5": -0.0084991455078125,
        "10": -1.2255859375,
        "25": -1.2294921875,
        "50": -1.53125
    },
    "2.pt": {
        "1": -1.4580078125,
        "5": -0.7041015625,
        "10": -0.118408203125,
        "25": -1.3681640625,
        "50": -1.7998046875
    },
    "3.pt": {
        "1": -1.142578125,
        "5": -0.357666015625,
        "10": -1.1396484375,
        "25": -1.494140625,
        "50": -1.98046875
    },
    "4.pt": {
        "1": -1.775390625,
        "5": -0.85693359375,
        "10": -1.103515625,
        "25": -2.32421875,
        "50": -1.2783203125
    }
}