{
    "0.pt": {
        "1": -0.7841796875,
        "5": -0.39404296875,
        "10": -0.417236328125,
        "25": -0.81494140625,
        "50": -1.470703125
    },
    "1.pt": {
        "1": -0.8583984375,
        "5": 0.0013589859008789062,
        "10": -1.076171875,
        "25": -1.2060546875,
        "50": -1.1064453125
    },
    "2.pt": {
        "1": -1.3330078125,
        "5": -0.3212890625,
        "10": -1.9091796875,
        "25": -0.211181640625,
        "50": 0.269287109375
    },
    "3.pt": {
        "1": -0.98193359375,
        "5": -0.95458984375,
        "10": -1.2861328125,
        "25": -1.27734375,
        "50": -1.349609375
    },
    "4.pt": {
        "1": -0.1326904296875,
        "5": 0.031829833984375,
        "10": -1.490234375,
        "25": -0.6201171875,
        "50": -1.7314453125
    }
}