{
    "0.pt": {
        "1": -1.3798828125,
        "5": -1.8544921875,
        "10": -1.0439453125,
        "25": -1.0986328125,
        "50": -0.6884765625
    },
    "1.pt": {
        "1": -0.68701171875,
        "5": -2.359375,
        "10": -2.03125,
        "25": -1.3046875,
        "50": -0.1287841796875
    },
    "2.pt": {
        "1": -1.40625,
        "5": -0.80712890625,
        "10": -0.8173828125,
        "25": -1.0556640625,
        "50": 0.47802734375
    },
    "3.pt": {
        "1": -1.39453125,
        "5": -1.7158203125,
        "10": -2.099609375,
        "25": -1.568359375,
        "50": -0.6884765625
    },
    "4.pt": {
        "1": -1.5576171875,
        "5": -1.4462890625,
        "10": -1.3408203125,
        "25": -1.67578125,
        "50": -0.2437744140625
    }
}