{
    "0.pt": {
        "1": -1.0771484375,
        "5": -0.474365234375,
        "10": -1.0712890625,
        "25": 0.08917236328125,
        "50": -1.5029296875
    },
    "1.pt": {
        "1": -1.53125,
        "5": -0.170166015625,
        "10": -1.4677734375,
        "25": -0.140869140625,
        "50": -1.7158203125
    },
    "2.pt": {
        "1": -1.255859375,
        "5": -0.2861328125,
        "10": -0.1463623046875,
        "25": -0.2427978515625,
        "50": -1.6201171875
    },
    "3.pt": {
        "1": -0.42919921875,
        "5": -1.1064453125,
        "10": -1.7373046875,
        "25": -1.1962890625,
        "50": -0.84423828125
    },
    "4.pt": {
        "1": -1.5244140625,
        "5": -1.185546875,
        "10": -0.54833984375,
        "25": -0.888671875,
        "50": -1.8447265625
    }
}