{
    "0.pt": {
        "1": -0.07989501953125,
        "5": -0.654296875,
        "10": -1.626953125,
        "25": -2.404296875,
        "50": -0.368896484375
    },
    "1.pt": {
        "1": -0.287353515625,
        "5": -0.277587890625,
        "10": 0.201904296875,
        "25": -2.177734375,
        "50": -0.783203125
    },
    "2.pt": {
        "1": -1.9677734375,
        "5": -1.4619140625,
        "10": -1.9208984375,
        "25": -1.9541015625,
        "50": -0.71826171875
    },
    "3.pt": {
        "1": -0.76171875,
        "5": -1.755859375,
        "10": -1.322265625,
        "25": -1.6865234375,
        "50": -1.2470703125
    },
    "4.pt": {
        "1": 0.08697509765625,
        "5": -1.50390625,
        "10": -1.46484375,
        "25": -1.5966796875,
        "50": -1.568359375
    }
}