{
    "0.pt": {
        "1": -1.26953125,
        "5": -1.9970703125,
        "10": -1.228515625,
        "25": -2.05859375,
        "50": -0.0596923828125
    },
    "1.pt": {
        "1": -0.0141448974609375,
        "5": -0.982421875,
        "10": -0.998046875,
        "25": -1.595703125,
        "50": -1.2294921875
    },
    "2.pt": {
        "1": -0.99853515625,
        "5": -0.7265625,
        "10": -1.5283203125,
        "25": -1.28515625,
        "50": -1.8486328125
    },
    "3.pt": {
        "1": -0.269287109375,
        "5": -1.5546875,
        "10": -0.52490234375,
        "25": -1.3330078125,
        "50": -1.224609375
    },
    "4.pt": {
        "1": -1.23828125,
        "5": -1.8251953125,
        "10": -0.98046875,
        "25": -1.20703125,
        "50": -1.28125
    }
}