{
    "0.pt": {
        "1": -0.11346435546875,
        "5": -1.78515625,
        "10": 0.09820556640625,
        "25": -1.6650390625,
        "50": -1.3935546875
    },
    "1.pt": {
        "1": -1.4912109375,
        "5": -1.740234375,
        "10": -0.423583984375,
        "25": -1.685546875,
        "50": -0.548828125
    },
    "2.pt": {
        "1": -0.1998291015625,
        "5": -1.9521484375,
        "10": -0.70849609375,
        "25": -1.869140625,
        "50": -0.7236328125
    },
    "3.pt": {
        "1": 0.042999267578125,
        "5": -2.1171875,
        "10": -0.487548828125,
        "25": -1.283203125,
        "50": -0.85791015625
    },
    "4.pt": {
        "1": -0.2166748046875,
        "5": -0.66015625,
        "10": -1.7236328125,
        "25": -0.1025390625,
        "50": -0.2310791015625
    }
}