{
    "0.pt": {
        "1": 0.06939697265625,
        "5": -0.2880859375,
        "10": -1.404296875,
        "25": -0.6953125,
        "50": -1.1630859375
    },
    "1.pt": {
        "1": -1.6875,
        "5": -0.455322265625,
        "10": -1.302734375,
        "25": -0.10760498046875,
        "50": -1.9658203125
    },
    "2.pt": {
        "1": -0.81884765625,
        "5": -1.015625,
        "10": -0.78955078125,
        "25": -0.68701171875,
        "50": -0.884765625
    },
    "3.pt": {
        "1": -1.689453125,
        "5": -1.056640625,
        "10": -1.7421875,
        "25": -1.0810546875,
        "50": -2.015625
    },
    "4.pt": {
        "1": -1.5263671875,
        "5": -1.9736328125,
        "10": -1.568359375,
        "25": -1.7578125,
        "50": -0.86083984375
    }
}