{
    "0.pt": {
        "1": -0.529296875,
        "5": -1.146484375,
        "10": -1.041015625,
        "25": -2.150390625,
        "50": -1.337890625
    },
    "1.pt": {
        "1": -1.3408203125,
        "5": -1.33984375,
        "10": -1.251953125,
        "25": -0.68603515625,
        "50": -0.7666015625
    },
    "2.pt": {
        "1": -0.77734375,
        "5": -0.501953125,
        "10": -2.267578125,
        "25": 0.564453125,
        "50": -1.80859375
    },
    "3.pt": {
        "1": -0.262451171875,
        "5": 0.3798828125,
        "10": -0.7265625,
        "25": -1.544921875,
        "50": 0.038116455078125
    },
    "4.pt": {
        "1": -1.1396484375,
        "5": -2.060546875,
        "10": -0.80908203125,
        "25": -0.482421875,
        "50": -1.2939453125
    }
}