{
    "0.pt": {
        "1": -0.84716796875,
        "5": -0.9169921875,
        "10": -1.0166015625,
        "25": 0.140869140625,
        "50": -1.099609375
    },
    "1.pt": {
        "1": -0.180419921875,
        "5": -1.2978515625,
        "10": -0.0285491943359375,
        "25": -1.9892578125,
        "50": -0.326416015625
    },
    "2.pt": {
        "1": -0.400634765625,
        "5": -1.201171875,
        "10": -0.904296875,
        "25": -0.435302734375,
        "50": -0.415771484375
    },
    "3.pt": {
        "1": -0.400634765625,
        "5": -0.9091796875,
        "10": -1.36328125,
        "25": -0.3916015625,
        "50": -1.013671875
    },
    "4.pt": {
        "1": -1.3056640625,
        "5": -1.927734375,
        "10": -1.4873046875,
        "25": -0.94921875,
        "50": -0.245849609375
    }
}