{
    "0.pt": {
        "1": -1.1142578125,
        "5": -1.0458984375,
        "10": -0.6708984375,
        "25": -1.189453125,
        "50": -1.4326171875
    },
    "1.pt": {
        "1": -1.634765625,
        "5": -0.015594482421875,
        "10": -1.1689453125,
        "25": -1.634765625,
        "50": -0.6669921875
    },
    "2.pt": {
        "1": -1.4375,
        "5": -1.5888671875,
        "10": -1.228515625,
        "25": 0.460205078125,
        "50": -0.8759765625
    },
    "3.pt": {
        "1": -1.63671875,
        "5": -0.703125,
        "10": -1.123046875,
        "25": -1.5146484375,
        "50": -1.517578125
    },
    "4.pt": {
        "1": -1.2333984375,
        "5": -1.9306640625,
        "10": -0.8017578125,
        "25": -0.8388671875,
        "50": -0.83349609375
    }
}