{
    "0.pt": {
        "1": -0.45947265625,
        "5": -1.30859375,
        "10": -1.0244140625,
        "25": -1.1923828125,
        "50": -0.250732421875
    },
    "1.pt": {
        "1": -1.8173828125,
        "5": -1.521484375,
        "10": -0.356201171875,
        "25": -1.638671875,
        "50": 0.375244140625
    },
    "2.pt": {
        "1": -0.471923828125,
        "5": -0.428955078125,
        "10": -1.7607421875,
        "25": -0.51953125,
        "50": -0.427978515625
    },
    "3.pt": {
        "1": -1.3759765625,
        "5": -1.3466796875,
        "10": -1.4619140625,
        "25": 0.2188720703125,
        "50": -1.580078125
    },
    "4.pt": {
        "1": -1.3798828125,
        "5": 0.03717041015625,
        "10": -0.7373046875,
        "25": -1.2216796875,
        "50": -1.22265625
    }
}