{
    "0.pt": {
        "1": 0.2081298828125,
        "5": -1.423828125,
        "10": -1.9375,
        "25": -0.92431640625,
        "50": -0.57421875
    },
    "1.pt": {
        "1": -0.5263671875,
        "5": -1.34765625,
        "10": -1.6396484375,
        "25": -0.99365234375,
        "50": -1.267578125
    },
    "2.pt": {
        "1": -0.90625,
        "5": -0.8037109375,
        "10": -1.146484375,
        "25": -1.4541015625,
        "50": -0.5771484375
    },
    "3.pt": {
        "1": -0.70751953125,
        "5": -0.35400390625,
        "10": -1.564453125,
        "25": -1.50390625,
        "50": -0.94482421875
    },
    "4.pt": {
        "1": -0.32861328125,
        "5": 0.08343505859375,
        "10": -1.3359375,
        "25": -1.2685546875,
        "50": -0.98291015625
    }
}