{
    "0.pt": {
        "1": -1.5986328125,
        "5": -1.2041015625,
        "10": -1.5078125,
        "25": -1.1220703125,
        "50": -1.1142578125
    },
    "1.pt": {
        "1": -1.326171875,
        "5": 0.03564453125,
        "10": -2.11328125,
        "25": -0.78466796875,
        "50": 0.03143310546875
    },
    "2.pt": {
        "1": -0.391357421875,
        "5": -1.09765625,
        "10": -1.9169921875,
        "25": -2.021484375,
        "50": -1.150390625
    },
    "3.pt": {
        "1": -2.052734375,
        "5": 0.2022705078125,
        "10": -1.36328125,
        "25": -0.97705078125,
        "50": 0.07586669921875
    },
    "4.pt": {
        "1": -0.378662109375,
        "5": -0.7734375,
        "10": -1.0986328125,
        "25": 0.1900634765625,
        "50": -1.3291015625
    }
}