{
    "0.pt": {
        "1": -1.728515625,
        "5": -0.37060546875,
        "10": -0.83056640625,
        "25": -1.1298828125,
        "50": -1.7998046875
    },
    "1.pt": {
        "1": -0.33203125,
        "5": -0.8203125,
        "10": -1.73828125,
        "25": -2.134765625,
        "50": -0.2568359375
    },
    "2.pt": {
        "1": -0.91162109375,
        "5": 0.03314208984375,
        "10": -1.0068359375,
        "25": -0.8671875,
        "50": -1.1533203125
    },
    "3.pt": {
        "1": -1.1669921875,
        "5": -1.9794921875,
        "10": -0.5810546875,
        "25": -0.712890625,
        "50": -0.2186279296875
    },
    "4.pt": {
        "1": -0.6318359375,
        "5": -0.85205078125,
        "10": -0.294189453125,
        "25": -1.314453125,
        "50": 0.58203125
    }
}