{
    "0.pt": {
        "1": -1.2373046875,
        "5": -1.5634765625,
        "10": -1.1328125,
        "25": -0.8310546875,
        "50": -0.5517578125
    },
    "1.pt": {
        "1": -0.99658203125,
        "5": -0.53271484375,
        "10": -1.4716796875,
        "25": -0.90234375,
        "50": -1.8779296875
    },
    "2.pt": {
        "1": -1.7578125,
        "5": -0.80419921875,
        "10": -1.7041015625,
        "25": -1.72265625,
        "50": -0.437744140625
    },
    "3.pt": {
        "1": -1.1181640625,
        "5": -0.458740234375,
        "10": -0.2578125,
        "25": -1.2578125,
        "50": -0.923828125
    },
    "4.pt": {
        "1": -1.3779296875,
        "5": -0.775390625,
        "10": -1.31640625,
        "25": -0.6357421875,
        "50": -1.1513671875
    }
}