{
    "0.pt": {
        "1": 0.426513671875,
        "5": -0.53564453125,
        "10": -1.138671875,
        "25": -0.529296875,
        "50": -1.0546875
    },
    "1.pt": {
        "1": -1.2666015625,
        "5": -0.513671875,
        "10": -0.2158203125,
        "25": -1.236328125,
        "50": -2.158203125
    },
    "2.pt": {
        "1": -1.240234375,
        "5": -0.96728515625,
        "10": -0.71923828125,
        "25": -0.587890625,
        "50": -1.587890625
    },
    "3.pt": {
        "1": -1.5244140625,
        "5": -0.69384765625,
        "10": -1.046875,
        "25": -1.49609375,
        "50": -0.73681640625
    },
    "4.pt": {
        "1": -1.150390625,
        "5": -0.74560546875,
        "10": -0.5341796875,
        "25": -0.9541015625,
        "50": -0.421875
    }
}