{
    "0.pt": {
        "1": -1.4521484375,
        "5": -1.748046875,
        "10": 0.04736328125,
        "25": -0.236572265625,
        "50": -0.281982421875
    },
    "1.pt": {
        "1": -1.8916015625,
        "5": -1.34375,
        "10": -1.87890625,
        "25": -1.5244140625,
        "50": -1.279296875
    },
    "2.pt": {
        "1": -1.2607421875,
        "5": -2.0546875,
        "10": -0.3828125,
        "25": -1.2255859375,
        "50": -0.55029296875
    },
    "3.pt": {
        "1": -1.1650390625,
        "5": -1.7265625,
        "10": -1.55078125,
        "25": 0.264892578125,
        "50": -1.51953125
    },
    "4.pt": {
        "1": -1.599609375,
        "5": -0.77880859375,
        "10": -0.61767578125,
        "25": -1.7021484375,
        "50": 0.1334228515625
    }
}