{
    "0.pt": {
        "1": -2.47265625,
        "5": -1.884765625,
        "10": -1.68359375,
        "25": -0.66357421875,
        "50": 0.2030029296875
    },
    "1.pt": {
        "1": -0.5185546875,
        "5": -0.57568359375,
        "10": -1.486328125,
        "25": -1.025390625,
        "50": -0.93994140625
    },
    "2.pt": {
        "1": -1.779296875,
        "5": -1.2421875,
        "10": -0.483642578125,
        "25": -2.08984375,
        "50": -1.4541015625
    },
    "3.pt": {
        "1": -0.787109375,
        "5": -1.87109375,
        "10": -1.3203125,
        "25": -1.84375,
        "50": -0.88330078125
    },
    "4.pt": {
        "1": -1.4443359375,
        "5": -1.0498046875,
        "10": -0.59228515625,
        "25": -0.59814453125,
        "50": -1.3193359375
    }
}