{
    "0.pt": {
        "1": -1.4248046875,
        "5": -1.5625,
        "10": -0.01328277587890625,
        "25": -1.3212890625,
        "50": -0.051055908203125
    },
    "1.pt": {
        "1": -1.388671875,
        "5": -0.9365234375,
        "10": -1.595703125,
        "25": -0.189208984375,
        "50": -0.70654296875
    },
    "2.pt": {
        "1": -1.568359375,
        "5": -1.486328125,
        "10": -1.98046875,
        "25": -0.5625,
        "50": -0.009796142578125
    },
    "3.pt": {
        "1": -1.8935546875,
        "5": -1.1552734375,
        "10": -2.078125,
        "25": -1.01953125,
        "50": -1.1630859375
    },
    "4.pt": {
        "1": -0.373046875,
        "5": -1.3818359375,
        "10": -0.410400390625,
        "25": -1.6806640625,
        "50": -0.91650390625
    }
}