{
    "0.pt": {
        "1": -1.09375,
        "5": -1.69140625,
        "10": -0.525390625,
        "25": -0.83740234375,
        "50": -1.552734375
    },
    "1.pt": {
        "1": -2.177734375,
        "5": -0.1328125,
        "10": -1.333984375,
        "25": -0.7236328125,
        "50": -0.66259765625
    },
    "2.pt": {
        "1": -1.8466796875,
        "5": -0.96435546875,
        "10": -1.4951171875,
        "25": -1.068359375,
        "50": -1.53515625
    },
    "3.pt": {
        "1": -0.289794921875,
        "5": -1.232421875,
        "10": -0.1873779296875,
        "25": -1.45703125,
        "50": -0.53759765625
    },
    "4.pt": {
        "1": -1.330078125,
        "5": 0.11285400390625,
        "10": -0.32763671875,
        "25": -2.208984375,
        "50": -1.1787109375
    }
}