{
    "0.pt": {
        "1": -1.095703125,
        "5": -2.55859375,
        "10": -1.1669921875,
        "25": -1.2392578125,
        "50": -0.720703125
    },
    "1.pt": {
        "1": -1.8037109375,
        "5": -0.64306640625,
        "10": -1.0478515625,
        "25": -0.54541015625,
        "50": -0.305908203125
    },
    "2.pt": {
        "1": -0.6162109375,
        "5": -0.8056640625,
        "10": -0.7861328125,
        "25": -2.09765625,
        "50": -2.12109375
    },
    "3.pt": {
        "1": -1.7373046875,
        "5": -0.966796875,
        "10": -0.1715087890625,
        "25": -1.650390625,
        "50": -0.09906005859375
    },
    "4.pt": {
        "1": -1.6025390625,
        "5": -0.58544921875,
        "10": -1.4638671875,
        "25": -0.99853515625,
        "50": -1.2314453125
    }
}