{
    "0.pt": {
        "1": -1.0380859375,
        "5": -0.62744140625,
        "10": -0.03936767578125,
        "25": -1.4384765625,
        "50": 0.0133819580078125
    },
    "1.pt": {
        "1": -1.4423828125,
        "5": -0.572265625,
        "10": -1.5234375,
        "25": -1.822265625,
        "50": -0.63623046875
    },
    "2.pt": {
        "1": -1.419921875,
        "5": -1.33203125,
        "10": -0.02276611328125,
        "25": -1.1923828125,
        "50": -0.2401123046875
    },
    "3.pt": {
        "1": -0.004993438720703125,
        "5": -0.66650390625,
        "10": -0.939453125,
        "25": -1.26171875,
        "50": -0.6845703125
    },
    "4.pt": {
        "1": -1.677734375,
        "5": -0.9677734375,
        "10": -1.8876953125,
        "25": -0.7744140625,
        "50": -0.78564453125
    }
}