{
    "0.pt": {
        "1": -0.64990234375,
        "5": -0.95263671875,
        "10": -0.62060546875,
        "25": -1.5048828125,
        "50": -0.80419921875
    },
    "1.pt": {
        "1": -1.337890625,
        "5": -0.93115234375,
        "10": -1.3916015625,
        "25": -1.390625,
        "50": -1.197265625
    },
    "2.pt": {
        "1": -0.1455078125,
        "5": -0.72509765625,
        "10": -1.13671875,
        "25": -1.189453125,
        "50": -0.857421875
    },
    "3.pt": {
        "1": -1.560546875,
        "5": -1.0751953125,
        "10": -1.8349609375,
        "25": -1.6884765625,
        "50": -1.7041015625
    },
    "4.pt": {
        "1": -0.84033203125,
        "5": -1.595703125,
        "10": -1.578125,
        "25": -1.07421875,
        "50": -1.919921875
    }
}