{
    "0.pt": {
        "1": -2.076171875,
        "5": -1.501953125,
        "10": -2.015625,
        "25": -1.21875,
        "50": -0.69775390625
    },
    "1.pt": {
        "1": 0.11151123046875,
        "5": -0.81884765625,
        "10": -0.498779296875,
        "25": -1.044921875,
        "50": -1.576171875
    },
    "2.pt": {
        "1": -1.93359375,
        "5": -0.117431640625,
        "10": -1.75,
        "25": -0.9345703125,
        "50": -1.71875
    },
    "3.pt": {
        "1": -0.666015625,
        "5": -2.23046875,
        "10": -1.55078125,
        "25": -1.9638671875,
        "50": -0.56640625
    },
    "4.pt": {
        "1": -1.2529296875,
        "5": -1.0107421875,
        "10": 0.1590576171875,
        "25": -0.366943359375,
        "50": -1.5146484375
    }
}