{
    "0.pt": {
        "1": -0.89892578125,
        "5": -1.39453125,
        "10": -0.210205078125,
        "25": -1.662109375,
        "50": -1.5810546875
    },
    "1.pt": {
        "1": -1.6162109375,
        "5": 0.019775390625,
        "10": -1.048828125,
        "25": -0.853515625,
        "50": -1.7822265625
    },
    "2.pt": {
        "1": -2.02734375,
        "5": -1.2294921875,
        "10": 0.209228515625,
        "25": -0.188720703125,
        "50": -1.369140625
    },
    "3.pt": {
        "1": -1.87109375,
        "5": -0.1563720703125,
        "10": -0.6953125,
        "25": -0.53173828125,
        "50": -0.7275390625
    },
    "4.pt": {
        "1": -0.1009521484375,
        "5": -1.208984375,
        "10": -2.15234375,
        "25": -1.2900390625,
        "50": -1.1162109375
    }
}