{
    "0.pt": {
        "1": 0.41796875,
        "5": 0.30224609375,
        "10": -1.443359375,
        "25": 0.1942138671875,
        "50": -1.0478515625
    },
    "1.pt": {
        "1": -0.93212890625,
        "5": -1.978515625,
        "10": -1.896484375,
        "25": -0.5009765625,
        "50": -0.9375
    },
    "2.pt": {
        "1": -1.228515625,
        "5": -0.18994140625,
        "10": -1.322265625,
        "25": -2.1328125,
        "50": -0.1119384765625
    },
    "3.pt": {
        "1": -1.087890625,
        "5": -0.6083984375,
        "10": -1.0146484375,
        "25": -1.642578125,
        "50": -0.79052734375
    },
    "4.pt": {
        "1": -0.1920166015625,
        "5": -0.78759765625,
        "10": -1.5419921875,
        "25": -0.63037109375,
        "50": -0.86279296875
    }
}