{
    "0.pt": {
        "1": -0.9794921875,
        "5": -0.994140625,
        "10": -0.332275390625,
        "25": -0.344970703125,
        "50": -0.58203125
    },
    "1.pt": {
        "1": -1.0498046875,
        "5": -1.1396484375,
        "10": -1.017578125,
        "25": -0.1668701171875,
        "50": -0.701171875
    },
    "2.pt": {
        "1": -1.580078125,
        "5": -0.2454833984375,
        "10": -1.162109375,
        "25": 0.376953125,
        "50": -1.033203125
    },
    "3.pt": {
        "1": -1.0869140625,
        "5": 0.30517578125,
        "10": -1.71875,
        "25": -0.720703125,
        "50": -1.2978515625
    },
    "4.pt": {
        "1": -1.1259765625,
        "5": -1.7744140625,
        "10": -1.7177734375,
        "25": -0.040557861328125,
        "50": -1.2822265625
    }
}