{
    "0.pt": {
        "1": -0.033416748046875,
        "5": -1.5546875,
        "10": -1.654296875,
        "25": -0.67529296875,
        "50": -1.1455078125
    },
    "1.pt": {
        "1": -0.818359375,
        "5": -0.50634765625,
        "10": -0.1341552734375,
        "25": 0.403076171875,
        "50": -1.5205078125
    },
    "2.pt": {
        "1": -1.3720703125,
        "5": -0.1077880859375,
        "10": -1.5283203125,
        "25": 0.2081298828125,
        "50": -1.3798828125
    },
    "3.pt": {
        "1": -0.22021484375,
        "5": -1.9501953125,
        "10": -1.83203125,
        "25": -0.053375244140625,
        "50": -0.978515625
    },
    "4.pt": {
        "1": -0.329345703125,
        "5": -0.349365234375,
        "10": -1.6787109375,
        "25": -1.2958984375,
        "50": -1.302734375
    }
}