{
    "0.pt": {
        "1": -0.476318359375,
        "5": -1.578125,
        "10": -0.60595703125,
        "25": -0.45458984375,
        "50": -1.3916015625
    },
    "1.pt": {
        "1": 0.410888671875,
        "5": -0.935546875,
        "10": -1.5185546875,
        "25": -0.91455078125,
        "50": -0.470947265625
    },
    "2.pt": {
        "1": -1.115234375,
        "5": -1.3466796875,
        "10": -1.64453125,
        "25": -0.1290283203125,
        "50": -0.80029296875
    },
    "3.pt": {
        "1": -1.365234375,
        "5": -1.4580078125,
        "10": -0.477294921875,
        "25": -0.09661865234375,
        "50": -1.3603515625
    },
    "4.pt": {
        "1": -0.669921875,
        "5": -2.146484375,
        "10": 0.12042236328125,
        "25": -1.4453125,
        "50": -1.453125
    }
}