{
    "0.pt": {
        "1": -1.73828125,
        "5": -0.826171875,
        "10": -1.0537109375,
        "25": -1.828125,
        "50": -1.427734375
    },
    "1.pt": {
        "1": -1.662109375,
        "5": -1.6708984375,
        "10": -1.984375,
        "25": -0.65869140625,
        "50": 0.0273895263671875
    },
    "2.pt": {
        "1": -0.5400390625,
        "5": -0.28564453125,
        "10": -0.434326171875,
        "25": -1.1845703125,
        "50": -0.04449462890625
    },
    "3.pt": {
        "1": -0.81298828125,
        "5": -1.4560546875,
        "10": -1.310546875,
        "25": -0.002384185791015625,
        "50": -1.5673828125
    },
    "4.pt": {
        "1": -1.0927734375,
        "5": -1.580078125,
        "10": -1.3916015625,
        "25": -0.66064453125,
        "50": -1.5849609375
    }
}