{
    "0.pt": {
        "1": 0.04345703125,
        "5": -0.5185546875,
        "10": -0.274169921875,
        "25": -0.099609375,
        "50": -0.587890625
    },
    "1.pt": {
        "1": -0.55126953125,
        "5": -0.865234375,
        "10": -1.4130859375,
        "25": -0.425537109375,
        "50": -1.4296875
    },
    "2.pt": {
        "1": -1.142578125,
        "5": -0.1005859375,
        "10": -0.28125,
        "25": -0.32958984375,
        "50": -0.857421875
    },
    "3.pt": {
        "1": -0.59228515625,
        "5": -1.2783203125,
        "10": -1.7568359375,
        "25": -0.52880859375,
        "50": -0.44384765625
    },
    "4.pt": {
        "1": -1.00390625,
        "5": -0.82421875,
        "10": -0.9443359375,
        "25": 0.31494140625,
        "50": -1.3544921875
    }
}