{
    "0.pt": {
        "1": -1.1083984375,
        "5": -0.8388671875,
        "10": -0.86865234375,
        "25": -1.990234375,
        "50": -0.06597900390625
    },
    "1.pt": {
        "1": -0.210693359375,
        "5": -0.33056640625,
        "10": -0.188232421875,
        "25": -1.568359375,
        "50": -0.89501953125
    },
    "2.pt": {
        "1": -0.89501953125,
        "5": -2.369140625,
        "10": -1.181640625,
        "25": -1.802734375,
        "50": -1.2294921875
    },
    "3.pt": {
        "1": -1.4580078125,
        "5": -0.88525390625,
        "10": -0.9755859375,
        "25": -0.260498046875,
        "50": -0.91650390625
    },
    "4.pt": {
        "1": -1.8759765625,
        "5": -1.4248046875,
        "10": -0.7666015625,
        "25": -1.0791015625,
        "50": -1.939453125
    }
}