{
    "0.pt": {
        "1": -1.4345703125,
        "5": -0.1444091796875,
        "10": -1.8916015625,
        "25": -1.22265625,
        "50": -1.5673828125
    },
    "1.pt": {
        "1": -1.162109375,
        "5": -0.63623046875,
        "10": -0.5263671875,
        "25": -1.1708984375,
        "50": -0.7880859375
    },
    "2.pt": {
        "1": -1.416015625,
        "5": -0.451904296875,
        "10": -1.89453125,
        "25": -0.93017578125,
        "50": -2.072265625
    },
    "3.pt": {
        "1": -1.5927734375,
        "5": -0.78466796875,
        "10": -0.7109375,
        "25": -1.4248046875,
        "50": -1.0498046875
    },
    "4.pt": {
        "1": -1.3056640625,
        "5": -0.0038509368896484375,
        "10": -1.509765625,
        "25": -2.125,
        "50": -0.822265625
    }
}