{
    "0.pt": {
        "1": -0.67041015625,
        "5": -1.0029296875,
        "10": -0.1392822265625,
        "25": -2.12890625,
        "50": -0.7392578125
    },
    "1.pt": {
        "1": -0.4599609375,
        "5": -0.60400390625,
        "10": 0.110595703125,
        "25": -0.88623046875,
        "50": 0.2119140625
    },
    "2.pt": {
        "1": -0.9111328125,
        "5": -0.231689453125,
        "10": -0.9716796875,
        "25": 0.034423828125,
        "50": -1.9658203125
    },
    "3.pt": {
        "1": -0.6181640625,
        "5": -0.0784912109375,
        "10": -1.6875,
        "25": -1.166015625,
        "50": -0.6015625
    },
    "4.pt": {
        "1": -0.29150390625,
        "5": -0.81494140625,
        "10": -0.5390625,
        "25": -0.77880859375,
        "50": -1.3291015625
    }
}