{
    "0.pt": {
        "1": -1.740234375,
        "5": -1.53125,
        "10": -0.99462890625,
        "25": -1.822265625,
        "50": -0.92626953125
    },
    "1.pt": {
        "1": -0.25390625,
        "5": -1.029296875,
        "10": 0.38330078125,
        "25": -0.24267578125,
        "50": -1.6982421875
    },
    "2.pt": {
        "1": 0.2734375,
        "5": 0.1571044921875,
        "10": -1.0244140625,
        "25": -1.966796875,
        "50": -1.77734375
    },
    "3.pt": {
        "1": -1.900390625,
        "5": -1.5517578125,
        "10": -0.1851806640625,
        "25": -0.040191650390625,
        "50": -0.391357421875
    },
    "4.pt": {
        "1": -0.54931640625,
        "5": -0.343505859375,
        "10": -1.0830078125,
        "25": -0.363525390625,
        "50": -1.228515625
    }
}