{
    "0.pt": {
        "1": -0.8994140625,
        "5": -1.5458984375,
        "10": -0.98583984375,
        "25": -0.491943359375,
        "50": 0.281982421875
    },
    "1.pt": {
        "1": 0.202392578125,
        "5": -1.5859375,
        "10": -0.65966796875,
        "25": -1.6494140625,
        "50": -0.3427734375
    },
    "2.pt": {
        "1": -2.3046875,
        "5": -1.265625,
        "10": -1.1357421875,
        "25": -1.1240234375,
        "50": -0.34521484375
    },
    "3.pt": {
        "1": -1.1728515625,
        "5": -0.888671875,
        "10": -0.59130859375,
        "25": -0.56005859375,
        "50": -0.869140625
    },
    "4.pt": {
        "1": -0.393310546875,
        "5": -1.05078125,
        "10": -1.0947265625,
        "25": -0.392822265625,
        "50": -0.673828125
    }
}