{
    "0.pt": {
        "1": -1.0703125,
        "5": -1.3291015625,
        "10": -1.6083984375,
        "25": -0.81689453125,
        "50": -0.73046875
    },
    "1.pt": {
        "1": -1.3056640625,
        "5": -1.1767578125,
        "10": -2.03125,
        "25": 0.2340087890625,
        "50": 0.162109375
    },
    "2.pt": {
        "1": -0.03973388671875,
        "5": -1.205078125,
        "10": -1.744140625,
        "25": -0.9072265625,
        "50": -0.8759765625
    },
    "3.pt": {
        "1": -0.1324462890625,
        "5": -1.5615234375,
        "10": 0.2271728515625,
        "25": -0.8095703125,
        "50": -1.06640625
    },
    "4.pt": {
        "1": -0.53564453125,
        "5": 0.094482421875,
        "10": 0.68212890625,
        "25": -0.41796875,
        "50": -2.314453125
    }
}