{
    "0.pt": {
        "1": -0.6396484375,
        "5": -0.50341796875,
        "10": -1.2705078125,
        "25": -0.673828125,
        "50": -0.734375
    },
    "1.pt": {
        "1": -1.4462890625,
        "5": -2.013671875,
        "10": -0.99267578125,
        "25": -2.103515625,
        "50": -0.72607421875
    },
    "2.pt": {
        "1": -0.95703125,
        "5": -0.55029296875,
        "10": -0.466064453125,
        "25": -1.595703125,
        "50": -0.16357421875
    },
    "3.pt": {
        "1": -0.43798828125,
        "5": -1.6240234375,
        "10": 0.150634765625,
        "25": -1.8935546875,
        "50": -1.099609375
    },
    "4.pt": {
        "1": -1.4736328125,
        "5": -1.69921875,
        "10": -1.1787109375,
        "25": -0.68896484375,
        "50": -0.075927734375
    }
}