{
    "0.pt": {
        "1": -1.6015625,
        "5": -0.0256195068359375,
        "10": -1.3623046875,
        "25": -0.1815185546875,
        "50": -0.81201171875
    },
    "1.pt": {
        "1": -0.0021915435791015625,
        "5": -0.5185546875,
        "10": -1.36328125,
        "25": 0.0194854736328125,
        "50": -0.1630859375
    },
    "2.pt": {
        "1": 0.3349609375,
        "5": -0.34130859375,
        "10": -1.8486328125,
        "25": -0.293701171875,
        "50": -0.7265625
    },
    "3.pt": {
        "1": -0.2398681640625,
        "5": -1.3662109375,
        "10": -2.005859375,
        "25": -1.8935546875,
        "50": -0.86181640625
    },
    "4.pt": {
        "1": -0.411865234375,
        "5": -1.51171875,
        "10": -0.9658203125,
        "25": -0.1632080078125,
        "50": -0.1829833984375
    }
}