{
    "0.pt": {
        "1": -1.5302734375,
        "5": 0.2088623046875,
        "10": -0.88232421875,
        "25": -1.865234375,
        "50": -1.3837890625
    },
    "1.pt": {
        "1": -0.564453125,
        "5": -0.560546875,
        "10": -0.7421875,
        "25": -1.6357421875,
        "50": -0.280517578125
    },
    "2.pt": {
        "1": -0.494873046875,
        "5": -1.5830078125,
        "10": -1.2822265625,
        "25": -0.84765625,
        "50": -0.79541015625
    },
    "3.pt": {
        "1": -1.484375,
        "5": -0.095703125,
        "10": -0.91845703125,
        "25": -1.1748046875,
        "50": -1.79296875
    },
    "4.pt": {
        "1": -0.90625,
        "5": -0.69384765625,
        "10": -0.26953125,
        "25": -1.5283203125,
        "50": -1.236328125
    }
}