{
    "0.pt": {
        "1": -0.52685546875,
        "5": -1.5087890625,
        "10": -0.87353515625,
        "25": -1.3466796875,
        "50": -0.036224365234375
    },
    "1.pt": {
        "1": -1.3876953125,
        "5": -1.140625,
        "10": -0.79150390625,
        "25": -1.1611328125,
        "50": -0.3994140625
    },
    "2.pt": {
        "1": -0.159423828125,
        "5": -1.646484375,
        "10": -1.435546875,
        "25": -1.5615234375,
        "50": -1.0654296875
    },
    "3.pt": {
        "1": -1.25390625,
        "5": -0.498291015625,
        "10": -0.68994140625,
        "25": -0.396240234375,
        "50": -0.5693359375
    },
    "4.pt": {
        "1": -1.3662109375,
        "5": -1.912109375,
        "10": -1.060546875,
        "25": -0.68994140625,
        "50": -1.0283203125
    }
}