{
    "0.pt": {
        "1": -0.473388671875,
        "5": -1.720703125,
        "10": -0.15234375,
        "25": -1.779296875,
        "50": -0.90869140625
    },
    "1.pt": {
        "1": -0.2841796875,
        "5": -1.6318359375,
        "10": -1.5283203125,
        "25": -0.282958984375,
        "50": -0.4462890625
    },
    "2.pt": {
        "1": 0.0023784637451171875,
        "5": -0.78271484375,
        "10": -1.41796875,
        "25": -2.162109375,
        "50": -1.802734375
    },
    "3.pt": {
        "1": -1.0634765625,
        "5": -2.30078125,
        "10": -1.2587890625,
        "25": 0.04193115234375,
        "50": -0.951171875
    },
    "4.pt": {
        "1": -0.399658203125,
        "5": -0.50146484375,
        "10": -0.44580078125,
        "25": -1.40234375,
        "50": -1.8759765625
    }
}