{
    "0.pt": {
        "1": -1.990234375,
        "5": -1.068359375,
        "10": -0.66455078125,
        "25": -1.287109375,
        "50": -1.6044921875
    },
    "1.pt": {
        "1": -0.72900390625,
        "5": -1.4365234375,
        "10": -1.671875,
        "25": -1.6650390625,
        "50": -1.8056640625
    },
    "2.pt": {
        "1": -0.83935546875,
        "5": -0.45703125,
        "10": -0.734375,
        "25": -1.1943359375,
        "50": -1.1669921875
    },
    "3.pt": {
        "1": 0.189208984375,
        "5": -1.607421875,
        "10": -0.78515625,
        "25": -2.123046875,
        "50": -0.2447509765625
    },
    "4.pt": {
        "1": -0.681640625,
        "5": -1.8134765625,
        "10": -1.1806640625,
        "25": -0.7021484375,
        "50": -0.54833984375
    }
}