{
    "0.pt": {
        "1": -1.583984375,
        "5": -0.2347412109375,
        "10": -1.7294921875,
        "25": -0.321533203125,
        "50": -0.5302734375
    },
    "1.pt": {
        "1": -0.4169921875,
        "5": -0.98583984375,
        "10": -0.1849365234375,
        "25": -1.05078125,
        "50": -1.060546875
    },
    "2.pt": {
        "1": -1.771484375,
        "5": -0.90234375,
        "10": -1.3818359375,
        "25": -0.51123046875,
        "50": -1.087890625
    },
    "3.pt": {
        "1": -1.365234375,
        "5": -0.07135009765625,
        "10": -0.279296875,
        "25": -1.03125,
        "50": -0.638671875
    },
    "4.pt": {
        "1": -0.0179595947265625,
        "5": -1.1171875,
        "10": -1.2080078125,
        "25": -0.662109375,
        "50": -0.1810302734375
    }
}