{
    "0.pt": {
        "1": -0.49609375,
        "5": -0.70947265625,
        "10": -1.6123046875,
        "25": -1.6748046875,
        "50": -2.509765625
    },
    "1.pt": {
        "1": -0.8017578125,
        "5": -1.3310546875,
        "10": -0.33935546875,
        "25": -0.10064697265625,
        "50": -1.0078125
    },
    "2.pt": {
        "1": -0.19677734375,
        "5": -1.025390625,
        "10": -0.1553955078125,
        "25": -1.8935546875,
        "50": -1.857421875
    },
    "3.pt": {
        "1": -0.269287109375,
        "5": -0.044036865234375,
        "10": -1.0498046875,
        "25": -0.381103515625,
        "50": -1.45703125
    },
    "4.pt": {
        "1": -0.92138671875,
        "5": -0.7138671875,
        "10": -0.2421875,
        "25": -1.4423828125,
        "50": -0.351806640625
    }
}