{
    "0.pt": {
        "1": -0.96728515625,
        "5": -1.4775390625,
        "10": -1.2900390625,
        "25": -1.7197265625,
        "50": -0.476318359375
    },
    "1.pt": {
        "1": -1.2529296875,
        "5": -0.73486328125,
        "10": -2.287109375,
        "25": -1.6904296875,
        "50": -0.76904296875
    },
    "2.pt": {
        "1": -1.986328125,
        "5": -0.63330078125,
        "10": -0.423828125,
        "25": 0.0270843505859375,
        "50": -0.4501953125
    },
    "3.pt": {
        "1": -1.9765625,
        "5": -1.693359375,
        "10": -0.60888671875,
        "25": -1.9033203125,
        "50": -1.763671875
    },
    "4.pt": {
        "1": -1.6728515625,
        "5": -1.7734375,
        "10": -0.701171875,
        "25": -2.052734375,
        "50": -0.94775390625
    }
}