{
    "0.pt": {
        "1": -0.475830078125,
        "5": -0.3681640625,
        "10": -1.265625,
        "25": -0.1685791015625,
        "50": -1.107421875
    },
    "1.pt": {
        "1": -1.2353515625,
        "5": 0.08172607421875,
        "10": -1.1552734375,
        "25": -0.638671875,
        "50": -0.30908203125
    },
    "2.pt": {
        "1": -1.3642578125,
        "5": 0.16552734375,
        "10": -0.7802734375,
        "25": -0.52587890625,
        "50": -2.03125
    },
    "3.pt": {
        "1": -0.50732421875,
        "5": -1.2236328125,
        "10": -0.74853515625,
        "25": -1.677734375,
        "50": -0.580078125
    },
    "4.pt": {
        "1": -0.428955078125,
        "5": -1.7314453125,
        "10": -1.1572265625,
        "25": -0.5634765625,
        "50": -0.9345703125
    }
}