{
    "0.pt": {
        "1": -0.2479248046875,
        "5": -0.64599609375,
        "10": -0.01282501220703125,
        "25": -0.8134765625,
        "50": -0.6767578125
    },
    "1.pt": {
        "1": -1.33203125,
        "5": -0.2259521484375,
        "10": -1.2109375,
        "25": -1.759765625,
        "50": -0.4951171875
    },
    "2.pt": {
        "1": -0.42822265625,
        "5": -1.8291015625,
        "10": -0.390625,
        "25": 0.339111328125,
        "50": -0.97412109375
    },
    "3.pt": {
        "1": -1.8994140625,
        "5": 0.0733642578125,
        "10": -1.0703125,
        "25": -0.408935546875,
        "50": -0.54736328125
    },
    "4.pt": {
        "1": -2.0703125,
        "5": -2.244140625,
        "10": -0.317138671875,
        "25": -1.517578125,
        "50": -0.85107421875
    }
}