{
    "0.pt": {
        "1": -0.80517578125,
        "5": -1.4267578125,
        "10": -0.8349609375,
        "25": -1.8740234375,
        "50": -1.103515625
    },
    "1.pt": {
        "1": -1.1669921875,
        "5": -0.1815185546875,
        "10": -1.66015625,
        "25": -0.8798828125,
        "50": -1.7001953125
    },
    "2.pt": {
        "1": -0.86962890625,
        "5": -0.407958984375,
        "10": -0.68115234375,
        "25": -0.11004638671875,
        "50": -0.90771484375
    },
    "3.pt": {
        "1": -0.7421875,
        "5": -0.6982421875,
        "10": -1.34375,
        "25": -0.28564453125,
        "50": -1.34375
    },
    "4.pt": {
        "1": -0.9814453125,
        "5": -0.68701171875,
        "10": -0.99072265625,
        "25": -1.556640625,
        "50": -1.541015625
    }
}