{
    "0.pt": {
        "1": -0.37744140625,
        "5": -0.9375,
        "10": -1.0126953125,
        "25": 0.07794189453125,
        "50": -0.99853515625
    },
    "1.pt": {
        "1": -1.166015625,
        "5": -1.2822265625,
        "10": -1.6162109375,
        "25": -0.908203125,
        "50": -1.6484375
    },
    "2.pt": {
        "1": -1.04296875,
        "5": -1.68359375,
        "10": -1.5712890625,
        "25": -1.970703125,
        "50": -1.2431640625
    },
    "3.pt": {
        "1": -0.496337890625,
        "5": -1.087890625,
        "10": -0.054931640625,
        "25": -1.6171875,
        "50": -2.009765625
    },
    "4.pt": {
        "1": -1.4892578125,
        "5": -0.044677734375,
        "10": -0.845703125,
        "25": -1.439453125,
        "50": -1.0400390625
    }
}