{
    "0.pt": {
        "1": -1.2001953125,
        "5": -0.53369140625,
        "10": -0.131103515625,
        "25": -0.21923828125,
        "50": -0.43798828125
    },
    "1.pt": {
        "1": -1.3720703125,
        "5": -1.0244140625,
        "10": -1.8974609375,
        "25": -0.962890625,
        "50": 0.7216796875
    },
    "2.pt": {
        "1": -1.1201171875,
        "5": -1.3564453125,
        "10": -0.56640625,
        "25": -1.5107421875,
        "50": -0.09771728515625
    },
    "3.pt": {
        "1": -0.7197265625,
        "5": -0.08740234375,
        "10": -0.288330078125,
        "25": -1.2490234375,
        "50": -1.669921875
    },
    "4.pt": {
        "1": -1.0263671875,
        "5": -0.96484375,
        "10": -0.6181640625,
        "25": -1.513671875,
        "50": -0.939453125
    }
}