{
    "0.pt": {
        "1": -1.4599609375,
        "5": -0.302978515625,
        "10": -0.7919921875,
        "25": -0.88037109375,
        "50": 0.039306640625
    },
    "1.pt": {
        "1": -0.55029296875,
        "5": -0.315673828125,
        "10": -1.4580078125,
        "25": 0.0046234130859375,
        "50": -0.6103515625
    },
    "2.pt": {
        "1": -1.4345703125,
        "5": 0.2030029296875,
        "10": -1.658203125,
        "25": -0.892578125,
        "50": -1.50390625
    },
    "3.pt": {
        "1": -1.5185546875,
        "5": -0.467041015625,
        "10": -1.3896484375,
        "25": -0.44482421875,
        "50": -0.6142578125
    },
    "4.pt": {
        "1": -1.611328125,
        "5": -1.3505859375,
        "10": -1.5107421875,
        "25": -1.2236328125,
        "50": 0.1300048828125
    }
}