{
    "0.pt": {
        "1": -0.55615234375,
        "5": -0.328369140625,
        "10": -0.433837890625,
        "25": -0.1810302734375,
        "50": -2.01171875
    },
    "1.pt": {
        "1": -1.83203125,
        "5": -1.7783203125,
        "10": -0.0169830322265625,
        "25": -1.12890625,
        "50": -0.63134765625
    },
    "2.pt": {
        "1": -0.449462890625,
        "5": -0.607421875,
        "10": -2.076171875,
        "25": -0.9609375,
        "50": -1.1005859375
    },
    "3.pt": {
        "1": -0.80517578125,
        "5": -0.3359375,
        "10": -1.2509765625,
        "25": -1.4697265625,
        "50": -1.224609375
    },
    "4.pt": {
        "1": -0.82275390625,
        "5": -2.37890625,
        "10": -1.7900390625,
        "25": -1.248046875,
        "50": -1.3173828125
    }
}