{
    "0.pt": {
        "1": -0.595703125,
        "5": -1.5693359375,
        "10": -0.22216796875,
        "25": -1.27734375,
        "50": -0.323974609375
    },
    "1.pt": {
        "1": -1.822265625,
        "5": -0.6943359375,
        "10": -1.21484375,
        "25": -2.08984375,
        "50": -0.032135009765625
    },
    "2.pt": {
        "1": -1.705078125,
        "5": 0.0303802490234375,
        "10": -0.315185546875,
        "25": -1.82421875,
        "50": -1.4638671875
    },
    "3.pt": {
        "1": -1.2470703125,
        "5": -1.4482421875,
        "10": -0.51025390625,
        "25": -0.64111328125,
        "50": -0.599609375
    },
    "4.pt": {
        "1": -0.251953125,
        "5": -0.90283203125,
        "10": -0.68115234375,
        "25": -1.6513671875,
        "50": -1.890625
    }
}