{
    "0.pt": {
        "1": -1.9375,
        "5": 0.00859832763671875,
        "10": -1.81640625,
        "25": -1.140625,
        "50": -0.79541015625
    },
    "1.pt": {
        "1": -2.0546875,
        "5": -0.61376953125,
        "10": -0.79150390625,
        "25": 0.1121826171875,
        "50": 0.2449951171875
    },
    "2.pt": {
        "1": -0.0899658203125,
        "5": -1.2490234375,
        "10": -1.4169921875,
        "25": 0.1986083984375,
        "50": -1.1533203125
    },
    "3.pt": {
        "1": -1.23828125,
        "5": -1.2578125,
        "10": -1.0859375,
        "25": -1.55859375,
        "50": -1.3173828125
    },
    "4.pt": {
        "1": -0.71630859375,
        "5": -1.1689453125,
        "10": -0.25439453125,
        "25": -1.4697265625,
        "50": -1.41015625
    }
}