{
    "0.pt": {
        "1": -2.150390625,
        "5": -1.388671875,
        "10": -2.0546875,
        "25": -1.990234375,
        "50": -1.296875
    },
    "1.pt": {
        "1": -1.7470703125,
        "5": -1.4775390625,
        "10": -2.140625,
        "25": -1.158203125,
        "50": -1.234375
    },
    "2.pt": {
        "1": -0.67333984375,
        "5": -0.58984375,
        "10": -0.955078125,
        "25": -1.5888671875,
        "50": -0.65185546875
    },
    "3.pt": {
        "1": -0.4912109375,
        "5": -1.873046875,
        "10": -1.1943359375,
        "25": -0.1326904296875,
        "50": -1.4677734375
    },
    "4.pt": {
        "1": -0.48046875,
        "5": -0.46826171875,
        "10": -1.888671875,
        "25": -1.39453125,
        "50": -0.93408203125
    }
}