{
    "0.pt": {
        "1": -1.1015625,
        "5": -1.6494140625,
        "10": -1.8173828125,
        "25": -2.0,
        "50": -0.56640625
    },
    "1.pt": {
        "1": -0.916015625,
        "5": -0.474609375,
        "10": -1.4638671875,
        "25": -0.49560546875,
        "50": -0.8349609375
    },
    "2.pt": {
        "1": -0.63134765625,
        "5": -0.6953125,
        "10": -2.033203125,
        "25": -0.46875,
        "50": -1.45703125
    },
    "3.pt": {
        "1": -1.5673828125,
        "5": -1.2646484375,
        "10": -0.267578125,
        "25": -0.285888671875,
        "50": -0.164306640625
    },
    "4.pt": {
        "1": -1.8095703125,
        "5": -0.19970703125,
        "10": -1.201171875,
        "25": -0.95068359375,
        "50": -0.77197265625
    }
}