{
    "0.pt": {
        "1": -1.45703125,
        "5": -0.7060546875,
        "10": -1.6484375,
        "25": -1.388671875,
        "50": -1.349609375
    },
    "1.pt": {
        "1": -1.9609375,
        "5": -1.5078125,
        "10": -0.83056640625,
        "25": -0.303466796875,
        "50": -0.60791015625
    },
    "2.pt": {
        "1": -2.21484375,
        "5": -0.41796875,
        "10": -0.912109375,
        "25": -0.258544921875,
        "50": -0.923828125
    },
    "3.pt": {
        "1": -1.265625,
        "5": -1.7412109375,
        "10": 0.88330078125,
        "25": -1.4697265625,
        "50": -0.77197265625
    },
    "4.pt": {
        "1": 0.438232421875,
        "5": -1.107421875,
        "10": -0.89111328125,
        "25": -1.087890625,
        "50": -1.369140625
    }
}