{
    "0.pt": {
        "1": -0.81787109375,
        "5": -0.287353515625,
        "10": -1.3564453125,
        "25": 0.09490966796875,
        "50": -0.16015625
    },
    "1.pt": {
        "1": -0.0325927734375,
        "5": -1.267578125,
        "10": 0.0989990234375,
        "25": -0.11260986328125,
        "50": -1.3505859375
    },
    "2.pt": {
        "1": -1.5546875,
        "5": -1.4453125,
        "10": -1.8525390625,
        "25": 0.144287109375,
        "50": -1.4150390625
    },
    "3.pt": {
        "1": -1.1474609375,
        "5": -2.25,
        "10": -0.78564453125,
        "25": 0.31640625,
        "50": -1.1044921875
    },
    "4.pt": {
        "1": -0.20654296875,
        "5": -0.360595703125,
        "10": -1.6494140625,
        "25": -0.5712890625,
        "50": -0.41162109375
    }
}