{
    "0.pt": {
        "1": -1.1552734375,
        "5": -1.5205078125,
        "10": -0.219482421875,
        "25": -1.328125,
        "50": -1.0576171875
    },
    "1.pt": {
        "1": -1.0361328125,
        "5": -1.705078125,
        "10": -1.0068359375,
        "25": -1.525390625,
        "50": -0.447021484375
    },
    "2.pt": {
        "1": -0.025604248046875,
        "5": -0.39599609375,
        "10": -1.3984375,
        "25": -1.63671875,
        "50": -1.484375
    },
    "3.pt": {
        "1": -0.17431640625,
        "5": -0.08349609375,
        "10": -0.62109375,
        "25": -0.87353515625,
        "50": -0.404296875
    },
    "4.pt": {
        "1": 0.2386474609375,
        "5": -0.88232421875,
        "10": -1.4580078125,
        "25": -1.337890625,
        "50": 0.26708984375
    }
}