{
    "0.pt": {
        "1": -1.5478515625,
        "5": -1.6552734375,
        "10": -0.814453125,
        "25": -0.64794921875,
        "50": -1.4658203125
    },
    "1.pt": {
        "1": 0.135986328125,
        "5": 0.339111328125,
        "10": -1.423828125,
        "25": -1.8818359375,
        "50": -0.055908203125
    },
    "2.pt": {
        "1": -1.248046875,
        "5": -0.86474609375,
        "10": -1.447265625,
        "25": -1.75,
        "50": -0.88671875
    },
    "3.pt": {
        "1": 0.166259765625,
        "5": -1.349609375,
        "10": -0.89892578125,
        "25": -0.254638671875,
        "50": -1.8564453125
    },
    "4.pt": {
        "1": -1.1240234375,
        "5": -1.58203125,
        "10": -0.498779296875,
        "25": -1.8818359375,
        "50": -0.56494140625
    }
}