{
    "0.pt": {
        "1": -1.2998046875,
        "5": -2.28515625,
        "10": -1.583984375,
        "25": -1.2158203125,
        "50": -0.7197265625
    },
    "1.pt": {
        "1": -1.9033203125,
        "5": -1.138671875,
        "10": -0.54931640625,
        "25": 0.0958251953125,
        "50": -1.021484375
    },
    "2.pt": {
        "1": -2.3046875,
        "5": -1.212890625,
        "10": -0.08294677734375,
        "25": -1.400390625,
        "50": -0.8349609375
    },
    "3.pt": {
        "1": -1.0810546875,
        "5": -2.1875,
        "10": -1.6162109375,
        "25": -1.5830078125,
        "50": -0.67431640625
    },
    "4.pt": {
        "1": -1.2890625,
        "5": -1.51953125,
        "10": -0.78125,
        "25": -0.8818359375,
        "50": -1.1611328125
    }
}