{
    "0.pt": {
        "1": -1.1181640625,
        "5": -0.052093505859375,
        "10": -0.861328125,
        "25": -1.767578125,
        "50": -1.0986328125
    },
    "1.pt": {
        "1": -0.63818359375,
        "5": -1.45703125,
        "10": -1.2978515625,
        "25": -0.64794921875,
        "50": -1.3837890625
    },
    "2.pt": {
        "1": -0.62158203125,
        "5": 0.1627197265625,
        "10": -1.53515625,
        "25": -0.0182647705078125,
        "50": -0.04541015625
    },
    "3.pt": {
        "1": -1.1220703125,
        "5": -1.9716796875,
        "10": -2.39453125,
        "25": -2.158203125,
        "50": -1.2177734375
    },
    "4.pt": {
        "1": -0.5849609375,
        "5": -1.1533203125,
        "10": -1.7177734375,
        "25": -0.96044921875,
        "50": -0.59521484375
    }
}