{
    "0.pt": {
        "1": -1.5205078125,
        "5": -1.59765625,
        "10": -1.6455078125,
        "25": -2.0703125,
        "50": -1.1728515625
    },
    "1.pt": {
        "1": -0.98828125,
        "5": -1.3408203125,
        "10": -1.439453125,
        "25": -1.5166015625,
        "50": -0.257568359375
    },
    "2.pt": {
        "1": 0.385986328125,
        "5": -0.78515625,
        "10": -2.26171875,
        "25": -1.724609375,
        "50": -1.529296875
    },
    "3.pt": {
        "1": -1.9443359375,
        "5": -0.875,
        "10": -1.1650390625,
        "25": -0.49560546875,
        "50": -0.437255859375
    },
    "4.pt": {
        "1": -1.119140625,
        "5": -1.4716796875,
        "10": -1.9580078125,
        "25": -1.73828125,
        "50": -1.4716796875
    }
}