{
    "0.pt": {
        "1": -0.2978515625,
        "5": -1.1396484375,
        "10": -0.92138671875,
        "25": -1.8291015625,
        "50": -1.2041015625
    },
    "1.pt": {
        "1": -0.1719970703125,
        "5": -0.1673583984375,
        "10": -0.56640625,
        "25": -1.1279296875,
        "50": -1.3876953125
    },
    "2.pt": {
        "1": -0.385009765625,
        "5": 0.08416748046875,
        "10": -1.14453125,
        "25": -2.09765625,
        "50": -1.72265625
    },
    "3.pt": {
        "1": -1.306640625,
        "5": -1.5732421875,
        "10": -1.5107421875,
        "25": -1.681640625,
        "50": -0.32666015625
    },
    "4.pt": {
        "1": -0.54833984375,
        "5": -0.62255859375,
        "10": -1.1494140625,
        "25": -1.4482421875,
        "50": -0.374267578125
    }
}