{
    "0.pt": {
        "1": -0.6923828125,
        "5": -0.1563720703125,
        "10": -0.74365234375,
        "25": 0.07403564453125,
        "50": -0.900390625
    },
    "1.pt": {
        "1": -1.0166015625,
        "5": -1.5908203125,
        "10": -0.947265625,
        "25": -1.3916015625,
        "50": -2.142578125
    },
    "2.pt": {
        "1": -1.384765625,
        "5": -0.60498046875,
        "10": -1.2333984375,
        "25": -0.70166015625,
        "50": -1.306640625
    },
    "3.pt": {
        "1": -0.2069091796875,
        "5": -1.5263671875,
        "10": -2.044921875,
        "25": -0.0340576171875,
        "50": -0.454833984375
    },
    "4.pt": {
        "1": -1.251953125,
        "5": -0.34765625,
        "10": -0.36083984375,
        "25": -1.05078125,
        "50": -0.72119140625
    }
}