{
    "0.pt": {
        "1": -1.6015625,
        "5": -0.426513671875,
        "10": 0.78466796875,
        "25": -0.6103515625,
        "50": -1.4638671875
    },
    "1.pt": {
        "1": -1.0390625,
        "5": -1.2021484375,
        "10": -0.69677734375,
        "25": -1.41015625,
        "50": -1.314453125
    },
    "2.pt": {
        "1": -0.202392578125,
        "5": -1.73046875,
        "10": -1.2353515625,
        "25": -0.693359375,
        "50": -0.63427734375
    },
    "3.pt": {
        "1": -0.87890625,
        "5": -0.29931640625,
        "10": -1.4306640625,
        "25": -0.99267578125,
        "50": -0.611328125
    },
    "4.pt": {
        "1": -1.90625,
        "5": -1.9921875,
        "10": -1.533203125,
        "25": -0.466064453125,
        "50": -1.375
    }
}