{
    "0.pt": {
        "1": -1.83984375,
        "5": -1.6376953125,
        "10": -0.7333984375,
        "25": -1.4169921875,
        "50": -0.767578125
    },
    "1.pt": {
        "1": -1.240234375,
        "5": -1.203125,
        "10": -0.06341552734375,
        "25": -1.79296875,
        "50": -0.69677734375
    },
    "2.pt": {
        "1": -1.666015625,
        "5": -1.4609375,
        "10": -0.399169921875,
        "25": -0.84912109375,
        "50": -0.8828125
    },
    "3.pt": {
        "1": -0.291259765625,
        "5": -1.4140625,
        "10": -1.01953125,
        "25": -1.6669921875,
        "50": -0.8408203125
    },
    "4.pt": {
        "1": -0.64697265625,
        "5": -0.056640625,
        "10": -1.025390625,
        "25": -1.4775390625,
        "50": -1.115234375
    }
}