{
    "0.pt": {
        "1": -0.9228515625,
        "5": -1.001953125,
        "10": -1.53125,
        "25": -0.9375,
        "50": -1.44921875
    },
    "1.pt": {
        "1": -0.226806640625,
        "5": -0.63525390625,
        "10": -1.533203125,
        "25": -0.442626953125,
        "50": -0.662109375
    },
    "2.pt": {
        "1": -0.6064453125,
        "5": -0.385009765625,
        "10": -1.0146484375,
        "25": -1.71484375,
        "50": -0.6015625
    },
    "3.pt": {
        "1": -0.44189453125,
        "5": -1.2041015625,
        "10": -0.34326171875,
        "25": 0.17529296875,
        "50": -1.013671875
    },
    "4.pt": {
        "1": -0.87158203125,
        "5": -1.5771484375,
        "10": -0.9306640625,
        "25": -0.89599609375,
        "50": -1.9482421875
    }
}