{
    "0.pt": {
        "1": -0.82861328125,
        "5": -1.8740234375,
        "10": -1.41015625,
        "25": -1.63671875,
        "50": -1.158203125
    },
    "1.pt": {
        "1": -1.94140625,
        "5": -1.2705078125,
        "10": -1.544921875,
        "25": -1.3056640625,
        "50": -1.732421875
    },
    "2.pt": {
        "1": -1.978515625,
        "5": -1.423828125,
        "10": -2.033203125,
        "25": -1.6044921875,
        "50": -1.2158203125
    },
    "3.pt": {
        "1": -1.7265625,
        "5": -1.505859375,
        "10": 0.07177734375,
        "25": -2.09765625,
        "50": -1.8515625
    },
    "4.pt": {
        "1": -1.4091796875,
        "5": -1.427734375,
        "10": -0.7978515625,
        "25": -0.47509765625,
        "50": -1.2900390625
    }
}