{
    "0.pt": {
        "1": -0.6845703125,
        "5": -0.7109375,
        "10": -0.354248046875,
        "25": -1.1015625,
        "50": -1.513671875
    },
    "1.pt": {
        "1": -1.123046875,
        "5": -0.151611328125,
        "10": -0.468505859375,
        "25": -0.95654296875,
        "50": -1.3388671875
    },
    "2.pt": {
        "1": -0.6708984375,
        "5": -1.0322265625,
        "10": -2.603515625,
        "25": -1.6201171875,
        "50": -1.4951171875
    },
    "3.pt": {
        "1": -0.79443359375,
        "5": -0.2161865234375,
        "10": -1.1083984375,
        "25": -1.4169921875,
        "50": 0.1478271484375
    },
    "4.pt": {
        "1": -1.7041015625,
        "5": -0.8984375,
        "10": -0.402099609375,
        "25": -1.9208984375,
        "50": -2.052734375
    }
}