{
    "0.pt": {
        "1": -0.6904296875,
        "5": -0.998046875,
        "10": -1.84765625,
        "25": 0.379150390625,
        "50": -0.400146484375
    },
    "1.pt": {
        "1": -1.5615234375,
        "5": -0.432861328125,
        "10": -2.119140625,
        "25": -1.5810546875,
        "50": -1.65234375
    },
    "2.pt": {
        "1": -0.7958984375,
        "5": -0.2486572265625,
        "10": -0.10302734375,
        "25": 0.50341796875,
        "50": -1.30859375
    },
    "3.pt": {
        "1": -1.41015625,
        "5": -0.281005859375,
        "10": -1.4775390625,
        "25": -1.9091796875,
        "50": -0.33349609375
    },
    "4.pt": {
        "1": -0.9326171875,
        "5": -1.45703125,
        "10": -0.43505859375,
        "25": -0.4560546875,
        "50": -1.107421875
    }
}