{
    "0.pt": {
        "1": -0.461181640625,
        "5": -0.02581787109375,
        "10": -1.400390625,
        "25": -1.3564453125,
        "50": -0.703125
    },
    "1.pt": {
        "1": -2.10546875,
        "5": -1.0,
        "10": -1.568359375,
        "25": -1.302734375,
        "50": -0.158447265625
    },
    "2.pt": {
        "1": -1.52734375,
        "5": -1.1455078125,
        "10": -1.193359375,
        "25": -0.10394287109375,
        "50": -1.267578125
    },
    "3.pt": {
        "1": -0.89990234375,
        "5": -1.1982421875,
        "10": -0.44384765625,
        "25": -1.5322265625,
        "50": -0.71728515625
    },
    "4.pt": {
        "1": -1.8935546875,
        "5": -0.77294921875,
        "10": -1.544921875,
        "25": -1.1455078125,
        "50": -0.64208984375
    }
}