{
    "0.pt": {
        "1": -1.107421875,
        "5": -0.66162109375,
        "10": -2.25,
        "25": -1.6767578125,
        "50": -0.671875
    },
    "1.pt": {
        "1": -0.92822265625,
        "5": -0.317626953125,
        "10": -1.271484375,
        "25": -0.436767578125,
        "50": -0.7099609375
    },
    "2.pt": {
        "1": -1.828125,
        "5": -0.459228515625,
        "10": -0.681640625,
        "25": -0.463623046875,
        "50": -0.2490234375
    },
    "3.pt": {
        "1": -0.81591796875,
        "5": -1.3115234375,
        "10": -1.5400390625,
        "25": -0.32421875,
        "50": -1.658203125
    },
    "4.pt": {
        "1": -1.4892578125,
        "5": 1.134765625,
        "10": -1.0869140625,
        "25": -0.34130859375,
        "50": -0.7939453125
    }
}