{
    "0.pt": {
        "1": 0.34130859375,
        "5": 0.10308837890625,
        "10": -0.87060546875,
        "25": -1.1552734375,
        "50": 0.438232421875
    },
    "1.pt": {
        "1": -1.880859375,
        "5": -2.130859375,
        "10": -0.56201171875,
        "25": -1.1533203125,
        "50": -1.0947265625
    },
    "2.pt": {
        "1": -1.404296875,
        "5": -1.8046875,
        "10": -1.5078125,
        "25": -1.462890625,
        "50": -2.171875
    },
    "3.pt": {
        "1": -1.58984375,
        "5": -1.16796875,
        "10": -1.0283203125,
        "25": -1.263671875,
        "50": -1.158203125
    },
    "4.pt": {
        "1": -1.38671875,
        "5": -0.7099609375,
        "10": -0.9208984375,
        "25": -0.8779296875,
        "50": -0.736328125
    }
}