{
    "0.pt": {
        "1": -0.9228515625,
        "5": -2.1640625,
        "10": -0.458740234375,
        "25": -0.69970703125,
        "50": -0.8603515625
    },
    "1.pt": {
        "1": -0.78662109375,
        "5": -0.273681640625,
        "10": -0.4912109375,
        "25": 0.256103515625,
        "50": -1.359375
    },
    "2.pt": {
        "1": -0.90478515625,
        "5": -1.6181640625,
        "10": -0.8671875,
        "25": -1.2177734375,
        "50": -0.0222320556640625
    },
    "3.pt": {
        "1": -0.486083984375,
        "5": -0.91015625,
        "10": -1.2119140625,
        "25": -1.08984375,
        "50": -0.3779296875
    },
    "4.pt": {
        "1": -0.06610107421875,
        "5": -1.125,
        "10": -1.390625,
        "25": -1.8857421875,
        "50": -0.0277099609375
    }
}