{
    "0.pt": {
        "1": -1.8173828125,
        "5": -0.60693359375,
        "10": -0.767578125,
        "25": -1.0810546875,
        "50": 0.0011310577392578125
    },
    "1.pt": {
        "1": -1.8740234375,
        "5": -1.537109375,
        "10": -0.4560546875,
        "25": -0.7294921875,
        "50": -0.708984375
    },
    "2.pt": {
        "1": -1.791015625,
        "5": -0.90087890625,
        "10": -0.982421875,
        "25": -0.52392578125,
        "50": -1.146484375
    },
    "3.pt": {
        "1": -0.449951171875,
        "5": -1.0439453125,
        "10": -0.810546875,
        "25": -1.05078125,
        "50": -0.8486328125
    },
    "4.pt": {
        "1": -0.103271484375,
        "5": -1.626953125,
        "10": -0.38134765625,
        "25": -1.1796875,
        "50": -0.39453125
    }
}