{
    "0.pt": {
        "1": -1.669921875,
        "5": -1.1142578125,
        "10": -1.1015625,
        "25": 0.367919921875,
        "50": -0.66455078125
    },
    "1.pt": {
        "1": -1.0234375,
        "5": -0.256591796875,
        "10": -0.7998046875,
        "25": -0.4033203125,
        "50": -1.65234375
    },
    "2.pt": {
        "1": -0.2861328125,
        "5": -1.375,
        "10": -1.580078125,
        "25": -0.6015625,
        "50": -1.4365234375
    },
    "3.pt": {
        "1": -1.2236328125,
        "5": -0.888671875,
        "10": -1.5390625,
        "25": -0.8876953125,
        "50": -0.416015625
    },
    "4.pt": {
        "1": -1.55859375,
        "5": -0.475341796875,
        "10": -0.62646484375,
        "25": -1.9052734375,
        "50": 0.2073974609375
    }
}