{
    "0.pt": {
        "1": -0.170166015625,
        "5": -0.1844482421875,
        "10": -2.033203125,
        "25": 0.32421875,
        "50": -1.0380859375
    },
    "1.pt": {
        "1": -2.291015625,
        "5": -0.81640625,
        "10": -1.0888671875,
        "25": -1.4619140625,
        "50": -0.333740234375
    },
    "2.pt": {
        "1": -1.5078125,
        "5": -1.4609375,
        "10": -1.4990234375,
        "25": -0.65087890625,
        "50": -1.5263671875
    },
    "3.pt": {
        "1": -0.6171875,
        "5": -0.488525390625,
        "10": -0.355224609375,
        "25": -0.9541015625,
        "50": 0.2100830078125
    },
    "4.pt": {
        "1": -1.013671875,
        "5": -1.7529296875,
        "10": -0.6455078125,
        "25": -0.56298828125,
        "50": 0.005146026611328125
    }
}