{
    "0.pt": {
        "1": -0.50048828125,
        "5": -1.2080078125,
        "10": -0.81640625,
        "25": -1.2548828125,
        "50": -0.79150390625
    },
    "1.pt": {
        "1": -0.62646484375,
        "5": -1.2294921875,
        "10": -1.7109375,
        "25": -0.77001953125,
        "50": -0.7236328125
    },
    "2.pt": {
        "1": -0.67529296875,
        "5": -1.5849609375,
        "10": 0.505859375,
        "25": 0.402099609375,
        "50": -1.36328125
    },
    "3.pt": {
        "1": -0.53369140625,
        "5": -0.67041015625,
        "10": -1.04296875,
        "25": -0.00922393798828125,
        "50": -1.419921875
    },
    "4.pt": {
        "1": -1.13671875,
        "5": -0.57666015625,
        "10": -1.3662109375,
        "25": -1.6806640625,
        "50": -1.4287109375
    }
}