{
    "0.pt": {
        "1": -1.1708984375,
        "5": 0.0849609375,
        "10": -1.16796875,
        "25": -1.5966796875,
        "50": -1.8017578125
    },
    "1.pt": {
        "1": -1.322265625,
        "5": -0.5009765625,
        "10": -1.5927734375,
        "25": -0.818359375,
        "50": -0.9599609375
    },
    "2.pt": {
        "1": -1.8134765625,
        "5": -1.7685546875,
        "10": -0.94677734375,
        "25": -1.201171875,
        "50": -1.5146484375
    },
    "3.pt": {
        "1": -1.5947265625,
        "5": -1.4052734375,
        "10": 0.1014404296875,
        "25": -1.2578125,
        "50": -1.41796875
    },
    "4.pt": {
        "1": 0.1976318359375,
        "5": -1.2666015625,
        "10": -0.8310546875,
        "25": -1.2861328125,
        "50": -1.7353515625
    }
}