{
    "0.pt": {
        "1": -0.76416015625,
        "5": -1.724609375,
        "10": -0.8759765625,
        "25": -2.4375,
        "50": -1.8037109375
    },
    "1.pt": {
        "1": -1.0068359375,
        "5": -1.0556640625,
        "10": -1.208984375,
        "25": -0.11517333984375,
        "50": -0.7646484375
    },
    "2.pt": {
        "1": -0.12890625,
        "5": -0.465576171875,
        "10": -2.056640625,
        "25": 0.172607421875,
        "50": -1.1728515625
    },
    "3.pt": {
        "1": -0.6806640625,
        "5": -0.398193359375,
        "10": -0.5380859375,
        "25": -1.0390625,
        "50": -1.0341796875
    },
    "4.pt": {
        "1": -1.6650390625,
        "5": -0.365478515625,
        "10": 0.5673828125,
        "25": 0.018096923828125,
        "50": -1.53515625
    }
}