{
    "0.pt": {
        "1": -1.275390625,
        "5": 0.1575927734375,
        "10": -1.0283203125,
        "25": -1.5595703125,
        "50": 0.37451171875
    },
    "1.pt": {
        "1": -1.697265625,
        "5": -1.255859375,
        "10": -0.22412109375,
        "25": -0.85498046875,
        "50": -1.0078125
    },
    "2.pt": {
        "1": -0.6875,
        "5": -1.3076171875,
        "10": -1.3173828125,
        "25": -1.7265625,
        "50": -1.099609375
    },
    "3.pt": {
        "1": -0.150634765625,
        "5": -0.50341796875,
        "10": -1.1142578125,
        "25": -1.1630859375,
        "50": -0.0316162109375
    },
    "4.pt": {
        "1": -1.3544921875,
        "5": -0.0155029296875,
        "10": -0.9677734375,
        "25": -2.142578125,
        "50": -0.68505859375
    }
}