{
    "0.pt": {
        "1": -1.7490234375,
        "5": -0.9716796875,
        "10": -0.2117919921875,
        "25": -0.71533203125,
        "50": -1.724609375
    },
    "1.pt": {
        "1": -1.0068359375,
        "5": -1.15234375,
        "10": -1.451171875,
        "25": -0.26416015625,
        "50": -1.0791015625
    },
    "2.pt": {
        "1": -0.7373046875,
        "5": -1.6474609375,
        "10": -0.95068359375,
        "25": -0.061737060546875,
        "50": -1.912109375
    },
    "3.pt": {
        "1": 0.089599609375,
        "5": -0.465087890625,
        "10": -0.338134765625,
        "25": -1.38671875,
        "50": -0.98779296875
    },
    "4.pt": {
        "1": -1.4375,
        "5": -0.8203125,
        "10": -1.7490234375,
        "25": -0.3623046875,
        "50": -0.77392578125
    }
}