{
    "0.pt": {
        "1": -0.5576171875,
        "5": -0.407470703125,
        "10": -1.830078125,
        "25": -2.080078125,
        "50": -1.6416015625
    },
    "1.pt": {
        "1": -0.080322265625,
        "5": -0.030364990234375,
        "10": -1.373046875,
        "25": -1.0009765625,
        "50": -1.396484375
    },
    "2.pt": {
        "1": -0.8056640625,
        "5": -0.18017578125,
        "10": -1.7529296875,
        "25": -1.2724609375,
        "50": -1.146484375
    },
    "3.pt": {
        "1": 0.12298583984375,
        "5": -1.8037109375,
        "10": -2.287109375,
        "25": 0.10479736328125,
        "50": -1.6318359375
    },
    "4.pt": {
        "1": -0.259033203125,
        "5": -1.654296875,
        "10": -0.72998046875,
        "25": 0.354736328125,
        "50": -1.490234375
    }
}