{
    "0.pt": {
        "1": -1.6298828125,
        "5": -0.0011749267578125,
        "10": -0.96337890625,
        "25": -1.3623046875,
        "50": -1.5634765625
    },
    "1.pt": {
        "1": -0.6591796875,
        "5": -0.82373046875,
        "10": -0.91552734375,
        "25": -1.55859375,
        "50": -2.4609375
    },
    "2.pt": {
        "1": -0.1160888671875,
        "5": -1.6923828125,
        "10": -0.33349609375,
        "25": -1.373046875,
        "50": -1.3740234375
    },
    "3.pt": {
        "1": -1.630859375,
        "5": -1.1201171875,
        "10": -2.03125,
        "25": -1.314453125,
        "50": -0.332763671875
    },
    "4.pt": {
        "1": -0.8515625,
        "5": -1.8271484375,
        "10": -1.408203125,
        "25": -0.37646484375,
        "50": -1.564453125
    }
}