{
    "0.pt": {
        "1": -0.65576171875,
        "5": -0.640625,
        "10": -0.1142578125,
        "25": -0.1353759765625,
        "50": -0.12384033203125
    },
    "1.pt": {
        "1": -0.669921875,
        "5": -0.88134765625,
        "10": -0.7841796875,
        "25": -1.0078125,
        "50": -1.564453125
    },
    "2.pt": {
        "1": -1.4375,
        "5": 0.208251953125,
        "10": -1.3046875,
        "25": -1.44140625,
        "50": -1.1982421875
    },
    "3.pt": {
        "1": -1.38671875,
        "5": -0.279541015625,
        "10": -1.357421875,
        "25": -1.2509765625,
        "50": -0.84814453125
    },
    "4.pt": {
        "1": -0.6650390625,
        "5": -1.57421875,
        "10": 0.352294921875,
        "25": 0.304443359375,
        "50": -1.4462890625
    }
}