{
    "0.pt": {
        "1": -1.2666015625,
        "5": -0.94287109375,
        "10": -0.86181640625,
        "25": -0.5615234375,
        "50": -1.544921875
    },
    "1.pt": {
        "1": -0.94384765625,
        "5": 0.50634765625,
        "10": -1.45703125,
        "25": -0.55224609375,
        "50": -0.1812744140625
    },
    "2.pt": {
        "1": -0.3486328125,
        "5": -0.9140625,
        "10": -1.58203125,
        "25": -0.95361328125,
        "50": 0.1234130859375
    },
    "3.pt": {
        "1": 0.275390625,
        "5": -1.197265625,
        "10": -1.6416015625,
        "25": -0.6435546875,
        "50": -1.1630859375
    },
    "4.pt": {
        "1": -1.0244140625,
        "5": -0.2117919921875,
        "10": -0.460205078125,
        "25": -0.295166015625,
        "50": -0.51416015625
    }
}