{
    "0.pt": {
        "1": -0.74658203125,
        "5": -0.478515625,
        "10": -0.56982421875,
        "25": -0.1925048828125,
        "50": -0.278076171875
    },
    "1.pt": {
        "1": -1.5986328125,
        "5": -2.01171875,
        "10": 0.10699462890625,
        "25": -0.88330078125,
        "50": -0.126220703125
    },
    "2.pt": {
        "1": -1.9013671875,
        "5": -0.12225341796875,
        "10": -1.373046875,
        "25": -0.316162109375,
        "50": -0.9033203125
    },
    "3.pt": {
        "1": -0.51611328125,
        "5": -0.94921875,
        "10": -1.3662109375,
        "25": -1.0810546875,
        "50": -0.86083984375
    },
    "4.pt": {
        "1": -1.0107421875,
        "5": -0.95703125,
        "10": -0.63525390625,
        "25": -1.232421875,
        "50": -0.8349609375
    }
}