{
    "0.pt": {
        "1": 0.6943359375,
        "5": 0.0927734375,
        "10": -1.140625,
        "25": -0.456787109375,
        "50": -0.6640625
    },
    "1.pt": {
        "1": -0.3369140625,
        "5": -1.970703125,
        "10": -0.48583984375,
        "25": -1.2353515625,
        "50": -1.7021484375
    },
    "2.pt": {
        "1": -0.71875,
        "5": -1.1494140625,
        "10": -1.408203125,
        "25": -2.130859375,
        "50": -0.54931640625
    },
    "3.pt": {
        "1": -0.409423828125,
        "5": -0.04290771484375,
        "10": -1.080078125,
        "25": -0.73291015625,
        "50": -1.4228515625
    },
    "4.pt": {
        "1": -0.38671875,
        "5": -1.037109375,
        "10": -0.308837890625,
        "25": -0.85693359375,
        "50": -1.2470703125
    }
}