{
    "0.pt": {
        "1": -1.5517578125,
        "5": -2.265625,
        "10": -2.111328125,
        "25": -0.927734375,
        "50": -1.8037109375
    },
    "1.pt": {
        "1": -1.1181640625,
        "5": -0.58544921875,
        "10": -1.61328125,
        "25": -1.0322265625,
        "50": -0.693359375
    },
    "2.pt": {
        "1": -1.1376953125,
        "5": -0.64306640625,
        "10": -2.052734375,
        "25": -0.5556640625,
        "50": -0.43310546875
    },
    "3.pt": {
        "1": -0.390625,
        "5": -0.52587890625,
        "10": -0.7763671875,
        "25": -1.2802734375,
        "50": -0.454345703125
    },
    "4.pt": {
        "1": -0.80419921875,
        "5": -1.751953125,
        "10": -1.7744140625,
        "25": -0.285888671875,
        "50": -1.9736328125
    }
}