{
    "0.pt": {
        "1": -1.205078125,
        "5": -1.3203125,
        "10": -0.958984375,
        "25": -1.0087890625,
        "50": -0.861328125
    },
    "1.pt": {
        "1": -0.287109375,
        "5": -0.94482421875,
        "10": -0.2344970703125,
        "25": -0.029510498046875,
        "50": -0.76123046875
    },
    "2.pt": {
        "1": -0.8701171875,
        "5": -1.2939453125,
        "10": -0.11041259765625,
        "25": -0.92626953125,
        "50": -1.6953125
    },
    "3.pt": {
        "1": -1.486328125,
        "5": -1.7119140625,
        "10": -1.0185546875,
        "25": -0.152099609375,
        "50": -1.02734375
    },
    "4.pt": {
        "1": 0.017578125,
        "5": -0.08056640625,
        "10": -1.267578125,
        "25": 0.0517578125,
        "50": -0.433349609375
    }
}