{
    "0.pt": {
        "1": -1.201171875,
        "5": -1.3076171875,
        "10": -1.7880859375,
        "25": -1.3193359375,
        "50": -0.4375
    },
    "1.pt": {
        "1": -1.9990234375,
        "5": -0.2191162109375,
        "10": -0.51220703125,
        "25": -1.2705078125,
        "50": -0.8828125
    },
    "2.pt": {
        "1": -0.41064453125,
        "5": -0.394775390625,
        "10": -0.127685546875,
        "25": -0.95947265625,
        "50": -1.296875
    },
    "3.pt": {
        "1": -1.572265625,
        "5": -1.330078125,
        "10": -0.69580078125,
        "25": -0.55224609375,
        "50": -0.237548828125
    },
    "4.pt": {
        "1": -1.0888671875,
        "5": -2.15625,
        "10": -1.568359375,
        "25": -1.0234375,
        "50": -0.6611328125
    }
}