{
    "0.pt": {
        "1": -1.0458984375,
        "5": -1.375,
        "10": -0.036773681640625,
        "25": -1.53515625,
        "50": -0.54931640625
    },
    "1.pt": {
        "1": -1.50390625,
        "5": -1.6533203125,
        "10": -1.41015625,
        "25": -0.5458984375,
        "50": -1.087890625
    },
    "2.pt": {
        "1": -1.5283203125,
        "5": -1.185546875,
        "10": -0.82080078125,
        "25": -1.43359375,
        "50": -0.923828125
    },
    "3.pt": {
        "1": -1.7890625,
        "5": -0.9228515625,
        "10": -1.7275390625,
        "25": -0.76513671875,
        "50": -2.02734375
    },
    "4.pt": {
        "1": -1.1376953125,
        "5": -0.1446533203125,
        "10": -1.7900390625,
        "25": -1.724609375,
        "50": -2.025390625
    }
}