{
    "0.pt": {
        "1": -0.48046875,
        "5": -2.021484375,
        "10": -2.115234375,
        "25": -1.7451171875,
        "50": -1.009765625
    },
    "1.pt": {
        "1": 0.020050048828125,
        "5": -1.673828125,
        "10": -2.244140625,
        "25": -1.6572265625,
        "50": -1.126953125
    },
    "2.pt": {
        "1": -0.5458984375,
        "5": -1.4404296875,
        "10": -0.1634521484375,
        "25": 0.07080078125,
        "50": 0.0178680419921875
    },
    "3.pt": {
        "1": -1.3310546875,
        "5": -0.81884765625,
        "10": -1.7607421875,
        "25": -0.024688720703125,
        "50": -0.38720703125
    },
    "4.pt": {
        "1": -0.134521484375,
        "5": -1.21875,
        "10": -0.74951171875,
        "25": -2.345703125,
        "50": -1.556640625
    }
}