{
    "0.pt": {
        "1": -1.3193359375,
        "5": -0.499267578125,
        "10": -0.79638671875,
        "25": -1.13671875,
        "50": -1.318359375
    },
    "1.pt": {
        "1": -0.669921875,
        "5": -0.80810546875,
        "10": -0.71728515625,
        "25": -0.92724609375,
        "50": -1.5380859375
    },
    "2.pt": {
        "1": 0.35888671875,
        "5": -0.79736328125,
        "10": -0.6298828125,
        "25": -1.8759765625,
        "50": -0.806640625
    },
    "3.pt": {
        "1": -1.5830078125,
        "5": 0.131591796875,
        "10": -1.998046875,
        "25": -2.333984375,
        "50": 0.0279541015625
    },
    "4.pt": {
        "1": -1.578125,
        "5": -1.8837890625,
        "10": -1.6650390625,
        "25": -0.321044921875,
        "50": -0.83056640625
    }
}