{
    "0.pt": {
        "1": -1.5849609375,
        "5": -1.1103515625,
        "10": -0.9248046875,
        "25": -1.6484375,
        "50": -1.4150390625
    },
    "1.pt": {
        "1": -1.2509765625,
        "5": -1.3173828125,
        "10": 0.0258331298828125,
        "25": -1.322265625,
        "50": -1.453125
    },
    "2.pt": {
        "1": -0.36962890625,
        "5": -0.86279296875,
        "10": -1.2392578125,
        "25": -1.3994140625,
        "50": -1.4658203125
    },
    "3.pt": {
        "1": -1.12109375,
        "5": -1.3818359375,
        "10": -0.310302734375,
        "25": -1.205078125,
        "50": -0.004337310791015625
    },
    "4.pt": {
        "1": -1.1357421875,
        "5": 0.267578125,
        "10": -0.7734375,
        "25": -1.26171875,
        "50": -1.4423828125
    }
}