{
    "0.pt": {
        "1": -0.79150390625,
        "5": -1.15625,
        "10": -1.97265625,
        "25": -0.2469482421875,
        "50": -0.9111328125
    },
    "1.pt": {
        "1": -0.64404296875,
        "5": -0.755859375,
        "10": -1.7177734375,
        "25": -1.80859375,
        "50": -0.2476806640625
    },
    "2.pt": {
        "1": -0.89013671875,
        "5": -1.3134765625,
        "10": -1.1533203125,
        "25": -0.595703125,
        "50": 0.1990966796875
    },
    "3.pt": {
        "1": -0.56005859375,
        "5": -0.4638671875,
        "10": -1.3955078125,
        "25": -0.7021484375,
        "50": -0.55322265625
    },
    "4.pt": {
        "1": -1.4482421875,
        "5": 0.064208984375,
        "10": -0.1260986328125,
        "25": 0.0478515625,
        "50": -0.6884765625
    }
}