{
    "0.pt": {
        "1": 0.2076416015625,
        "5": 0.73681640625,
        "10": -0.06414794921875,
        "25": -0.2489013671875,
        "50": -0.74072265625
    },
    "1.pt": {
        "1": -0.86279296875,
        "5": -1.4248046875,
        "10": -0.900390625,
        "25": -1.6376953125,
        "50": -1.0107421875
    },
    "2.pt": {
        "1": -1.32421875,
        "5": -0.149169921875,
        "10": -1.662109375,
        "25": 0.10614013671875,
        "50": -0.26025390625
    },
    "3.pt": {
        "1": -0.0625,
        "5": -1.0615234375,
        "10": -1.3251953125,
        "25": -1.517578125,
        "50": -1.0634765625
    },
    "4.pt": {
        "1": -0.9521484375,
        "5": 0.006763458251953125,
        "10": 0.345458984375,
        "25": -1.86328125,
        "50": -0.87109375
    }
}