{
    "0.pt": {
        "1": -0.482421875,
        "5": -1.662109375,
        "10": -1.0185546875,
        "25": 0.1405029296875,
        "50": -1.3984375
    },
    "1.pt": {
        "1": -1.4833984375,
        "5": -0.85546875,
        "10": 0.03424072265625,
        "25": -1.23828125,
        "50": -0.1607666015625
    },
    "2.pt": {
        "1": -1.2119140625,
        "5": -0.40869140625,
        "10": -1.1669921875,
        "25": -1.4072265625,
        "50": -0.1434326171875
    },
    "3.pt": {
        "1": -1.1826171875,
        "5": -0.27294921875,
        "10": -1.71484375,
        "25": -0.72119140625,
        "50": -0.583984375
    },
    "4.pt": {
        "1": -1.4697265625,
        "5": -1.1796875,
        "10": -1.087890625,
        "25": -0.118896484375,
        "50": -1.1708984375
    }
}