{
    "0.pt": {
        "1": -1.609375,
        "5": -1.8125,
        "10": -1.220703125,
        "25": -0.25439453125,
        "50": -0.9970703125
    },
    "1.pt": {
        "1": -0.69580078125,
        "5": -1.9482421875,
        "10": -0.828125,
        "25": -1.640625,
        "50": 0.396484375
    },
    "2.pt": {
        "1": -0.7373046875,
        "5": 0.273681640625,
        "10": -1.2353515625,
        "25": -0.9033203125,
        "50": -0.99609375
    },
    "3.pt": {
        "1": -1.0615234375,
        "5": -0.90478515625,
        "10": -1.083984375,
        "25": -1.84375,
        "50": -1.287109375
    },
    "4.pt": {
        "1": -0.650390625,
        "5": -1.26953125,
        "10": -0.261474609375,
        "25": -1.744140625,
        "50": -0.54150390625
    }
}