{
    "0.pt": {
        "1": -0.08929443359375,
        "5": -0.50634765625,
        "10": -0.97216796875,
        "25": -1.6923828125,
        "50": -1.322265625
    },
    "1.pt": {
        "1": -1.455078125,
        "5": -1.154296875,
        "10": -1.4970703125,
        "25": 0.55126953125,
        "50": -1.3564453125
    },
    "2.pt": {
        "1": -0.0018100738525390625,
        "5": -1.1083984375,
        "10": -1.4580078125,
        "25": -1.296875,
        "50": 0.6171875
    },
    "3.pt": {
        "1": -0.814453125,
        "5": -1.7109375,
        "10": -0.90966796875,
        "25": -1.2822265625,
        "50": -1.541015625
    },
    "4.pt": {
        "1": -1.4208984375,
        "5": -1.5859375,
        "10": -1.7705078125,
        "25": -1.2412109375,
        "50": -0.1507568359375
    }
}