{
    "0.pt": {
        "1": -0.36572265625,
        "5": -0.15869140625,
        "10": -1.73046875,
        "25": -1.4150390625,
        "50": -1.3369140625
    },
    "1.pt": {
        "1": -0.317138671875,
        "5": -1.392578125,
        "10": -2.2265625,
        "25": -1.4716796875,
        "50": -0.60693359375
    },
    "2.pt": {
        "1": 0.12139892578125,
        "5": 0.060150146484375,
        "10": -1.5234375,
        "25": -0.6201171875,
        "50": -1.5966796875
    },
    "3.pt": {
        "1": -0.6943359375,
        "5": -0.2122802734375,
        "10": -1.841796875,
        "25": -1.119140625,
        "50": 0.0018634796142578125
    },
    "4.pt": {
        "1": -0.51025390625,
        "5": 0.1573486328125,
        "10": -0.1817626953125,
        "25": -1.1064453125,
        "50": -0.7041015625
    }
}