{
    "0.pt": {
        "1": -0.65966796875,
        "5": 0.15380859375,
        "10": -1.2314453125,
        "25": -1.5341796875,
        "50": -2.087890625
    },
    "1.pt": {
        "1": -0.58935546875,
        "5": -1.4296875,
        "10": -0.94873046875,
        "25": -0.94287109375,
        "50": -0.2222900390625
    },
    "2.pt": {
        "1": -1.5361328125,
        "5": -1.36328125,
        "10": -1.3662109375,
        "25": -1.4716796875,
        "50": -0.521484375
    },
    "3.pt": {
        "1": -0.253662109375,
        "5": -0.7216796875,
        "10": -0.9853515625,
        "25": -0.6474609375,
        "50": -1.9560546875
    },
    "4.pt": {
        "1": -0.72119140625,
        "5": -0.1549072265625,
        "10": -0.728515625,
        "25": -1.634765625,
        "50": -1.8095703125
    }
}