{
    "0.pt": {
        "1": -0.7080078125,
        "5": -0.447265625,
        "10": -1.14453125,
        "25": -1.2021484375,
        "50": -1.1611328125
    },
    "1.pt": {
        "1": -0.6416015625,
        "5": 0.07305908203125,
        "10": -0.755859375,
        "25": -2.04296875,
        "50": 0.005428314208984375
    },
    "2.pt": {
        "1": -0.378173828125,
        "5": -1.494140625,
        "10": -1.0986328125,
        "25": 0.102294921875,
        "50": -1.009765625
    },
    "3.pt": {
        "1": -1.0185546875,
        "5": -0.70703125,
        "10": -0.58349609375,
        "25": -1.0078125,
        "50": 1.3369140625
    },
    "4.pt": {
        "1": -1.28515625,
        "5": -1.0498046875,
        "10": -1.662109375,
        "25": -1.1875,
        "50": -1.8564453125
    }
}