{
    "0.pt": {
        "1": -0.404541015625,
        "5": -0.2144775390625,
        "10": -2.173828125,
        "25": -1.873046875,
        "50": -1.435546875
    },
    "1.pt": {
        "1": -0.400390625,
        "5": -0.1822509765625,
        "10": -1.2763671875,
        "25": -1.580078125,
        "50": -1.7861328125
    },
    "2.pt": {
        "1": -0.767578125,
        "5": -2.23828125,
        "10": -0.353515625,
        "25": -1.6943359375,
        "50": -1.1923828125
    },
    "3.pt": {
        "1": -0.53076171875,
        "5": -0.284423828125,
        "10": -0.99462890625,
        "25": -1.12890625,
        "50": -1.583984375
    },
    "4.pt": {
        "1": -0.8935546875,
        "5": -1.92578125,
        "10": -0.19287109375,
        "25": -1.1875,
        "50": -1.15234375
    }
}