{
    "0.pt": {
        "1": -0.64599609375,
        "5": -1.7822265625,
        "10": -1.2802734375,
        "25": -0.272216796875,
        "50": -1.1962890625
    },
    "1.pt": {
        "1": -0.60595703125,
        "5": -1.291015625,
        "10": -0.87060546875,
        "25": -1.275390625,
        "50": -0.9775390625
    },
    "2.pt": {
        "1": 0.07275390625,
        "5": -2.076171875,
        "10": -0.818359375,
        "25": -1.5341796875,
        "50": -0.9794921875
    },
    "3.pt": {
        "1": 0.41015625,
        "5": -0.76220703125,
        "10": -0.845703125,
        "25": -0.472412109375,
        "50": -1.4033203125
    },
    "4.pt": {
        "1": -1.3291015625,
        "5": -0.1337890625,
        "10": -2.005859375,
        "25": -0.2393798828125,
        "50": -1.01953125
    }
}