{
    "0.pt": {
        "1": -0.33935546875,
        "5": -2.138671875,
        "10": -0.7333984375,
        "25": -1.3955078125,
        "50": -1.5830078125
    },
    "1.pt": {
        "1": -0.1737060546875,
        "5": -2.12890625,
        "10": -1.751953125,
        "25": -0.5947265625,
        "50": 0.144775390625
    },
    "2.pt": {
        "1": -0.6796875,
        "5": -1.57421875,
        "10": -0.6318359375,
        "25": -1.5810546875,
        "50": -1.7998046875
    },
    "3.pt": {
        "1": -0.460205078125,
        "5": -1.4658203125,
        "10": -1.76171875,
        "25": 0.1552734375,
        "50": -1.6484375
    },
    "4.pt": {
        "1": -1.4697265625,
        "5": -0.77001953125,
        "10": -0.004421234130859375,
        "25": -1.7109375,
        "50": -1.5166015625
    }
}