{
    "0.pt": {
        "1": -1.1650390625,
        "5": -0.64892578125,
        "10": -0.9453125,
        "25": -1.431640625,
        "50": -0.379638671875
    },
    "1.pt": {
        "1": -0.34033203125,
        "5": -1.9140625,
        "10": -0.8251953125,
        "25": -1.517578125,
        "50": 0.40771484375
    },
    "2.pt": {
        "1": -1.7080078125,
        "5": -1.4306640625,
        "10": -1.2919921875,
        "25": -0.84521484375,
        "50": -0.16943359375
    },
    "3.pt": {
        "1": -1.6171875,
        "5": -0.9736328125,
        "10": -0.89892578125,
        "25": -1.7119140625,
        "50": -0.169189453125
    },
    "4.pt": {
        "1": -1.0263671875,
        "5": -2.0703125,
        "10": -1.3876953125,
        "25": -0.91015625,
        "50": -1.2177734375
    }
}