{
    "0.pt": {
        "1": -1.630859375,
        "5": -1.8837890625,
        "10": 0.294677734375,
        "25": -0.484619140625,
        "50": -1.1865234375
    },
    "1.pt": {
        "1": -0.481201171875,
        "5": -1.23828125,
        "10": -0.974609375,
        "25": -1.359375,
        "50": -0.1331787109375
    },
    "2.pt": {
        "1": -1.4052734375,
        "5": -1.3515625,
        "10": -1.9189453125,
        "25": -0.372314453125,
        "50": 0.023956298828125
    },
    "3.pt": {
        "1": -0.5234375,
        "5": -0.138671875,
        "10": -1.546875,
        "25": -0.73486328125,
        "50": -0.8662109375
    },
    "4.pt": {
        "1": -1.8076171875,
        "5": -1.1162109375,
        "10": -1.4833984375,
        "25": -0.401123046875,
        "50": -1.505859375
    }
}