{
    "0.pt": {
        "1": -0.42236328125,
        "5": 0.2364501953125,
        "10": -0.658203125,
        "25": -1.8583984375,
        "50": -1.2587890625
    },
    "1.pt": {
        "1": -1.7265625,
        "5": -0.067626953125,
        "10": -0.27978515625,
        "25": -0.34765625,
        "50": -1.3330078125
    },
    "2.pt": {
        "1": -1.625,
        "5": -1.33203125,
        "10": -0.994140625,
        "25": -1.47265625,
        "50": -0.7451171875
    },
    "3.pt": {
        "1": -0.595703125,
        "5": -1.56640625,
        "10": 0.18603515625,
        "25": -1.255859375,
        "50": -0.79052734375
    },
    "4.pt": {
        "1": -1.4326171875,
        "5": -0.50537109375,
        "10": 0.57763671875,
        "25": -0.7763671875,
        "50": -0.1356201171875
    }
}