{
    "0.pt": {
        "1": -1.505859375,
        "5": -0.69970703125,
        "10": -0.48193359375,
        "25": -1.13671875,
        "50": -1.3359375
    },
    "1.pt": {
        "1": -0.4365234375,
        "5": -1.359375,
        "10": -1.5556640625,
        "25": -1.990234375,
        "50": -0.275146484375
    },
    "2.pt": {
        "1": -0.5986328125,
        "5": -0.389404296875,
        "10": -2.212890625,
        "25": -0.58544921875,
        "50": -1.265625
    },
    "3.pt": {
        "1": -0.71142578125,
        "5": -0.348388671875,
        "10": -1.9736328125,
        "25": -0.5361328125,
        "50": 0.032623291015625
    },
    "4.pt": {
        "1": -0.546875,
        "5": -0.62353515625,
        "10": -1.767578125,
        "25": -1.056640625,
        "50": -0.8525390625
    }
}