{
    "0.pt": {
        "1": -0.98974609375,
        "5": 0.27392578125,
        "10": -1.416015625,
        "25": -0.65576171875,
        "50": -0.62109375
    },
    "1.pt": {
        "1": -1.0078125,
        "5": -1.203125,
        "10": -2.041015625,
        "25": -0.6103515625,
        "50": -1.9638671875
    },
    "2.pt": {
        "1": -1.6767578125,
        "5": -0.30126953125,
        "10": -0.576171875,
        "25": -1.4736328125,
        "50": -0.91943359375
    },
    "3.pt": {
        "1": -1.2861328125,
        "5": -1.6044921875,
        "10": -0.81591796875,
        "25": -0.5380859375,
        "50": -1.12890625
    },
    "4.pt": {
        "1": -1.32421875,
        "5": -0.99169921875,
        "10": -1.2431640625,
        "25": -1.2333984375,
        "50": -0.955078125
    }
}