{
    "0.pt": {
        "1": -1.4560546875,
        "5": -1.958984375,
        "10": -1.814453125,
        "25": 0.6689453125,
        "50": -0.58935546875
    },
    "1.pt": {
        "1": -1.0068359375,
        "5": -1.08984375,
        "10": -1.787109375,
        "25": -0.62451171875,
        "50": -0.1011962890625
    },
    "2.pt": {
        "1": -2.009765625,
        "5": -1.2880859375,
        "10": -1.580078125,
        "25": -1.32421875,
        "50": -1.2373046875
    },
    "3.pt": {
        "1": -0.3349609375,
        "5": -0.052276611328125,
        "10": -1.1474609375,
        "25": -0.720703125,
        "50": -0.311767578125
    },
    "4.pt": {
        "1": -1.2685546875,
        "5": -1.1103515625,
        "10": -2.1796875,
        "25": -1.40234375,
        "50": -0.05670166015625
    }
}