{
    "0.pt": {
        "1": -0.8447265625,
        "5": -1.771484375,
        "10": -1.3154296875,
        "25": -1.4482421875,
        "50": -0.951171875
    },
    "1.pt": {
        "1": -0.199951171875,
        "5": -1.6767578125,
        "10": -0.99072265625,
        "25": -1.5986328125,
        "50": -1.2705078125
    },
    "2.pt": {
        "1": -0.494873046875,
        "5": -0.97216796875,
        "10": -0.94384765625,
        "25": -1.0830078125,
        "50": -0.24755859375
    },
    "3.pt": {
        "1": -1.1640625,
        "5": -0.90380859375,
        "10": -0.64892578125,
        "25": -1.5224609375,
        "50": -1.5849609375
    },
    "4.pt": {
        "1": -1.4404296875,
        "5": -0.9375,
        "10": -0.75927734375,
        "25": 0.166748046875,
        "50": -1.4736328125
    }
}