{
    "0.pt": {
        "1": -1.203125,
        "5": -0.57080078125,
        "10": -1.5537109375,
        "25": -1.2548828125,
        "50": -0.41552734375
    },
    "1.pt": {
        "1": -1.896484375,
        "5": -0.947265625,
        "10": -0.29736328125,
        "25": -1.5849609375,
        "50": -1.0693359375
    },
    "2.pt": {
        "1": 0.1566162109375,
        "5": -1.2470703125,
        "10": -1.1005859375,
        "25": -0.27783203125,
        "50": -1.013671875
    },
    "3.pt": {
        "1": 0.1422119140625,
        "5": -1.1142578125,
        "10": -1.70703125,
        "25": 0.11761474609375,
        "50": -0.2744140625
    },
    "4.pt": {
        "1": -0.5322265625,
        "5": -1.4130859375,
        "10": 0.096923828125,
        "25": -0.95361328125,
        "50": -0.2998046875
    }
}