{
    "0.pt": {
        "1": -0.278076171875,
        "5": -1.25390625,
        "10": -1.2265625,
        "25": -0.39599609375,
        "50": -0.8359375
    },
    "1.pt": {
        "1": -0.225830078125,
        "5": -1.669921875,
        "10": -1.556640625,
        "25": -1.466796875,
        "50": -1.5166015625
    },
    "2.pt": {
        "1": -0.88720703125,
        "5": -0.90576171875,
        "10": -2.318359375,
        "25": -1.9267578125,
        "50": -1.1962890625
    },
    "3.pt": {
        "1": -1.5078125,
        "5": -0.7763671875,
        "10": -0.8701171875,
        "25": -1.529296875,
        "50": -1.87109375
    },
    "4.pt": {
        "1": -1.8134765625,
        "5": -0.8525390625,
        "10": -1.806640625,
        "25": -1.2060546875,
        "50": -0.020355224609375
    }
}