{
    "0.pt": {
        "1": -1.40234375,
        "5": -0.70849609375,
        "10": -0.76123046875,
        "25": -1.26171875,
        "50": -1.458984375
    },
    "1.pt": {
        "1": -0.290771484375,
        "5": -1.5556640625,
        "10": -1.3603515625,
        "25": -1.986328125,
        "50": -1.4541015625
    },
    "2.pt": {
        "1": -0.8046875,
        "5": -1.4091796875,
        "10": -1.43359375,
        "25": -1.98828125,
        "50": -1.1044921875
    },
    "3.pt": {
        "1": 0.419189453125,
        "5": -1.720703125,
        "10": -1.517578125,
        "25": -0.505859375,
        "50": -0.958984375
    },
    "4.pt": {
        "1": -1.3203125,
        "5": -1.33203125,
        "10": -1.7001953125,
        "25": -0.95751953125,
        "50": 0.075439453125
    }
}