{
    "0.pt": {
        "1": -0.34375,
        "5": -0.654296875,
        "10": -1.1865234375,
        "25": -0.349365234375,
        "50": -0.62451171875
    },
    "1.pt": {
        "1": -1.654296875,
        "5": -1.3115234375,
        "10": -1.5498046875,
        "25": -1.69140625,
        "50": -0.345947265625
    },
    "2.pt": {
        "1": -0.03131103515625,
        "5": -1.4111328125,
        "10": -0.3291015625,
        "25": -0.396484375,
        "50": -1.5859375
    },
    "3.pt": {
        "1": -0.443115234375,
        "5": -2.099609375,
        "10": -0.85595703125,
        "25": -1.3193359375,
        "50": -0.263427734375
    },
    "4.pt": {
        "1": -0.273681640625,
        "5": -0.97802734375,
        "10": 0.031097412109375,
        "25": -0.1337890625,
        "50": -1.31640625
    }
}