{
    "0.pt": {
        "1": -1.6484375,
        "5": -0.673828125,
        "10": -0.262939453125,
        "25": -0.81982421875,
        "50": -0.572265625
    },
    "1.pt": {
        "1": -0.88134765625,
        "5": -1.1279296875,
        "10": -0.60888671875,
        "25": -0.66357421875,
        "50": -0.452880859375
    },
    "2.pt": {
        "1": -1.41796875,
        "5": -0.499755859375,
        "10": -1.5771484375,
        "25": -1.4091796875,
        "50": -1.6220703125
    },
    "3.pt": {
        "1": -1.3896484375,
        "5": -1.1669921875,
        "10": -1.05859375,
        "25": -0.986328125,
        "50": -0.84716796875
    },
    "4.pt": {
        "1": -0.292724609375,
        "5": -1.6318359375,
        "10": -1.9755859375,
        "25": -1.4345703125,
        "50": -0.0804443359375
    }
}