{
    "0.pt": {
        "1": -1.6943359375,
        "5": -1.365234375,
        "10": -2.03125,
        "25": -0.97705078125,
        "50": -2.06640625
    },
    "1.pt": {
        "1": 0.0325927734375,
        "5": -0.388427734375,
        "10": -0.9677734375,
        "25": -0.238037109375,
        "50": -1.25390625
    },
    "2.pt": {
        "1": -0.8291015625,
        "5": -0.059326171875,
        "10": -1.087890625,
        "25": -0.95751953125,
        "50": -0.8154296875
    },
    "3.pt": {
        "1": -0.258056640625,
        "5": -1.32421875,
        "10": -1.41796875,
        "25": -0.7451171875,
        "50": -0.94482421875
    },
    "4.pt": {
        "1": 0.5400390625,
        "5": -1.681640625,
        "10": -0.37646484375,
        "25": -0.2568359375,
        "50": -0.30712890625
    }
}