{
    "0.pt": {
        "1": -1.662109375,
        "5": -1.314453125,
        "10": 0.284912109375,
        "25": -1.3544921875,
        "50": 0.59814453125
    },
    "1.pt": {
        "1": -0.0146484375,
        "5": -0.91748046875,
        "10": -0.66796875,
        "25": -0.482421875,
        "50": -1.736328125
    },
    "2.pt": {
        "1": -0.2078857421875,
        "5": -0.8916015625,
        "10": 0.160400390625,
        "25": -1.3251953125,
        "50": -0.8583984375
    },
    "3.pt": {
        "1": -1.595703125,
        "5": -1.4501953125,
        "10": 0.9189453125,
        "25": -0.7587890625,
        "50": -0.85400390625
    },
    "4.pt": {
        "1": -0.99951171875,
        "5": -1.7099609375,
        "10": -0.1541748046875,
        "25": -1.9091796875,
        "50": -1.5556640625
    }
}