{
    "0.pt": {
        "1": -1.4033203125,
        "5": -1.30078125,
        "10": -1.0068359375,
        "25": -0.8779296875,
        "50": -1.458984375
    },
    "1.pt": {
        "1": -1.7060546875,
        "5": 0.3330078125,
        "10": -0.268310546875,
        "25": -1.9892578125,
        "50": -0.1107177734375
    },
    "2.pt": {
        "1": -0.458740234375,
        "5": -1.5068359375,
        "10": -0.5244140625,
        "25": -1.359375,
        "50": -1.666015625
    },
    "3.pt": {
        "1": -0.333251953125,
        "5": -1.6064453125,
        "10": -1.853515625,
        "25": -0.495849609375,
        "50": -1.2001953125
    },
    "4.pt": {
        "1": -1.9931640625,
        "5": -1.1806640625,
        "10": -0.6494140625,
        "25": -1.671875,
        "50": -1.904296875
    }
}