{
    "0.pt": {
        "1": -0.96435546875,
        "5": -0.321044921875,
        "10": -1.6220703125,
        "25": -0.407958984375,
        "50": -1.7685546875
    },
    "1.pt": {
        "1": -0.81201171875,
        "5": -0.138916015625,
        "10": -1.033203125,
        "25": -1.294921875,
        "50": -0.1717529296875
    },
    "2.pt": {
        "1": -0.62353515625,
        "5": -1.5751953125,
        "10": -1.0166015625,
        "25": -0.1978759765625,
        "50": -0.5205078125
    },
    "3.pt": {
        "1": -1.5693359375,
        "5": -0.67431640625,
        "10": -1.46875,
        "25": -1.2822265625,
        "50": -0.88330078125
    },
    "4.pt": {
        "1": -1.255859375,
        "5": 0.133544921875,
        "10": -1.671875,
        "25": 0.09619140625,
        "50": 0.82275390625
    }
}