{
    "0.pt": {
        "1": -0.91015625,
        "5": -1.822265625,
        "10": -1.0556640625,
        "25": -2.041015625,
        "50": -0.1888427734375
    },
    "1.pt": {
        "1": -0.580078125,
        "5": -0.96875,
        "10": -0.4140625,
        "25": 0.40185546875,
        "50": -1.744140625
    },
    "2.pt": {
        "1": -2.232421875,
        "5": -1.47265625,
        "10": -1.8076171875,
        "25": -0.0958251953125,
        "50": -1.705078125
    },
    "3.pt": {
        "1": -0.9384765625,
        "5": -1.439453125,
        "10": -1.568359375,
        "25": -1.962890625,
        "50": 0.11529541015625
    },
    "4.pt": {
        "1": -1.8623046875,
        "5": -0.3037109375,
        "10": -1.1259765625,
        "25": -2.4140625,
        "50": -1.0087890625
    }
}