{
    "0.pt": {
        "1": -0.0888671875,
        "5": -0.075439453125,
        "10": -0.5830078125,
        "25": -0.7392578125,
        "50": -1.6865234375
    },
    "1.pt": {
        "1": -1.498046875,
        "5": -0.137939453125,
        "10": -0.7705078125,
        "25": -1.7041015625,
        "50": -1.8662109375
    },
    "2.pt": {
        "1": -0.213134765625,
        "5": -1.1298828125,
        "10": -0.369384765625,
        "25": -1.6787109375,
        "50": 0.040374755859375
    },
    "3.pt": {
        "1": -1.4609375,
        "5": -0.94091796875,
        "10": 0.10723876953125,
        "25": -1.7529296875,
        "50": -0.40234375
    },
    "4.pt": {
        "1": -1.8076171875,
        "5": -1.9384765625,
        "10": -0.92236328125,
        "25": -1.6572265625,
        "50": -0.57763671875
    }
}