{
    "0.pt": {
        "1": 0.4013671875,
        "5": -0.76318359375,
        "10": -1.45703125,
        "25": -1.7470703125,
        "50": -0.720703125
    },
    "1.pt": {
        "1": -0.73681640625,
        "5": -1.8759765625,
        "10": -0.1998291015625,
        "25": -1.6484375,
        "50": -0.56689453125
    },
    "2.pt": {
        "1": -1.7216796875,
        "5": -1.525390625,
        "10": -0.8525390625,
        "25": -1.6005859375,
        "50": -0.0894775390625
    },
    "3.pt": {
        "1": -1.98046875,
        "5": -0.2069091796875,
        "10": -0.60791015625,
        "25": -1.541015625,
        "50": -1.3427734375
    },
    "4.pt": {
        "1": -0.477783203125,
        "5": -1.2763671875,
        "10": -1.271484375,
        "25": -1.751953125,
        "50": -1.75390625
    }
}