{
    "0.pt": {
        "1": -0.61181640625,
        "5": -0.1749267578125,
        "10": -0.433837890625,
        "25": -0.377685546875,
        "50": -0.306396484375
    },
    "1.pt": {
        "1": -0.640625,
        "5": -0.40625,
        "10": -0.53857421875,
        "25": -0.363037109375,
        "50": -1.091796875
    },
    "2.pt": {
        "1": -1.6015625,
        "5": -0.7431640625,
        "10": -0.4189453125,
        "25": -0.66455078125,
        "50": -1.357421875
    },
    "3.pt": {
        "1": -1.7451171875,
        "5": -1.091796875,
        "10": -1.08203125,
        "25": -1.4130859375,
        "50": -0.23291015625
    },
    "4.pt": {
        "1": -0.4033203125,
        "5": -0.5810546875,
        "10": -2.064453125,
        "25": -1.2099609375,
        "50": -0.2359619140625
    }
}