{
    "0.pt": {
        "1": -0.93896484375,
        "5": -0.58154296875,
        "10": -1.474609375,
        "25": -1.2353515625,
        "50": -0.266845703125
    },
    "1.pt": {
        "1": -1.0400390625,
        "5": -1.7646484375,
        "10": -2.0625,
        "25": -0.477294921875,
        "50": -1.6533203125
    },
    "2.pt": {
        "1": -0.59228515625,
        "5": -0.66650390625,
        "10": -1.240234375,
        "25": -0.81005859375,
        "50": -1.609375
    },
    "3.pt": {
        "1": -0.873046875,
        "5": -1.1279296875,
        "10": -0.90771484375,
        "25": -0.253662109375,
        "50": -1.2119140625
    },
    "4.pt": {
        "1": -0.326416015625,
        "5": -1.904296875,
        "10": -1.08203125,
        "25": -1.4638671875,
        "50": -0.69873046875
    }
}