{
    "0.pt": {
        "1": -0.68408203125,
        "5": -1.8720703125,
        "10": 0.254638671875,
        "25": -2.0546875,
        "50": -0.0911865234375
    },
    "1.pt": {
        "1": -0.269287109375,
        "5": -0.65283203125,
        "10": 0.29638671875,
        "25": -1.6748046875,
        "50": -1.7158203125
    },
    "2.pt": {
        "1": -1.6416015625,
        "5": -1.68359375,
        "10": -0.1527099609375,
        "25": 0.140625,
        "50": -1.9111328125
    },
    "3.pt": {
        "1": -1.1240234375,
        "5": -1.3603515625,
        "10": 0.05145263671875,
        "25": -1.869140625,
        "50": -1.005859375
    },
    "4.pt": {
        "1": -1.61328125,
        "5": -2.220703125,
        "10": -0.1558837890625,
        "25": -0.12744140625,
        "50": -1.21875
    }
}