{
    "0.pt": {
        "1": -0.91650390625,
        "5": -0.576171875,
        "10": -1.494140625,
        "25": -0.79931640625,
        "50": -0.8271484375
    },
    "1.pt": {
        "1": -0.341064453125,
        "5": -1.7021484375,
        "10": -0.077880859375,
        "25": -0.3955078125,
        "50": -1.240234375
    },
    "2.pt": {
        "1": -0.6796875,
        "5": -1.8095703125,
        "10": -0.986328125,
        "25": -1.1904296875,
        "50": -2.091796875
    },
    "3.pt": {
        "1": -0.720703125,
        "5": -0.93408203125,
        "10": -0.857421875,
        "25": -2.275390625,
        "50": -0.62646484375
    },
    "4.pt": {
        "1": -0.67822265625,
        "5": -1.1025390625,
        "10": -1.494140625,
        "25": -1.009765625,
        "50": -1.7880859375
    }
}