{
    "0.pt": {
        "1": -0.4765625,
        "5": -1.81640625,
        "10": -1.0751953125,
        "25": -0.36962890625,
        "50": -0.0177154541015625
    },
    "1.pt": {
        "1": -1.1435546875,
        "5": -0.346435546875,
        "10": -1.212890625,
        "25": -0.88134765625,
        "50": -1.03125
    },
    "2.pt": {
        "1": -0.109375,
        "5": -1.0615234375,
        "10": -1.6611328125,
        "25": -0.66552734375,
        "50": -1.337890625
    },
    "3.pt": {
        "1": -0.6923828125,
        "5": -0.163818359375,
        "10": -1.3173828125,
        "25": -1.734375,
        "50": -0.603515625
    },
    "4.pt": {
        "1": -1.44140625,
        "5": -1.166015625,
        "10": -1.322265625,
        "25": -1.779296875,
        "50": -1.169921875
    }
}