{
    "0.pt": {
        "1": -1.0478515625,
        "5": -1.5732421875,
        "10": -1.6982421875,
        "25": -1.3037109375,
        "50": -1.2841796875
    },
    "1.pt": {
        "1": -1.5302734375,
        "5": -0.642578125,
        "10": -0.3759765625,
        "25": -1.3623046875,
        "50": -1.2548828125
    },
    "2.pt": {
        "1": -1.56640625,
        "5": -0.365966796875,
        "10": -0.1845703125,
        "25": -0.46533203125,
        "50": -0.91650390625
    },
    "3.pt": {
        "1": -0.427490234375,
        "5": -1.0771484375,
        "10": -0.5712890625,
        "25": -1.0732421875,
        "50": -0.98486328125
    },
    "4.pt": {
        "1": 0.0252227783203125,
        "5": -0.65283203125,
        "10": -0.5732421875,
        "25": -0.72705078125,
        "50": -0.8408203125
    }
}