{
    "0.pt": {
        "1": 0.24072265625,
        "5": -0.9599609375,
        "10": 0.305908203125,
        "25": -2.056640625,
        "50": -1.0166015625
    },
    "1.pt": {
        "1": -1.046875,
        "5": -0.6484375,
        "10": -1.20703125,
        "25": -0.96484375,
        "50": -1.390625
    },
    "2.pt": {
        "1": -0.2431640625,
        "5": -1.40625,
        "10": -1.0986328125,
        "25": -1.15234375,
        "50": -0.2578125
    },
    "3.pt": {
        "1": -2.173828125,
        "5": -0.671875,
        "10": -0.990234375,
        "25": -0.1607666015625,
        "50": -1.23046875
    },
    "4.pt": {
        "1": -1.3798828125,
        "5": -0.98095703125,
        "10": -1.1474609375,
        "25": -0.1575927734375,
        "50": -0.4873046875
    }
}