{
    "0.pt": {
        "1": -0.405029296875,
        "5": -1.3310546875,
        "10": -1.5302734375,
        "25": -0.08526611328125,
        "50": -0.88720703125
    },
    "1.pt": {
        "1": -2.3984375,
        "5": -1.4775390625,
        "10": -0.7919921875,
        "25": -1.2578125,
        "50": -0.189208984375
    },
    "2.pt": {
        "1": -1.4990234375,
        "5": -2.26953125,
        "10": 0.2578125,
        "25": -0.93701171875,
        "50": -0.00638580322265625
    },
    "3.pt": {
        "1": -1.37109375,
        "5": -1.3330078125,
        "10": -0.7626953125,
        "25": -1.16015625,
        "50": -1.654296875
    },
    "4.pt": {
        "1": 0.552734375,
        "5": -1.32421875,
        "10": -0.039703369140625,
        "25": -0.1678466796875,
        "50": -1.255859375
    }
}