{
    "0.pt": {
        "1": -0.6357421875,
        "5": -2.130859375,
        "10": -1.8076171875,
        "25": 0.24462890625,
        "50": -2.00390625
    },
    "1.pt": {
        "1": -0.66162109375,
        "5": -0.94873046875,
        "10": -1.828125,
        "25": -0.3291015625,
        "50": -1.75390625
    },
    "2.pt": {
        "1": -1.650390625,
        "5": -2.00390625,
        "10": -1.1005859375,
        "25": -1.7080078125,
        "50": -1.451171875
    },
    "3.pt": {
        "1": -0.931640625,
        "5": -0.505859375,
        "10": -2.32421875,
        "25": -0.388916015625,
        "50": -1.3095703125
    },
    "4.pt": {
        "1": -1.2412109375,
        "5": -0.72705078125,
        "10": -2.103515625,
        "25": -1.22265625,
        "50": -0.7314453125
    }
}