{
    "0.pt": {
        "1": -0.8603515625,
        "5": -0.2427978515625,
        "10": -1.2470703125,
        "25": -0.693359375,
        "50": -1.39453125
    },
    "1.pt": {
        "1": -0.40576171875,
        "5": -0.180419921875,
        "10": -0.830078125,
        "25": -1.41015625,
        "50": -1.1787109375
    },
    "2.pt": {
        "1": -1.4970703125,
        "5": -1.1669921875,
        "10": -1.5146484375,
        "25": -1.4189453125,
        "50": -0.93017578125
    },
    "3.pt": {
        "1": -0.8740234375,
        "5": -0.50244140625,
        "10": -0.27587890625,
        "25": -2.73046875,
        "50": 0.23486328125
    },
    "4.pt": {
        "1": -1.744140625,
        "5": 0.115966796875,
        "10": -0.69873046875,
        "25": -1.763671875,
        "50": -0.52197265625
    }
}