{
    "0.pt": {
        "1": -1.7158203125,
        "5": -1.8994140625,
        "10": -0.66748046875,
        "25": -1.818359375,
        "50": -0.342041015625
    },
    "1.pt": {
        "1": -0.693359375,
        "5": -0.1812744140625,
        "10": -1.873046875,
        "25": -1.728515625,
        "50": 0.51611328125
    },
    "2.pt": {
        "1": -0.422119140625,
        "5": -2.01953125,
        "10": -0.783203125,
        "25": -1.6044921875,
        "50": -1.529296875
    },
    "3.pt": {
        "1": -1.095703125,
        "5": -1.0029296875,
        "10": -0.759765625,
        "25": -0.062225341796875,
        "50": -0.58740234375
    },
    "4.pt": {
        "1": -0.409912109375,
        "5": -2.134765625,
        "10": -1.958984375,
        "25": 0.13720703125,
        "50": -1.01953125
    }
}