{
    "0.pt": {
        "1": -0.9833984375,
        "5": 0.50439453125,
        "10": -1.8974609375,
        "25": -1.55859375,
        "50": -1.806640625
    },
    "1.pt": {
        "1": -0.97705078125,
        "5": -1.1103515625,
        "10": 0.022857666015625,
        "25": -1.5751953125,
        "50": 0.1337890625
    },
    "2.pt": {
        "1": -1.009765625,
        "5": -0.8408203125,
        "10": -0.95849609375,
        "25": -1.966796875,
        "50": -1.3125
    },
    "3.pt": {
        "1": -0.60205078125,
        "5": -0.1273193359375,
        "10": -1.716796875,
        "25": -1.763671875,
        "50": -0.64892578125
    },
    "4.pt": {
        "1": -0.180419921875,
        "5": 0.266357421875,
        "10": -1.751953125,
        "25": -2.033203125,
        "50": 0.0914306640625
    }
}