{
    "0.pt": {
        "1": -1.4443359375,
        "5": -0.155029296875,
        "10": -1.8798828125,
        "25": -2.0859375,
        "50": -1.01171875
    },
    "1.pt": {
        "1": -0.66552734375,
        "5": -1.462890625,
        "10": -0.91748046875,
        "25": -0.8154296875,
        "50": -1.4677734375
    },
    "2.pt": {
        "1": -1.6064453125,
        "5": -0.5361328125,
        "10": -0.25927734375,
        "25": -0.71533203125,
        "50": -1.7724609375
    },
    "3.pt": {
        "1": -2.32421875,
        "5": 0.1591796875,
        "10": -1.4833984375,
        "25": -1.5947265625,
        "50": -1.0595703125
    },
    "4.pt": {
        "1": -0.88671875,
        "5": -0.404541015625,
        "10": -1.32421875,
        "25": -0.2734375,
        "50": -0.7177734375
    }
}