{
    "0.pt": {
        "1": -0.9931640625,
        "5": -0.39892578125,
        "10": -1.560546875,
        "25": -0.75439453125,
        "50": 0.03985595703125
    },
    "1.pt": {
        "1": 0.56494140625,
        "5": -1.11328125,
        "10": -1.603515625,
        "25": -1.337890625,
        "50": -0.5849609375
    },
    "2.pt": {
        "1": -1.4033203125,
        "5": -1.7685546875,
        "10": -1.189453125,
        "25": 0.006664276123046875,
        "50": -0.8056640625
    },
    "3.pt": {
        "1": -0.59912109375,
        "5": -1.140625,
        "10": -1.63671875,
        "25": -0.334716796875,
        "50": -0.87255859375
    },
    "4.pt": {
        "1": -0.1533203125,
        "5": -1.3330078125,
        "10": -0.35205078125,
        "25": -1.8232421875,
        "50": -0.58642578125
    }
}