{
    "0.pt": {
        "1": -0.9208984375,
        "5": -0.59033203125,
        "10": -0.7900390625,
        "25": -1.759765625,
        "50": -0.740234375
    },
    "1.pt": {
        "1": -0.4697265625,
        "5": -1.51953125,
        "10": -0.289306640625,
        "25": -1.5849609375,
        "50": -1.3671875
    },
    "2.pt": {
        "1": -0.8759765625,
        "5": -1.41796875,
        "10": -1.1435546875,
        "25": -0.0019273757934570312,
        "50": -0.1668701171875
    },
    "3.pt": {
        "1": -1.8173828125,
        "5": 0.08465576171875,
        "10": -1.228515625,
        "25": -1.4638671875,
        "50": -1.2958984375
    },
    "4.pt": {
        "1": -1.5595703125,
        "5": -1.1767578125,
        "10": -1.8759765625,
        "25": 0.05780029296875,
        "50": -0.1796875
    }
}