{
    "0.pt": {
        "1": -0.91845703125,
        "5": -0.95068359375,
        "10": -1.162109375,
        "25": -1.7236328125,
        "50": -0.666015625
    },
    "1.pt": {
        "1": -0.78955078125,
        "5": -1.12109375,
        "10": 0.09454345703125,
        "25": -1.6142578125,
        "50": -0.004215240478515625
    },
    "2.pt": {
        "1": -1.03515625,
        "5": -0.74853515625,
        "10": -0.9638671875,
        "25": -1.27734375,
        "50": -0.7783203125
    },
    "3.pt": {
        "1": -1.17578125,
        "5": -1.244140625,
        "10": -2.03515625,
        "25": -1.748046875,
        "50": -1.16015625
    },
    "4.pt": {
        "1": -0.376220703125,
        "5": -0.396728515625,
        "10": -0.307861328125,
        "25": -0.30615234375,
        "50": -1.0068359375
    }
}