{
    "0.pt": {
        "1": -0.95654296875,
        "5": -1.33203125,
        "10": 0.9599609375,
        "25": -1.638671875,
        "50": -0.8798828125
    },
    "1.pt": {
        "1": -1.96484375,
        "5": -1.5546875,
        "10": -0.63427734375,
        "25": -2.0,
        "50": 0.10888671875
    },
    "2.pt": {
        "1": -0.366943359375,
        "5": -1.177734375,
        "10": -1.7783203125,
        "25": -1.869140625,
        "50": -1.38671875
    },
    "3.pt": {
        "1": -0.86767578125,
        "5": -1.640625,
        "10": -1.4609375,
        "25": -1.794921875,
        "50": -0.83349609375
    },
    "4.pt": {
        "1": -2.1640625,
        "5": -0.5224609375,
        "10": -1.45703125,
        "25": -0.455322265625,
        "50": -0.57373046875
    }
}