{
    "0.pt": {
        "1": -1.3193359375,
        "5": -0.385498046875,
        "10": -0.87548828125,
        "25": -1.060546875,
        "50": -0.80419921875
    },
    "1.pt": {
        "1": -0.257080078125,
        "5": -0.65625,
        "10": -1.224609375,
        "25": -0.65576171875,
        "50": -1.5087890625
    },
    "2.pt": {
        "1": -1.873046875,
        "5": -1.15625,
        "10": -1.1298828125,
        "25": -1.5068359375,
        "50": -0.802734375
    },
    "3.pt": {
        "1": -0.0718994140625,
        "5": -1.2998046875,
        "10": -0.278076171875,
        "25": -1.6318359375,
        "50": -0.87646484375
    },
    "4.pt": {
        "1": -0.92919921875,
        "5": -0.74609375,
        "10": -1.0625,
        "25": -0.6826171875,
        "50": -1.3916015625
    }
}