{
    "0.pt": {
        "1": -0.1434326171875,
        "5": -1.92578125,
        "10": -1.4462890625,
        "25": -1.6416015625,
        "50": -1.8583984375
    },
    "1.pt": {
        "1": -1.51171875,
        "5": -0.96240234375,
        "10": 0.24072265625,
        "25": -0.7587890625,
        "50": -1.3818359375
    },
    "2.pt": {
        "1": -1.2880859375,
        "5": -1.193359375,
        "10": -0.216796875,
        "25": -1.10546875,
        "50": -0.77783203125
    },
    "3.pt": {
        "1": -0.802734375,
        "5": -0.54052734375,
        "10": -1.10546875,
        "25": -1.173828125,
        "50": -1.021484375
    },
    "4.pt": {
        "1": -1.4443359375,
        "5": -1.095703125,
        "10": -0.9072265625,
        "25": -0.1517333984375,
        "50": -2.240234375
    }
}