{
    "0.pt": {
        "1": -1.4736328125,
        "5": -1.6162109375,
        "10": -0.2476806640625,
        "25": -1.9951171875,
        "50": -1.7294921875
    },
    "1.pt": {
        "1": 0.060791015625,
        "5": -1.36328125,
        "10": -1.3994140625,
        "25": -1.1923828125,
        "50": -0.1297607421875
    },
    "2.pt": {
        "1": -0.4306640625,
        "5": -0.259765625,
        "10": -0.34375,
        "25": -1.8974609375,
        "50": -0.42333984375
    },
    "3.pt": {
        "1": -1.978515625,
        "5": -0.9775390625,
        "10": -0.86083984375,
        "25": -0.3662109375,
        "50": -0.88720703125
    },
    "4.pt": {
        "1": -1.2197265625,
        "5": -1.0439453125,
        "10": -0.79736328125,
        "25": -1.4296875,
        "50": -1.072265625
    }
}