{
    "0.pt": {
        "1": -0.1300048828125,
        "5": -1.82421875,
        "10": -1.9716796875,
        "25": -1.03515625,
        "50": -0.9404296875
    },
    "1.pt": {
        "1": 0.4775390625,
        "5": -0.810546875,
        "10": -2.02734375,
        "25": -0.69189453125,
        "50": -0.556640625
    },
    "2.pt": {
        "1": -1.4326171875,
        "5": -0.310546875,
        "10": -1.3974609375,
        "25": -0.03857421875,
        "50": -2.05078125
    },
    "3.pt": {
        "1": -1.71875,
        "5": -0.802734375,
        "10": -0.97998046875,
        "25": -2.1875,
        "50": -1.265625
    },
    "4.pt": {
        "1": -0.94189453125,
        "5": -1.8603515625,
        "10": -0.2073974609375,
        "25": -1.3935546875,
        "50": -1.236328125
    }
}