{
    "0.pt": {
        "1": -0.80615234375,
        "5": -1.1025390625,
        "10": -0.68212890625,
        "25": -0.38623046875,
        "50": -0.826171875
    },
    "1.pt": {
        "1": -0.492919921875,
        "5": -0.448486328125,
        "10": -1.3330078125,
        "25": -1.1826171875,
        "50": -2.3828125
    },
    "2.pt": {
        "1": -1.1962890625,
        "5": -0.091552734375,
        "10": -1.927734375,
        "25": -1.1669921875,
        "50": -0.58203125
    },
    "3.pt": {
        "1": -0.79541015625,
        "5": -0.349609375,
        "10": -1.2470703125,
        "25": -1.2177734375,
        "50": -0.261962890625
    },
    "4.pt": {
        "1": -2.01953125,
        "5": -1.306640625,
        "10": -0.572265625,
        "25": -0.47998046875,
        "50": -0.453125
    }
}