{
    "0.pt": {
        "1": -0.61962890625,
        "5": -0.60009765625,
        "10": 0.062744140625,
        "25": -1.041015625,
        "50": 0.151123046875
    },
    "1.pt": {
        "1": -0.024200439453125,
        "5": -1.2001953125,
        "10": -0.61865234375,
        "25": -0.45068359375,
        "50": -1.7373046875
    },
    "2.pt": {
        "1": -0.556640625,
        "5": -0.9306640625,
        "10": -0.357666015625,
        "25": -0.270751953125,
        "50": -1.4833984375
    },
    "3.pt": {
        "1": -0.3017578125,
        "5": -1.3193359375,
        "10": -1.63671875,
        "25": -0.7119140625,
        "50": -1.8173828125
    },
    "4.pt": {
        "1": -0.442138671875,
        "5": -1.6240234375,
        "10": 0.2392578125,
        "25": -1.5302734375,
        "50": -1.48046875
    }
}