{
    "0.pt": {
        "1": -0.02532958984375,
        "5": -0.17236328125,
        "10": -1.9033203125,
        "25": -0.1700439453125,
        "50": -0.7724609375
    },
    "1.pt": {
        "1": 0.1866455078125,
        "5": -1.0908203125,
        "10": -1.1328125,
        "25": -1.330078125,
        "50": -0.666015625
    },
    "2.pt": {
        "1": -0.869140625,
        "5": -0.1441650390625,
        "10": -0.362548828125,
        "25": -0.9912109375,
        "50": -0.362548828125
    },
    "3.pt": {
        "1": -0.16796875,
        "5": -0.09539794921875,
        "10": -1.6982421875,
        "25": -0.411376953125,
        "50": -0.37353515625
    },
    "4.pt": {
        "1": -0.50537109375,
        "5": -0.82275390625,
        "10": -1.4111328125,
        "25": -1.8447265625,
        "50": -1.53125
    }
}