{
    "0.pt": {
        "1": -1.095703125,
        "5": 0.2509765625,
        "10": -1.7626953125,
        "25": -1.4853515625,
        "50": -0.97216796875
    },
    "1.pt": {
        "1": -0.10931396484375,
        "5": -0.92236328125,
        "10": -0.90771484375,
        "25": -0.9189453125,
        "50": -0.01534271240234375
    },
    "2.pt": {
        "1": -1.703125,
        "5": -0.398681640625,
        "10": -0.50390625,
        "25": -1.166015625,
        "50": -0.60107421875
    },
    "3.pt": {
        "1": -1.2001953125,
        "5": -0.29736328125,
        "10": -1.0400390625,
        "25": -0.69775390625,
        "50": 0.297119140625
    },
    "4.pt": {
        "1": -0.51708984375,
        "5": -1.0009765625,
        "10": -0.767578125,
        "25": 0.1260986328125,
        "50": -1.1103515625
    }
}