{
    "0.pt": {
        "1": -0.006298065185546875,
        "5": -1.5380859375,
        "10": -0.515625,
        "25": 0.395263671875,
        "50": -0.38916015625
    },
    "1.pt": {
        "1": -1.3896484375,
        "5": -1.0498046875,
        "10": -1.6337890625,
        "25": -0.1148681640625,
        "50": -1.169921875
    },
    "2.pt": {
        "1": -1.404296875,
        "5": -0.192138671875,
        "10": -1.11328125,
        "25": -1.5361328125,
        "50": -0.401123046875
    },
    "3.pt": {
        "1": -1.6767578125,
        "5": -0.1949462890625,
        "10": -0.23583984375,
        "25": -1.71484375,
        "50": -0.52587890625
    },
    "4.pt": {
        "1": -0.97900390625,
        "5": 0.35888671875,
        "10": -0.98193359375,
        "25": -0.62109375,
        "50": 0.006443023681640625
    }
}