{
    "0.pt": {
        "1": -1.951171875,
        "5": -0.2802734375,
        "10": -1.79296875,
        "25": -1.435546875,
        "50": -1.1376953125
    },
    "1.pt": {
        "1": -1.0791015625,
        "5": -0.52685546875,
        "10": -1.54296875,
        "25": -0.8671875,
        "50": 0.131591796875
    },
    "2.pt": {
        "1": -0.3466796875,
        "5": -0.2454833984375,
        "10": -0.51806640625,
        "25": -1.619140625,
        "50": -1.12109375
    },
    "3.pt": {
        "1": -0.548828125,
        "5": -2.294921875,
        "10": -0.83984375,
        "25": 0.0021610260009765625,
        "50": -1.5185546875
    },
    "4.pt": {
        "1": -1.5185546875,
        "5": -1.7138671875,
        "10": -1.1484375,
        "25": -1.0068359375,
        "50": -0.340576171875
    }
}