{
    "0.pt": {
        "1": -1.416015625,
        "5": -0.90771484375,
        "10": -0.314208984375,
        "25": -1.3759765625,
        "50": -1.66796875
    },
    "1.pt": {
        "1": -0.65185546875,
        "5": -1.1728515625,
        "10": -0.91064453125,
        "25": -0.03350830078125,
        "50": -0.49755859375
    },
    "2.pt": {
        "1": -1.4619140625,
        "5": -2.13671875,
        "10": -0.235107421875,
        "25": -1.0400390625,
        "50": -0.86474609375
    },
    "3.pt": {
        "1": -1.2138671875,
        "5": -0.7509765625,
        "10": 0.1607666015625,
        "25": -0.875,
        "50": -0.56689453125
    },
    "4.pt": {
        "1": -0.255615234375,
        "5": -0.45556640625,
        "10": -0.41455078125,
        "25": -1.810546875,
        "50": 0.66064453125
    }
}