{
    "0.pt": {
        "1": -0.54931640625,
        "5": -1.4462890625,
        "10": -0.434814453125,
        "25": -1.05859375,
        "50": -0.1160888671875
    },
    "1.pt": {
        "1": -0.474609375,
        "5": -0.876953125,
        "10": -0.7822265625,
        "25": -1.2099609375,
        "50": -1.056640625
    },
    "2.pt": {
        "1": -0.564453125,
        "5": -0.390625,
        "10": -0.33642578125,
        "25": -0.64111328125,
        "50": -1.7958984375
    },
    "3.pt": {
        "1": -0.7587890625,
        "5": -1.47265625,
        "10": -1.0859375,
        "25": -0.24365234375,
        "50": -1.3154296875
    },
    "4.pt": {
        "1": -0.9970703125,
        "5": -1.4658203125,
        "10": -2.0703125,
        "25": 0.02203369140625,
        "50": -1.671875
    }
}