{
    "0.pt": {
        "1": -0.599609375,
        "5": -0.8837890625,
        "10": -0.86328125,
        "25": -1.54296875,
        "50": -1.056640625
    },
    "1.pt": {
        "1": -1.689453125,
        "5": -1.7861328125,
        "10": -1.59765625,
        "25": -1.541015625,
        "50": -0.587890625
    },
    "2.pt": {
        "1": -0.73291015625,
        "5": -0.6123046875,
        "10": -0.74755859375,
        "25": -1.62890625,
        "50": -1.8095703125
    },
    "3.pt": {
        "1": -1.216796875,
        "5": -0.287353515625,
        "10": -1.91796875,
        "25": -0.465087890625,
        "50": -0.452880859375
    },
    "4.pt": {
        "1": -0.68603515625,
        "5": -1.1220703125,
        "10": -0.6015625,
        "25": -0.6103515625,
        "50": 0.1898193359375
    }
}