{
    "0.pt": {
        "1": -0.0005021095275878906,
        "5": -1.498046875,
        "10": -1.25390625,
        "25": -1.6083984375,
        "50": -1.048828125
    },
    "1.pt": {
        "1": -1.478515625,
        "5": 0.0019388198852539062,
        "10": -0.20361328125,
        "25": -0.77001953125,
        "50": -0.78173828125
    },
    "2.pt": {
        "1": -0.038299560546875,
        "5": -0.6689453125,
        "10": -0.2479248046875,
        "25": -0.8193359375,
        "50": -2.03125
    },
    "3.pt": {
        "1": -1.33203125,
        "5": -1.5771484375,
        "10": -0.479736328125,
        "25": -1.716796875,
        "50": -1.8935546875
    },
    "4.pt": {
        "1": -1.396484375,
        "5": -0.7255859375,
        "10": -1.216796875,
        "25": -1.296875,
        "50": -1.4833984375
    }
}