{
    "0.pt": {
        "1": -0.41455078125,
        "5": -0.88525390625,
        "10": -1.5224609375,
        "25": -0.86669921875,
        "50": 0.5244140625
    },
    "1.pt": {
        "1": -1.958984375,
        "5": -0.57470703125,
        "10": -1.66796875,
        "25": -1.4072265625,
        "50": -0.1336669921875
    },
    "2.pt": {
        "1": -0.79345703125,
        "5": -2.318359375,
        "10": -0.435546875,
        "25": -1.6826171875,
        "50": -0.1407470703125
    },
    "3.pt": {
        "1": -1.63671875,
        "5": -0.5361328125,
        "10": -1.9853515625,
        "25": -2.140625,
        "50": -0.85400390625
    },
    "4.pt": {
        "1": -1.060546875,
        "5": -1.4443359375,
        "10": -2.23828125,
        "25": -1.2666015625,
        "50": -1.9267578125
    }
}