{
    "0.pt": {
        "1": -0.89990234375,
        "5": -2.421875,
        "10": -0.306640625,
        "25": -2.1015625,
        "50": -0.0992431640625
    },
    "1.pt": {
        "1": -0.62353515625,
        "5": -0.7060546875,
        "10": -1.4267578125,
        "25": -0.057220458984375,
        "50": -0.8408203125
    },
    "2.pt": {
        "1": -0.69189453125,
        "5": 0.1365966796875,
        "10": -1.171875,
        "25": -1.1513671875,
        "50": 0.267822265625
    },
    "3.pt": {
        "1": -1.75390625,
        "5": -0.04595947265625,
        "10": -0.401123046875,
        "25": -0.1875,
        "50": -1.080078125
    },
    "4.pt": {
        "1": -1.10546875,
        "5": -2.169921875,
        "10": -1.521484375,
        "25": -0.76171875,
        "50": 0.2056884765625
    }
}