{
    "0.pt": {
        "1": -0.60888671875,
        "5": -1.8740234375,
        "10": -1.654296875,
        "25": -1.904296875,
        "50": -0.495361328125
    },
    "1.pt": {
        "1": -1.9814453125,
        "5": -1.35546875,
        "10": -1.0498046875,
        "25": -1.8349609375,
        "50": -1.80078125
    },
    "2.pt": {
        "1": -0.038177490234375,
        "5": -0.5947265625,
        "10": -0.4150390625,
        "25": -1.2333984375,
        "50": -1.849609375
    },
    "3.pt": {
        "1": -1.9404296875,
        "5": -0.351806640625,
        "10": -1.4873046875,
        "25": -1.666015625,
        "50": -0.97119140625
    },
    "4.pt": {
        "1": -0.51123046875,
        "5": -2.205078125,
        "10": -0.325927734375,
        "25": -2.353515625,
        "50": -1.4140625
    }
}