{
    "0.pt": {
        "1": -0.78662109375,
        "5": -1.0185546875,
        "10": -1.6083984375,
        "25": 0.10882568359375,
        "50": -1.3740234375
    },
    "1.pt": {
        "1": -0.9091796875,
        "5": -1.33203125,
        "10": -0.78125,
        "25": 0.02740478515625,
        "50": -0.036376953125
    },
    "2.pt": {
        "1": -1.681640625,
        "5": -0.7783203125,
        "10": 0.216552734375,
        "25": -1.5498046875,
        "50": -0.904296875
    },
    "3.pt": {
        "1": -1.3251953125,
        "5": -1.4921875,
        "10": -0.334228515625,
        "25": -0.01399993896484375,
        "50": -1.4365234375
    },
    "4.pt": {
        "1": -1.0068359375,
        "5": -1.5556640625,
        "10": -1.015625,
        "25": -1.978515625,
        "50": -0.9560546875
    }
}