{
    "0.pt": {
        "1": -0.52978515625,
        "5": -0.73193359375,
        "10": -0.400634765625,
        "25": -0.351318359375,
        "50": -1.1669921875
    },
    "1.pt": {
        "1": -0.412841796875,
        "5": -1.3408203125,
        "10": -1.416015625,
        "25": -0.3759765625,
        "50": -0.7880859375
    },
    "2.pt": {
        "1": -1.1494140625,
        "5": -0.8251953125,
        "10": -1.8193359375,
        "25": -0.043792724609375,
        "50": -0.09967041015625
    },
    "3.pt": {
        "1": -0.15869140625,
        "5": -1.0771484375,
        "10": -1.728515625,
        "25": -0.1851806640625,
        "50": -0.62255859375
    },
    "4.pt": {
        "1": -1.2421875,
        "5": 0.75341796875,
        "10": -0.310546875,
        "25": -1.4873046875,
        "50": -0.3447265625
    }
}