{
    "0.pt": {
        "1": -1.447265625,
        "5": -0.61279296875,
        "10": -0.116455078125,
        "25": -1.1884765625,
        "50": -0.537109375
    },
    "1.pt": {
        "1": -1.9228515625,
        "5": -1.130859375,
        "10": -0.303466796875,
        "25": -0.07220458984375,
        "50": -0.473876953125
    },
    "2.pt": {
        "1": -0.50537109375,
        "5": -1.728515625,
        "10": 0.34375,
        "25": -0.6669921875,
        "50": -1.05078125
    },
    "3.pt": {
        "1": -1.53125,
        "5": -1.1083984375,
        "10": -0.41650390625,
        "25": -1.748046875,
        "50": -1.3349609375
    },
    "4.pt": {
        "1": -0.7734375,
        "5": -0.37451171875,
        "10": -0.91552734375,
        "25": -2.169921875,
        "50": -1.482421875
    }
}