{
    "0.pt": {
        "1": -1.6787109375,
        "5": -1.6220703125,
        "10": 0.26171875,
        "25": -1.6083984375,
        "50": 0.058135986328125
    },
    "1.pt": {
        "1": -0.16748046875,
        "5": -1.609375,
        "10": -1.3212890625,
        "25": -1.462890625,
        "50": -0.275390625
    },
    "2.pt": {
        "1": -0.8857421875,
        "5": -1.6943359375,
        "10": -1.6748046875,
        "25": -1.7666015625,
        "50": -1.46875
    },
    "3.pt": {
        "1": -1.2529296875,
        "5": -0.56982421875,
        "10": -0.7265625,
        "25": -1.470703125,
        "50": -0.367919921875
    },
    "4.pt": {
        "1": -0.8798828125,
        "5": -0.560546875,
        "10": 0.050872802734375,
        "25": -0.826171875,
        "50": 0.135986328125
    }
}