{
    "0.pt": {
        "1": -1.439453125,
        "5": -2.177734375,
        "10": -1.6484375,
        "25": 0.1998291015625,
        "50": 0.43701171875
    },
    "1.pt": {
        "1": -2.23828125,
        "5": -0.5595703125,
        "10": -1.72265625,
        "25": -1.0146484375,
        "50": -1.6240234375
    },
    "2.pt": {
        "1": -1.251953125,
        "5": -1.28125,
        "10": -1.615234375,
        "25": -0.6630859375,
        "50": -0.85009765625
    },
    "3.pt": {
        "1": -1.0703125,
        "5": -0.5791015625,
        "10": -0.237060546875,
        "25": -0.60888671875,
        "50": -1.3212890625
    },
    "4.pt": {
        "1": -0.48876953125,
        "5": -1.6435546875,
        "10": -2.16796875,
        "25": -1.458984375,
        "50": 0.1427001953125
    }
}