{
    "0.pt": {
        "1": -1.447265625,
        "5": -1.8876953125,
        "10": -1.650390625,
        "25": -0.3115234375,
        "50": -1.4677734375
    },
    "1.pt": {
        "1": 0.260498046875,
        "5": -1.2646484375,
        "10": -2.083984375,
        "25": -1.8486328125,
        "50": -0.53271484375
    },
    "2.pt": {
        "1": -1.7763671875,
        "5": -0.51220703125,
        "10": -1.1552734375,
        "25": -0.91845703125,
        "50": -0.91455078125
    },
    "3.pt": {
        "1": -1.1806640625,
        "5": -1.08203125,
        "10": -1.8720703125,
        "25": -0.263916015625,
        "50": -0.357421875
    },
    "4.pt": {
        "1": -1.005859375,
        "5": -0.8701171875,
        "10": 0.001239776611328125,
        "25": 0.2841796875,
        "50": -0.92431640625
    }
}