{
    "0.pt": {
        "1": -1.380859375,
        "5": -0.720703125,
        "10": -2.568359375,
        "25": -1.2294921875,
        "50": -1.80859375
    },
    "1.pt": {
        "1": -0.50146484375,
        "5": -0.7626953125,
        "10": -1.505859375,
        "25": -0.3037109375,
        "50": -1.916015625
    },
    "2.pt": {
        "1": -2.123046875,
        "5": -0.2462158203125,
        "10": 0.075439453125,
        "25": -0.322509765625,
        "50": -0.37939453125
    },
    "3.pt": {
        "1": -0.927734375,
        "5": -0.181396484375,
        "10": -1.98046875,
        "25": -0.433837890625,
        "50": -1.576171875
    },
    "4.pt": {
        "1": -0.5126953125,
        "5": -1.4775390625,
        "10": -0.9033203125,
        "25": -0.2308349609375,
        "50": -0.07489013671875
    }
}