{
    "0.pt": {
        "1": -0.6865234375,
        "5": -1.2314453125,
        "10": -0.015411376953125,
        "25": -1.1982421875,
        "50": -1.515625
    },
    "1.pt": {
        "1": 0.1065673828125,
        "5": -1.322265625,
        "10": 0.0643310546875,
        "25": -1.86328125,
        "50": -1.076171875
    },
    "2.pt": {
        "1": 0.232666015625,
        "5": -0.264892578125,
        "10": -1.7041015625,
        "25": -0.76611328125,
        "50": -1.11328125
    },
    "3.pt": {
        "1": -1.5546875,
        "5": -0.91015625,
        "10": -0.8681640625,
        "25": -1.76171875,
        "50": -1.0166015625
    },
    "4.pt": {
        "1": -0.64404296875,
        "5": -1.5107421875,
        "10": -1.1298828125,
        "25": -0.82861328125,
        "50": 0.0228118896484375
    }
}