{
    "0.pt": {
        "1": -0.53515625,
        "5": -1.7490234375,
        "10": -1.1884765625,
        "25": -1.505859375,
        "50": -1.2470703125
    },
    "1.pt": {
        "1": -0.4140625,
        "5": -0.76171875,
        "10": -1.5458984375,
        "25": -1.580078125,
        "50": -1.5439453125
    },
    "2.pt": {
        "1": -0.197021484375,
        "5": -1.1455078125,
        "10": -1.2060546875,
        "25": -0.486328125,
        "50": -0.88037109375
    },
    "3.pt": {
        "1": -1.91796875,
        "5": -1.2158203125,
        "10": -0.99462890625,
        "25": -1.0673828125,
        "50": -0.34716796875
    },
    "4.pt": {
        "1": -1.544921875,
        "5": -1.119140625,
        "10": -1.5908203125,
        "25": -1.6767578125,
        "50": -1.2265625
    }
}