{
    "0.pt": {
        "1": -0.350830078125,
        "5": -2.134765625,
        "10": -0.1845703125,
        "25": -1.0986328125,
        "50": -1.7265625
    },
    "1.pt": {
        "1": -0.3935546875,
        "5": -1.01953125,
        "10": -1.8828125,
        "25": -1.2548828125,
        "50": -2.015625
    },
    "2.pt": {
        "1": -1.658203125,
        "5": -1.2724609375,
        "10": -0.619140625,
        "25": -1.5986328125,
        "50": 0.357421875
    },
    "3.pt": {
        "1": -0.962890625,
        "5": 0.15625,
        "10": -0.26611328125,
        "25": -2.357421875,
        "50": -1.619140625
    },
    "4.pt": {
        "1": -0.179443359375,
        "5": -1.2109375,
        "10": -1.6865234375,
        "25": -1.6357421875,
        "50": -1.4619140625
    }
}