{
    "0.pt": {
        "1": -0.275390625,
        "5": -1.5205078125,
        "10": -0.69677734375,
        "25": -0.8544921875,
        "50": -0.1771240234375
    },
    "1.pt": {
        "1": -0.81982421875,
        "5": -1.072265625,
        "10": -1.251953125,
        "25": -1.533203125,
        "50": -1.462890625
    },
    "2.pt": {
        "1": -1.87109375,
        "5": -0.4599609375,
        "10": -2.1484375,
        "25": -0.76318359375,
        "50": -1.005859375
    },
    "3.pt": {
        "1": -0.5869140625,
        "5": -0.548828125,
        "10": -1.470703125,
        "25": -0.77783203125,
        "50": -0.337646484375
    },
    "4.pt": {
        "1": -0.98486328125,
        "5": -0.355712890625,
        "10": -0.54296875,
        "25": -0.84033203125,
        "50": -0.6904296875
    }
}