{
    "0.pt": {
        "1": -0.0938720703125,
        "5": -0.98681640625,
        "10": -0.028350830078125,
        "25": -1.4560546875,
        "50": -1.0400390625
    },
    "1.pt": {
        "1": -1.7568359375,
        "5": -1.6630859375,
        "10": -0.09295654296875,
        "25": -1.7080078125,
        "50": -1.4794921875
    },
    "2.pt": {
        "1": -1.7685546875,
        "5": -0.93994140625,
        "10": -1.46875,
        "25": -1.1611328125,
        "50": -1.3134765625
    },
    "3.pt": {
        "1": -2.419921875,
        "5": -1.50390625,
        "10": -0.6982421875,
        "25": -1.7529296875,
        "50": -1.0458984375
    },
    "4.pt": {
        "1": -1.3876953125,
        "5": -0.544921875,
        "10": -1.2958984375,
        "25": -1.685546875,
        "50": -1.5302734375
    }
}