{
    "0.pt": {
        "1": -0.5810546875,
        "5": -0.361328125,
        "10": -1.740234375,
        "25": -1.42578125,
        "50": -0.80029296875
    },
    "1.pt": {
        "1": -0.482666015625,
        "5": -2.197265625,
        "10": -1.79296875,
        "25": -1.2548828125,
        "50": -1.4853515625
    },
    "2.pt": {
        "1": -1.42578125,
        "5": -0.006237030029296875,
        "10": -0.11810302734375,
        "25": -1.3291015625,
        "50": -0.23779296875
    },
    "3.pt": {
        "1": -1.8486328125,
        "5": -1.8212890625,
        "10": -1.205078125,
        "25": -0.828125,
        "50": 0.0811767578125
    },
    "4.pt": {
        "1": -1.361328125,
        "5": -1.861328125,
        "10": -1.509765625,
        "25": -2.076171875,
        "50": 0.01666259765625
    }
}