{
    "0.pt": {
        "1": -0.4306640625,
        "5": -1.7138671875,
        "10": -0.254638671875,
        "25": -1.5634765625,
        "50": -1.6884765625
    },
    "1.pt": {
        "1": -2.353515625,
        "5": -1.361328125,
        "10": -0.425048828125,
        "25": -1.7060546875,
        "50": 0.365966796875
    },
    "2.pt": {
        "1": -0.3544921875,
        "5": -1.0625,
        "10": -0.57421875,
        "25": -0.84375,
        "50": -1.009765625
    },
    "3.pt": {
        "1": -1.703125,
        "5": -1.0849609375,
        "10": -0.96923828125,
        "25": -1.50390625,
        "50": -0.4189453125
    },
    "4.pt": {
        "1": -0.92138671875,
        "5": -1.3583984375,
        "10": -2.009765625,
        "25": -2.0234375,
        "50": -1.6328125
    }
}