{
    "0.pt": {
        "1": -1.3046875,
        "5": -1.5673828125,
        "10": -0.06658935546875,
        "25": -0.6484375,
        "50": -0.79736328125
    },
    "1.pt": {
        "1": -1.482421875,
        "5": -1.677734375,
        "10": -0.223876953125,
        "25": -1.2177734375,
        "50": -1.0146484375
    },
    "2.pt": {
        "1": -1.9521484375,
        "5": -0.638671875,
        "10": -2.119140625,
        "25": -1.837890625,
        "50": -0.712890625
    },
    "3.pt": {
        "1": -0.06341552734375,
        "5": 0.1329345703125,
        "10": -1.03125,
        "25": -0.89599609375,
        "50": -0.44677734375
    },
    "4.pt": {
        "1": -0.326904296875,
        "5": -0.638671875,
        "10": -0.7734375,
        "25": -1.58203125,
        "50": -0.630859375
    }
}