{
    "0.pt": {
        "1": -1.666015625,
        "5": -0.9287109375,
        "10": 0.6337890625,
        "25": -1.537109375,
        "50": -0.60888671875
    },
    "1.pt": {
        "1": -1.583984375,
        "5": -1.224609375,
        "10": -1.4130859375,
        "25": -1.390625,
        "50": -0.252685546875
    },
    "2.pt": {
        "1": -1.0048828125,
        "5": -1.171875,
        "10": -0.342529296875,
        "25": -0.361083984375,
        "50": -0.0712890625
    },
    "3.pt": {
        "1": 0.16259765625,
        "5": -1.9052734375,
        "10": -0.49609375,
        "25": -0.1497802734375,
        "50": -0.8271484375
    },
    "4.pt": {
        "1": -1.7060546875,
        "5": -0.865234375,
        "10": -0.3837890625,
        "25": -1.2236328125,
        "50": -0.2587890625
    }
}