{
    "0.pt": {
        "1": -1.5361328125,
        "5": -1.458984375,
        "10": -0.52392578125,
        "25": -1.4580078125,
        "50": -0.33984375
    },
    "1.pt": {
        "1": -1.990234375,
        "5": -0.38525390625,
        "10": -1.96875,
        "25": -1.6376953125,
        "50": -0.75927734375
    },
    "2.pt": {
        "1": -1.2060546875,
        "5": -0.98828125,
        "10": -2.00390625,
        "25": -1.18359375,
        "50": -1.025390625
    },
    "3.pt": {
        "1": -1.5390625,
        "5": -1.4609375,
        "10": -0.64599609375,
        "25": -1.6982421875,
        "50": -0.552734375
    },
    "4.pt": {
        "1": -0.50439453125,
        "5": -2.107421875,
        "10": -1.56640625,
        "25": -0.93115234375,
        "50": -0.2646484375
    }
}