{
    "0.pt": {
        "1": -0.232666015625,
        "5": -0.80615234375,
        "10": -1.4443359375,
        "25": -0.57861328125,
        "50": -0.349365234375
    },
    "1.pt": {
        "1": 0.05950927734375,
        "5": -0.033233642578125,
        "10": -0.7109375,
        "25": -0.1829833984375,
        "50": -0.4931640625
    },
    "2.pt": {
        "1": -1.07421875,
        "5": 0.5693359375,
        "10": -1.08203125,
        "25": -1.0322265625,
        "50": -0.6181640625
    },
    "3.pt": {
        "1": 0.412109375,
        "5": -1.056640625,
        "10": -0.0992431640625,
        "25": -1.072265625,
        "50": -0.279052734375
    },
    "4.pt": {
        "1": -1.7451171875,
        "5": -1.34765625,
        "10": -0.123046875,
        "25": -1.9501953125,
        "50": 0.004375457763671875
    }
}