{
    "0.pt": {
        "1": -0.837890625,
        "5": 0.23681640625,
        "10": -1.3095703125,
        "25": -1.923828125,
        "50": -1.1142578125
    },
    "1.pt": {
        "1": -0.84716796875,
        "5": -0.51708984375,
        "10": -1.8603515625,
        "25": -1.6005859375,
        "50": -0.53369140625
    },
    "2.pt": {
        "1": -0.53759765625,
        "5": -1.376953125,
        "10": -0.74560546875,
        "25": -0.247802734375,
        "50": -1.720703125
    },
    "3.pt": {
        "1": 0.39599609375,
        "5": -1.533203125,
        "10": -1.9658203125,
        "25": 0.0999755859375,
        "50": -1.3505859375
    },
    "4.pt": {
        "1": -1.052734375,
        "5": -0.81396484375,
        "10": -0.58154296875,
        "25": -0.1900634765625,
        "50": 0.1065673828125
    }
}