{
    "0.pt": {
        "1": -0.693359375,
        "5": -0.3857421875,
        "10": -0.12152099609375,
        "25": -1.3466796875,
        "50": -0.68603515625
    },
    "1.pt": {
        "1": -1.6416015625,
        "5": -1.48828125,
        "10": -0.499755859375,
        "25": -1.45703125,
        "50": -1.158203125
    },
    "2.pt": {
        "1": -0.2327880859375,
        "5": 0.026275634765625,
        "10": -0.978515625,
        "25": -0.1318359375,
        "50": -1.205078125
    },
    "3.pt": {
        "1": -1.4345703125,
        "5": -0.708984375,
        "10": -0.41357421875,
        "25": -1.6318359375,
        "50": -0.59033203125
    },
    "4.pt": {
        "1": -1.76171875,
        "5": -1.1962890625,
        "10": -0.40625,
        "25": -1.783203125,
        "50": 0.1142578125
    }
}