{
    "0.pt": {
        "1": -0.53173828125,
        "5": 0.229248046875,
        "10": -1.25390625,
        "25": -1.7587890625,
        "50": -1.849609375
    },
    "1.pt": {
        "1": -1.4345703125,
        "5": -0.342041015625,
        "10": -1.4443359375,
        "25": -0.01107025146484375,
        "50": -1.345703125
    },
    "2.pt": {
        "1": -0.6728515625,
        "5": -0.578125,
        "10": -1.29296875,
        "25": -1.2646484375,
        "50": -1.326171875
    },
    "3.pt": {
        "1": -0.7919921875,
        "5": -0.1146240234375,
        "10": -1.8251953125,
        "25": -1.408203125,
        "50": -1.6826171875
    },
    "4.pt": {
        "1": 0.32568359375,
        "5": -1.6357421875,
        "10": -1.865234375,
        "25": -0.358642578125,
        "50": -1.791015625
    }
}