{
    "0.pt": {
        "1": -1.2744140625,
        "5": -1.892578125,
        "10": -1.5029296875,
        "25": -1.203125,
        "50": -0.40625
    },
    "1.pt": {
        "1": -0.9013671875,
        "5": -0.10992431640625,
        "10": -1.3017578125,
        "25": -0.76123046875,
        "50": -1.6748046875
    },
    "2.pt": {
        "1": -1.6884765625,
        "5": -0.53515625,
        "10": -0.275146484375,
        "25": -2.025390625,
        "50": -0.9833984375
    },
    "3.pt": {
        "1": -1.2783203125,
        "5": -1.6748046875,
        "10": -0.11419677734375,
        "25": -1.1376953125,
        "50": 0.317138671875
    },
    "4.pt": {
        "1": -1.62109375,
        "5": -1.5390625,
        "10": -1.0029296875,
        "25": -0.44921875,
        "50": -1.4736328125
    }
}