{
    "0.pt": {
        "1": -0.7109375,
        "5": -1.4326171875,
        "10": 0.08245849609375,
        "25": -0.4892578125,
        "50": -0.393798828125
    },
    "1.pt": {
        "1": -0.60400390625,
        "5": -0.65283203125,
        "10": -0.230224609375,
        "25": -1.4365234375,
        "50": -1.029296875
    },
    "2.pt": {
        "1": -1.4580078125,
        "5": -1.984375,
        "10": -1.2412109375,
        "25": -0.990234375,
        "50": -0.9697265625
    },
    "3.pt": {
        "1": -1.8505859375,
        "5": -0.8388671875,
        "10": -1.400390625,
        "25": -2.306640625,
        "50": -0.44287109375
    },
    "4.pt": {
        "1": -1.9423828125,
        "5": -1.04296875,
        "10": -1.2373046875,
        "25": -1.3818359375,
        "50": -0.3974609375
    }
}