{
    "0.pt": {
        "1": -0.270263671875,
        "5": -1.26953125,
        "10": -0.427978515625,
        "25": -1.0478515625,
        "50": -1.689453125
    },
    "1.pt": {
        "1": -1.328125,
        "5": -1.458984375,
        "10": -2.494140625,
        "25": -0.19580078125,
        "50": -1.0234375
    },
    "2.pt": {
        "1": -0.96728515625,
        "5": -0.76123046875,
        "10": -0.8193359375,
        "25": -1.93359375,
        "50": -1.14453125
    },
    "3.pt": {
        "1": -1.7958984375,
        "5": -1.9580078125,
        "10": -0.74951171875,
        "25": -1.109375,
        "50": -1.9375
    },
    "4.pt": {
        "1": -1.2900390625,
        "5": -1.6181640625,
        "10": -0.76318359375,
        "25": -0.5302734375,
        "50": -0.431884765625
    }
}