{
    "0.pt": {
        "1": -0.333251953125,
        "5": -0.499267578125,
        "10": -1.19140625,
        "25": -0.235107421875,
        "50": -1.490234375
    },
    "1.pt": {
        "1": -0.4365234375,
        "5": -1.1630859375,
        "10": -0.329345703125,
        "25": -0.1160888671875,
        "50": -2.0234375
    },
    "2.pt": {
        "1": -1.1943359375,
        "5": -0.469482421875,
        "10": 0.1466064453125,
        "25": -1.546875,
        "50": -0.56396484375
    },
    "3.pt": {
        "1": -1.0390625,
        "5": -1.5673828125,
        "10": -2.126953125,
        "25": -0.564453125,
        "50": -1.5244140625
    },
    "4.pt": {
        "1": -1.3564453125,
        "5": -1.3330078125,
        "10": -0.2890625,
        "25": -1.662109375,
        "50": -0.8857421875
    }
}