{
    "0.pt": {
        "1": -0.286376953125,
        "5": -1.9638671875,
        "10": -1.0751953125,
        "25": -0.06536865234375,
        "50": -1.1337890625
    },
    "1.pt": {
        "1": -0.8466796875,
        "5": -0.1893310546875,
        "10": -1.318359375,
        "25": 0.365234375,
        "50": -1.427734375
    },
    "2.pt": {
        "1": -1.2041015625,
        "5": -1.287109375,
        "10": -0.298828125,
        "25": -1.630859375,
        "50": -0.06671142578125
    },
    "3.pt": {
        "1": -0.340087890625,
        "5": -1.27734375,
        "10": -1.8857421875,
        "25": -0.80712890625,
        "50": -1.4111328125
    },
    "4.pt": {
        "1": 0.246337890625,
        "5": -1.2822265625,
        "10": -1.3291015625,
        "25": -0.919921875,
        "50": -0.8681640625
    }
}