{
    "0.pt": {
        "1": -1.9111328125,
        "5": -1.3701171875,
        "10": -1.076171875,
        "25": -1.583984375,
        "50": -0.67529296875
    },
    "1.pt": {
        "1": -0.591796875,
        "5": -1.9267578125,
        "10": -0.80419921875,
        "25": -0.0049285888671875,
        "50": -0.60400390625
    },
    "2.pt": {
        "1": -0.1982421875,
        "5": -0.9404296875,
        "10": -1.33203125,
        "25": -1.1435546875,
        "50": -0.9013671875
    },
    "3.pt": {
        "1": -1.517578125,
        "5": -1.0244140625,
        "10": -0.09954833984375,
        "25": -1.541015625,
        "50": -1.0712890625
    },
    "4.pt": {
        "1": -0.455322265625,
        "5": -0.365478515625,
        "10": -1.2705078125,
        "25": -0.140625,
        "50": 0.287109375
    }
}