{
    "0.pt": {
        "1": -0.56396484375,
        "5": -0.7041015625,
        "10": -1.267578125,
        "25": -0.5078125,
        "50": -0.373291015625
    },
    "1.pt": {
        "1": -1.1220703125,
        "5": -1.1923828125,
        "10": -0.51806640625,
        "25": -0.9189453125,
        "50": -0.60107421875
    },
    "2.pt": {
        "1": -1.44140625,
        "5": -0.08697509765625,
        "10": -0.258056640625,
        "25": -0.84814453125,
        "50": -1.4794921875
    },
    "3.pt": {
        "1": -0.552734375,
        "5": 0.5380859375,
        "10": -1.095703125,
        "25": -0.332763671875,
        "50": -0.1304931640625
    },
    "4.pt": {
        "1": -2.00390625,
        "5": -0.88037109375,
        "10": -0.481689453125,
        "25": -0.52099609375,
        "50": -0.2091064453125
    }
}