{
    "0.pt": {
        "1": -1.8251953125,
        "5": -0.763671875,
        "10": -0.87939453125,
        "25": -1.4306640625,
        "50": -0.923828125
    },
    "1.pt": {
        "1": 0.158935546875,
        "5": -1.3759765625,
        "10": -0.0633544921875,
        "25": -0.239990234375,
        "50": -0.48291015625
    },
    "2.pt": {
        "1": -0.697265625,
        "5": -1.7509765625,
        "10": -1.2421875,
        "25": -1.7470703125,
        "50": -0.7412109375
    },
    "3.pt": {
        "1": -1.8759765625,
        "5": -1.1953125,
        "10": -1.2734375,
        "25": -0.8505859375,
        "50": -1.7900390625
    },
    "4.pt": {
        "1": 0.08953857421875,
        "5": -0.81494140625,
        "10": -0.461669921875,
        "25": -1.3935546875,
        "50": -0.77099609375
    }
}