{
    "0.pt": {
        "1": 0.00888824462890625,
        "5": -1.3115234375,
        "10": -1.279296875,
        "25": -1.57421875,
        "50": -0.6259765625
    },
    "1.pt": {
        "1": -1.4990234375,
        "5": -0.349609375,
        "10": -2.228515625,
        "25": -0.055023193359375,
        "50": -0.55615234375
    },
    "2.pt": {
        "1": -1.2548828125,
        "5": -1.5556640625,
        "10": -0.73095703125,
        "25": -1.4970703125,
        "50": -0.5712890625
    },
    "3.pt": {
        "1": -0.180908203125,
        "5": -0.66943359375,
        "10": -0.69580078125,
        "25": -1.5380859375,
        "50": -1.6240234375
    },
    "4.pt": {
        "1": -1.5078125,
        "5": -1.896484375,
        "10": -1.7841796875,
        "25": -0.94873046875,
        "50": -0.77880859375
    }
}