{
    "0.pt": {
        "1": -1.1123046875,
        "5": 0.356689453125,
        "10": -1.19140625,
        "25": -1.5673828125,
        "50": -1.130859375
    },
    "1.pt": {
        "1": -1.3125,
        "5": -1.4833984375,
        "10": -1.4091796875,
        "25": -1.1123046875,
        "50": -1.7978515625
    },
    "2.pt": {
        "1": -0.222412109375,
        "5": -1.83984375,
        "10": -1.4443359375,
        "25": -1.43359375,
        "50": -0.966796875
    },
    "3.pt": {
        "1": -1.4228515625,
        "5": -0.427490234375,
        "10": -0.496337890625,
        "25": -1.408203125,
        "50": -1.7109375
    },
    "4.pt": {
        "1": -1.3349609375,
        "5": -1.951171875,
        "10": -1.044921875,
        "25": -1.1728515625,
        "50": -1.3525390625
    }
}