{
    "0.pt": {
        "1": -1.947265625,
        "5": -0.78564453125,
        "10": -0.69384765625,
        "25": -0.2470703125,
        "50": 0.159423828125
    },
    "1.pt": {
        "1": -0.262451171875,
        "5": 0.212890625,
        "10": -1.2216796875,
        "25": -1.5009765625,
        "50": -0.30859375
    },
    "2.pt": {
        "1": -1.220703125,
        "5": -0.7041015625,
        "10": -0.77685546875,
        "25": -1.470703125,
        "50": -0.4423828125
    },
    "3.pt": {
        "1": -0.884765625,
        "5": -0.8525390625,
        "10": -1.3720703125,
        "25": -1.64453125,
        "50": -1.4404296875
    },
    "4.pt": {
        "1": -1.228515625,
        "5": -1.953125,
        "10": -1.0009765625,
        "25": -0.63037109375,
        "50": -0.3671875
    }
}