{
    "0.pt": {
        "1": -1.544921875,
        "5": -1.23828125,
        "10": -1.2998046875,
        "25": -1.05078125,
        "50": -1.6298828125
    },
    "1.pt": {
        "1": -0.71142578125,
        "5": -1.029296875,
        "10": 0.338623046875,
        "25": -1.583984375,
        "50": -1.068359375
    },
    "2.pt": {
        "1": -2.064453125,
        "5": -0.04949951171875,
        "10": -1.2099609375,
        "25": -1.2861328125,
        "50": -1.59375
    },
    "3.pt": {
        "1": -0.11065673828125,
        "5": -1.25,
        "10": -1.3359375,
        "25": -0.91796875,
        "50": -1.0361328125
    },
    "4.pt": {
        "1": -0.96044921875,
        "5": -2.1015625,
        "10": -1.7021484375,
        "25": -1.4208984375,
        "50": -1.650390625
    }
}