{
    "0.pt": {
        "1": -0.8798828125,
        "5": -1.7666015625,
        "10": -1.328125,
        "25": -1.3935546875,
        "50": -2.12890625
    },
    "1.pt": {
        "1": -1.1884765625,
        "5": -1.3466796875,
        "10": -1.3037109375,
        "25": -1.9384765625,
        "50": -0.5556640625
    },
    "2.pt": {
        "1": -0.966796875,
        "5": -0.2958984375,
        "10": -0.4794921875,
        "25": -1.099609375,
        "50": -2.603515625
    },
    "3.pt": {
        "1": -1.8046875,
        "5": -0.845703125,
        "10": -2.2265625,
        "25": -1.9990234375,
        "50": -1.4619140625
    },
    "4.pt": {
        "1": 0.1268310546875,
        "5": -1.708984375,
        "10": -1.865234375,
        "25": -0.85595703125,
        "50": -1.4013671875
    }
}