{
    "0.pt": {
        "1": -0.76025390625,
        "5": -0.53857421875,
        "10": -0.8271484375,
        "25": -0.240478515625,
        "50": -1.583984375
    },
    "1.pt": {
        "1": -0.734375,
        "5": -1.8896484375,
        "10": -1.1396484375,
        "25": -1.1875,
        "50": 0.057098388671875
    },
    "2.pt": {
        "1": -0.92529296875,
        "5": -1.6201171875,
        "10": -1.1279296875,
        "25": -1.2265625,
        "50": -1.427734375
    },
    "3.pt": {
        "1": -0.89990234375,
        "5": -1.189453125,
        "10": -0.59765625,
        "25": -1.1494140625,
        "50": -0.646484375
    },
    "4.pt": {
        "1": -1.41015625,
        "5": -2.05078125,
        "10": -0.036163330078125,
        "25": -0.8349609375,
        "50": -1.451171875
    }
}