{
    "0.pt": {
        "1": -0.865234375,
        "5": 0.0625,
        "10": -0.10833740234375,
        "25": -2.267578125,
        "50": -1.5380859375
    },
    "1.pt": {
        "1": 0.17529296875,
        "5": -1.171875,
        "10": -1.435546875,
        "25": -0.466552734375,
        "50": -0.324951171875
    },
    "2.pt": {
        "1": -0.412109375,
        "5": -2.00390625,
        "10": -0.3291015625,
        "25": -0.7685546875,
        "50": -1.28515625
    },
    "3.pt": {
        "1": -0.28076171875,
        "5": -1.2373046875,
        "10": -1.1337890625,
        "25": 0.200927734375,
        "50": -0.763671875
    },
    "4.pt": {
        "1": -1.37109375,
        "5": 0.05657958984375,
        "10": -0.1337890625,
        "25": -1.5078125,
        "50": -0.6025390625
    }
}