{
    "0.pt": {
        "1": 0.12109375,
        "5": -0.2342529296875,
        "10": -0.623046875,
        "25": -1.2451171875,
        "50": -0.395263671875
    },
    "1.pt": {
        "1": -0.67529296875,
        "5": -1.4189453125,
        "10": -0.439453125,
        "25": -1.052734375,
        "50": 0.01277923583984375
    },
    "2.pt": {
        "1": -1.140625,
        "5": -0.2176513671875,
        "10": -1.2900390625,
        "25": -1.0048828125,
        "50": 0.272216796875
    },
    "3.pt": {
        "1": -0.99365234375,
        "5": -0.7236328125,
        "10": -1.3935546875,
        "25": -1.501953125,
        "50": -1.2333984375
    },
    "4.pt": {
        "1": 0.2147216796875,
        "5": -0.307861328125,
        "10": -0.9443359375,
        "25": -0.64306640625,
        "50": -1.083984375
    }
}