{
    "0.pt": {
        "1": -1.4990234375,
        "5": -0.61328125,
        "10": -1.3466796875,
        "25": -0.495849609375,
        "50": -0.8818359375
    },
    "1.pt": {
        "1": -0.85107421875,
        "5": -0.7392578125,
        "10": 0.048370361328125,
        "25": -0.50830078125,
        "50": -1.2216796875
    },
    "2.pt": {
        "1": -0.6318359375,
        "5": -1.5029296875,
        "10": -1.650390625,
        "25": -1.8759765625,
        "50": -0.22509765625
    },
    "3.pt": {
        "1": -1.4580078125,
        "5": 0.13623046875,
        "10": -1.1826171875,
        "25": -0.85986328125,
        "50": -0.869140625
    },
    "4.pt": {
        "1": -1.904296875,
        "5": -2.029296875,
        "10": 0.34423828125,
        "25": -1.0498046875,
        "50": -0.307861328125
    }
}