{
    "0.pt": {
        "1": -0.288330078125,
        "5": -0.14892578125,
        "10": -1.236328125,
        "25": -1.2001953125,
        "50": -0.195068359375
    },
    "1.pt": {
        "1": -0.7666015625,
        "5": -0.623046875,
        "10": -1.162109375,
        "25": -0.53955078125,
        "50": -0.9794921875
    },
    "2.pt": {
        "1": -0.01253509521484375,
        "5": -1.0869140625,
        "10": -0.66748046875,
        "25": -1.6484375,
        "50": -0.705078125
    },
    "3.pt": {
        "1": -1.3828125,
        "5": -0.355712890625,
        "10": -1.4990234375,
        "25": -0.4833984375,
        "50": -0.79296875
    },
    "4.pt": {
        "1": -1.4296875,
        "5": -1.17578125,
        "10": -1.2587890625,
        "25": -0.431396484375,
        "50": -1.1435546875
    }
}