{
    "0.pt": {
        "1": -0.6787109375,
        "5": -0.9892578125,
        "10": -0.9560546875,
        "25": -1.0595703125,
        "50": -0.379638671875
    },
    "1.pt": {
        "1": -1.4990234375,
        "5": -1.193359375,
        "10": -0.51171875,
        "25": -0.28271484375,
        "50": -1.107421875
    },
    "2.pt": {
        "1": 0.9375,
        "5": -0.9599609375,
        "10": -1.7744140625,
        "25": -0.7353515625,
        "50": -1.0205078125
    },
    "3.pt": {
        "1": -0.3525390625,
        "5": -1.7529296875,
        "10": -2.11328125,
        "25": -0.69287109375,
        "50": -0.479736328125
    },
    "4.pt": {
        "1": -0.638671875,
        "5": -0.36083984375,
        "10": -0.34814453125,
        "25": -1.0439453125,
        "50": -0.332763671875
    }
}