{
    "0.pt": {
        "1": -1.2529296875,
        "5": -0.255859375,
        "10": -1.25390625,
        "25": -0.050872802734375,
        "50": -1.0380859375
    },
    "1.pt": {
        "1": -1.72265625,
        "5": -0.5224609375,
        "10": -1.5966796875,
        "25": -1.935546875,
        "50": -0.2308349609375
    },
    "2.pt": {
        "1": -0.07708740234375,
        "5": -1.49609375,
        "10": -0.85986328125,
        "25": -0.9716796875,
        "50": -0.2314453125
    },
    "3.pt": {
        "1": -1.2734375,
        "5": -2.287109375,
        "10": -1.7294921875,
        "25": -1.7255859375,
        "50": -1.18359375
    },
    "4.pt": {
        "1": -0.73388671875,
        "5": -1.310546875,
        "10": -1.791015625,
        "25": -0.488525390625,
        "50": -1.23046875
    }
}