{
    "0.pt": {
        "1": -0.2166748046875,
        "5": -1.0927734375,
        "10": -0.276611328125,
        "25": -0.97412109375,
        "50": -1.02734375
    },
    "1.pt": {
        "1": -1.3173828125,
        "5": -0.355712890625,
        "10": 0.23388671875,
        "25": -0.568359375,
        "50": -1.515625
    },
    "2.pt": {
        "1": -0.2310791015625,
        "5": -0.74462890625,
        "10": -0.5947265625,
        "25": -1.5625,
        "50": -0.5546875
    },
    "3.pt": {
        "1": -1.591796875,
        "5": -1.712890625,
        "10": -1.04296875,
        "25": -0.5751953125,
        "50": -0.87744140625
    },
    "4.pt": {
        "1": -1.9873046875,
        "5": -1.3408203125,
        "10": -0.29736328125,
        "25": -0.74267578125,
        "50": -0.360107421875
    }
}