{
    "0.pt": {
        "1": -0.060577392578125,
        "5": -1.583984375,
        "10": -0.359130859375,
        "25": -2.361328125,
        "50": -1.0966796875
    },
    "1.pt": {
        "1": -0.2156982421875,
        "5": -1.7412109375,
        "10": -1.982421875,
        "25": -0.66259765625,
        "50": -0.556640625
    },
    "2.pt": {
        "1": -0.70751953125,
        "5": -0.83935546875,
        "10": -1.7294921875,
        "25": -0.927734375,
        "50": -1.4619140625
    },
    "3.pt": {
        "1": -0.405029296875,
        "5": -0.09271240234375,
        "10": -1.16796875,
        "25": -2.248046875,
        "50": -1.4423828125
    },
    "4.pt": {
        "1": -1.0810546875,
        "5": -0.8994140625,
        "10": -1.720703125,
        "25": -1.8251953125,
        "50": -2.09375
    }
}