{
    "0.pt": {
        "1": -1.9638671875,
        "5": -1.5205078125,
        "10": -0.046844482421875,
        "25": -1.796875,
        "50": 0.36669921875
    },
    "1.pt": {
        "1": -1.158203125,
        "5": -2.1015625,
        "10": -0.50341796875,
        "25": -0.283203125,
        "50": -0.58203125
    },
    "2.pt": {
        "1": -0.0789794921875,
        "5": -0.241455078125,
        "10": -1.7041015625,
        "25": -1.71484375,
        "50": 0.0235595703125
    },
    "3.pt": {
        "1": -0.93798828125,
        "5": -1.5078125,
        "10": -0.394775390625,
        "25": -1.57421875,
        "50": -0.3994140625
    },
    "4.pt": {
        "1": -0.0264892578125,
        "5": 0.125732421875,
        "10": -0.1265869140625,
        "25": -0.806640625,
        "50": -1.5361328125
    }
}