{
    "0.pt": {
        "1": -0.8447265625,
        "5": -1.951171875,
        "10": -1.0546875,
        "25": -1.587890625,
        "50": -0.0005078315734863281
    },
    "1.pt": {
        "1": -0.73486328125,
        "5": -1.126953125,
        "10": -1.6298828125,
        "25": -1.7919921875,
        "50": -1.66015625
    },
    "2.pt": {
        "1": -1.6337890625,
        "5": -0.256103515625,
        "10": -1.1630859375,
        "25": -2.1640625,
        "50": -1.236328125
    },
    "3.pt": {
        "1": -0.6103515625,
        "5": -1.287109375,
        "10": -1.3447265625,
        "25": -0.82763671875,
        "50": 0.2003173828125
    },
    "4.pt": {
        "1": -0.05950927734375,
        "5": -0.70751953125,
        "10": -0.72607421875,
        "25": -1.64453125,
        "50": -1.775390625
    }
}