{
    "0.pt": {
        "1": -1.919921875,
        "5": -1.751953125,
        "10": 0.225341796875,
        "25": -1.927734375,
        "50": -1.3603515625
    },
    "1.pt": {
        "1": 0.0684814453125,
        "5": -0.66357421875,
        "10": -0.853515625,
        "25": -1.0126953125,
        "50": -1.1044921875
    },
    "2.pt": {
        "1": -0.046142578125,
        "5": -0.91162109375,
        "10": 0.010345458984375,
        "25": -1.3232421875,
        "50": -0.1837158203125
    },
    "3.pt": {
        "1": -2.068359375,
        "5": -0.62939453125,
        "10": -0.57763671875,
        "25": -0.9033203125,
        "50": 0.031494140625
    },
    "4.pt": {
        "1": -1.3701171875,
        "5": -1.2275390625,
        "10": -1.125,
        "25": -0.859375,
        "50": -1.5029296875
    }
}