{
    "0.pt": {
        "1": -1.0478515625,
        "5": -1.2646484375,
        "10": -1.2470703125,
        "25": -0.609375,
        "50": -1.185546875
    },
    "1.pt": {
        "1": -0.79736328125,
        "5": -1.4345703125,
        "10": -1.314453125,
        "25": -1.841796875,
        "50": -1.30078125
    },
    "2.pt": {
        "1": -1.712890625,
        "5": -1.2265625,
        "10": -1.04296875,
        "25": -1.2744140625,
        "50": -0.1331787109375
    },
    "3.pt": {
        "1": -1.3544921875,
        "5": 0.05145263671875,
        "10": -1.6328125,
        "25": -1.33984375,
        "50": -0.85986328125
    },
    "4.pt": {
        "1": -2.080078125,
        "5": -1.2080078125,
        "10": -1.150390625,
        "25": -0.90087890625,
        "50": -1.302734375
    }
}