{
    "0.pt": {
        "1": -0.62548828125,
        "5": -0.8642578125,
        "10": -1.482421875,
        "25": -0.99658203125,
        "50": -1.5
    },
    "1.pt": {
        "1": -1.4853515625,
        "5": -0.65478515625,
        "10": -0.67138671875,
        "25": -0.61181640625,
        "50": -0.90234375
    },
    "2.pt": {
        "1": -0.4521484375,
        "5": -2.0390625,
        "10": -0.470458984375,
        "25": -1.046875,
        "50": -0.145751953125
    },
    "3.pt": {
        "1": -1.6728515625,
        "5": -1.7109375,
        "10": -2.068359375,
        "25": -0.038330078125,
        "50": -1.875
    },
    "4.pt": {
        "1": -0.74267578125,
        "5": -1.556640625,
        "10": -1.76171875,
        "25": -0.49365234375,
        "50": -1.03515625
    }
}