{
    "0.pt": {
        "1": -1.4052734375,
        "5": -1.427734375,
        "10": -1.78125,
        "25": -0.82666015625,
        "50": -0.371337890625
    },
    "1.pt": {
        "1": 0.08074951171875,
        "5": -0.62353515625,
        "10": -0.400146484375,
        "25": -0.9072265625,
        "50": -1.4267578125
    },
    "2.pt": {
        "1": -0.7470703125,
        "5": -0.8974609375,
        "10": -1.490234375,
        "25": 0.0010528564453125,
        "50": -0.541015625
    },
    "3.pt": {
        "1": -1.2607421875,
        "5": -0.466064453125,
        "10": -1.2041015625,
        "25": -0.31884765625,
        "50": -1.4609375
    },
    "4.pt": {
        "1": -0.81396484375,
        "5": -1.6669921875,
        "10": -1.697265625,
        "25": -1.5634765625,
        "50": -1.2421875
    }
}