{
    "0.pt": {
        "1": -0.3876953125,
        "5": 0.0321044921875,
        "10": -0.92041015625,
        "25": 0.126220703125,
        "50": -1.0869140625
    },
    "1.pt": {
        "1": -2.056640625,
        "5": -1.716796875,
        "10": -1.880859375,
        "25": -0.00274658203125,
        "50": -1.5439453125
    },
    "2.pt": {
        "1": -0.159423828125,
        "5": -1.0849609375,
        "10": -0.052703857421875,
        "25": -0.6767578125,
        "50": -0.1771240234375
    },
    "3.pt": {
        "1": -1.9853515625,
        "5": -0.78564453125,
        "10": -1.48046875,
        "25": -1.328125,
        "50": -0.5458984375
    },
    "4.pt": {
        "1": -0.350341796875,
        "5": -1.1298828125,
        "10": -1.75390625,
        "25": -1.6728515625,
        "50": -0.66943359375
    }
}