{
    "0.pt": {
        "1": 0.0869140625,
        "5": -2.033203125,
        "10": -1.5361328125,
        "25": -0.93896484375,
        "50": -0.47021484375
    },
    "1.pt": {
        "1": -1.0693359375,
        "5": -0.646484375,
        "10": 0.296875,
        "25": -0.53759765625,
        "50": -1.0498046875
    },
    "2.pt": {
        "1": -1.578125,
        "5": -1.1015625,
        "10": -1.359375,
        "25": -1.8701171875,
        "50": -0.4853515625
    },
    "3.pt": {
        "1": -1.9716796875,
        "5": -1.58203125,
        "10": -1.525390625,
        "25": -1.3193359375,
        "50": -1.234375
    },
    "4.pt": {
        "1": -1.306640625,
        "5": -1.5068359375,
        "10": -1.6376953125,
        "25": -0.513671875,
        "50": -1.0859375
    }
}