{
    "0.pt": {
        "1": -0.6572265625,
        "5": -0.8916015625,
        "10": -0.42236328125,
        "25": -1.5048828125,
        "50": -1.1005859375
    },
    "1.pt": {
        "1": -0.27099609375,
        "5": -1.4111328125,
        "10": -1.494140625,
        "25": -0.48876953125,
        "50": -1.41015625
    },
    "2.pt": {
        "1": -0.1292724609375,
        "5": -0.4140625,
        "10": -1.2216796875,
        "25": -1.74609375,
        "50": -0.19677734375
    },
    "3.pt": {
        "1": -1.5546875,
        "5": -0.9755859375,
        "10": -2.201171875,
        "25": -1.3759765625,
        "50": -1.62109375
    },
    "4.pt": {
        "1": -0.58056640625,
        "5": -1.412109375,
        "10": -1.08203125,
        "25": -2.2421875,
        "50": -0.287109375
    }
}