{
    "0.pt": {
        "1": -1.2626953125,
        "5": -1.51953125,
        "10": -1.169921875,
        "25": -1.3408203125,
        "50": -1.6748046875
    },
    "1.pt": {
        "1": -1.3134765625,
        "5": -0.04620361328125,
        "10": -0.403564453125,
        "25": -0.07733154296875,
        "50": -0.1937255859375
    },
    "2.pt": {
        "1": -1.2109375,
        "5": 0.11944580078125,
        "10": -0.07928466796875,
        "25": -1.2373046875,
        "50": -1.15234375
    },
    "3.pt": {
        "1": -1.783203125,
        "5": -1.3359375,
        "10": -2.17578125,
        "25": -0.08941650390625,
        "50": -1.7841796875
    },
    "4.pt": {
        "1": -0.69677734375,
        "5": -1.2177734375,
        "10": -0.6201171875,
        "25": -1.875,
        "50": -1.564453125
    }
}