{
    "0.pt": {
        "1": -1.123046875,
        "5": -0.66943359375,
        "10": -1.33203125,
        "25": -1.7548828125,
        "50": -0.568359375
    },
    "1.pt": {
        "1": -1.7919921875,
        "5": -1.552734375,
        "10": -0.55224609375,
        "25": -1.2373046875,
        "50": -1.2822265625
    },
    "2.pt": {
        "1": -0.4541015625,
        "5": -0.04736328125,
        "10": -1.189453125,
        "25": -1.2119140625,
        "50": -0.9833984375
    },
    "3.pt": {
        "1": -1.4775390625,
        "5": -1.546875,
        "10": -0.78271484375,
        "25": -0.974609375,
        "50": -0.90771484375
    },
    "4.pt": {
        "1": -0.255859375,
        "5": -0.0156707763671875,
        "10": 0.395263671875,
        "25": -1.765625,
        "50": -0.2008056640625
    }
}