{
    "0.pt": {
        "1": -0.83837890625,
        "5": -0.71044921875,
        "10": -1.603515625,
        "25": -0.75390625,
        "50": -0.736328125
    },
    "1.pt": {
        "1": -0.5126953125,
        "5": -0.34033203125,
        "10": -0.935546875,
        "25": -0.370849609375,
        "50": -0.8193359375
    },
    "2.pt": {
        "1": -1.298828125,
        "5": -1.650390625,
        "10": -1.17578125,
        "25": -0.25048828125,
        "50": -0.783203125
    },
    "3.pt": {
        "1": -1.1064453125,
        "5": -1.08984375,
        "10": -1.576171875,
        "25": -1.2470703125,
        "50": -0.23046875
    },
    "4.pt": {
        "1": -0.576171875,
        "5": -1.2958984375,
        "10": -0.77978515625,
        "25": -0.2193603515625,
        "50": 0.0049285888671875
    }
}