{
    "0.pt": {
        "1": -0.3271484375,
        "5": -0.29833984375,
        "10": -0.270263671875,
        "25": -0.66015625,
        "50": -2.212890625
    },
    "1.pt": {
        "1": -1.0439453125,
        "5": -1.3271484375,
        "10": -0.63037109375,
        "25": -2.251953125,
        "50": -1.6435546875
    },
    "2.pt": {
        "1": -0.85693359375,
        "5": -0.7138671875,
        "10": -1.568359375,
        "25": -0.72119140625,
        "50": -1.23828125
    },
    "3.pt": {
        "1": -1.8544921875,
        "5": -1.9853515625,
        "10": -1.0673828125,
        "25": 0.0750732421875,
        "50": -0.427490234375
    },
    "4.pt": {
        "1": -0.6953125,
        "5": -0.407470703125,
        "10": -1.900390625,
        "25": 0.0266265869140625,
        "50": -0.92724609375
    }
}