{
    "0.pt": {
        "1": -0.50390625,
        "5": -1.19140625,
        "10": 0.328125,
        "25": -2.0546875,
        "50": -0.373291015625
    },
    "1.pt": {
        "1": -1.56640625,
        "5": -1.2470703125,
        "10": -0.55029296875,
        "25": -0.92529296875,
        "50": -1.1796875
    },
    "2.pt": {
        "1": -1.4013671875,
        "5": -0.9228515625,
        "10": -1.5771484375,
        "25": -1.1015625,
        "50": -0.00415802001953125
    },
    "3.pt": {
        "1": -0.58837890625,
        "5": -0.67041015625,
        "10": -0.98681640625,
        "25": 0.024932861328125,
        "50": 0.1170654296875
    },
    "4.pt": {
        "1": -0.7236328125,
        "5": -0.44384765625,
        "10": -1.39453125,
        "25": -0.68994140625,
        "50": -0.51708984375
    }
}