{
    "0.pt": {
        "1": -0.52880859375,
        "5": 0.00754547119140625,
        "10": -1.6689453125,
        "25": -1.849609375,
        "50": -1.109375
    },
    "1.pt": {
        "1": -1.1533203125,
        "5": -1.3408203125,
        "10": -0.54248046875,
        "25": -0.54248046875,
        "50": -1.2666015625
    },
    "2.pt": {
        "1": -0.5859375,
        "5": -1.263671875,
        "10": -1.951171875,
        "25": -1.0576171875,
        "50": 0.11572265625
    },
    "3.pt": {
        "1": -1.580078125,
        "5": -1.716796875,
        "10": -0.31494140625,
        "25": -1.5517578125,
        "50": -1.82421875
    },
    "4.pt": {
        "1": -0.486572265625,
        "5": -0.943359375,
        "10": -1.8193359375,
        "25": -1.7880859375,
        "50": -0.73828125
    }
}