{
    "0.pt": {
        "1": -0.6630859375,
        "5": -0.8583984375,
        "10": -1.98828125,
        "25": -1.685546875,
        "50": -1.236328125
    },
    "1.pt": {
        "1": -1.1220703125,
        "5": -1.2333984375,
        "10": -1.4208984375,
        "25": -1.77734375,
        "50": -1.2255859375
    },
    "2.pt": {
        "1": -1.2041015625,
        "5": -0.3330078125,
        "10": -1.8408203125,
        "25": -1.27734375,
        "50": -1.3515625
    },
    "3.pt": {
        "1": 0.0252685546875,
        "5": -1.5390625,
        "10": 0.041229248046875,
        "25": -1.29296875,
        "50": -0.3232421875
    },
    "4.pt": {
        "1": -1.5029296875,
        "5": 0.30078125,
        "10": -0.6064453125,
        "25": -2.208984375,
        "50": -0.58740234375
    }
}