{
    "0.pt": {
        "1": -1.373046875,
        "5": -1.701171875,
        "10": -1.33203125,
        "25": -1.7265625,
        "50": -0.423583984375
    },
    "1.pt": {
        "1": -0.7626953125,
        "5": -1.9267578125,
        "10": 0.12335205078125,
        "25": -1.4296875,
        "50": -0.5625
    },
    "2.pt": {
        "1": -1.9384765625,
        "5": -1.3798828125,
        "10": -1.2509765625,
        "25": 0.0073089599609375,
        "50": -1.4638671875
    },
    "3.pt": {
        "1": -1.7080078125,
        "5": -1.2470703125,
        "10": -1.3173828125,
        "25": -1.853515625,
        "50": -0.82275390625
    },
    "4.pt": {
        "1": -0.685546875,
        "5": -2.50390625,
        "10": -1.8984375,
        "25": -2.275390625,
        "50": -1.03125
    }
}