{
    "0.pt": {
        "1": -0.966796875,
        "5": 0.06048583984375,
        "10": -2.189453125,
        "25": -0.040924072265625,
        "50": -0.060577392578125
    },
    "1.pt": {
        "1": -0.92236328125,
        "5": -1.513671875,
        "10": -0.4814453125,
        "25": -0.353271484375,
        "50": -0.8046875
    },
    "2.pt": {
        "1": -0.78125,
        "5": -1.1884765625,
        "10": -0.1463623046875,
        "25": -1.4755859375,
        "50": -0.53076171875
    },
    "3.pt": {
        "1": -1.162109375,
        "5": -0.693359375,
        "10": -1.8134765625,
        "25": -0.96337890625,
        "50": 0.1578369140625
    },
    "4.pt": {
        "1": -1.4873046875,
        "5": -0.61376953125,
        "10": -1.7529296875,
        "25": -0.5634765625,
        "50": -1.783203125
    }
}