{
    "0.pt": {
        "1": -1.1064453125,
        "5": -1.8447265625,
        "10": 0.015869140625,
        "25": -1.314453125,
        "50": -0.697265625
    },
    "1.pt": {
        "1": -1.2265625,
        "5": -0.9521484375,
        "10": -1.1689453125,
        "25": -1.3515625,
        "50": -0.98486328125
    },
    "2.pt": {
        "1": 0.01080322265625,
        "5": -1.392578125,
        "10": -0.712890625,
        "25": -0.64697265625,
        "50": -1.189453125
    },
    "3.pt": {
        "1": -1.6884765625,
        "5": 0.393798828125,
        "10": -1.6103515625,
        "25": -1.1171875,
        "50": -1.8876953125
    },
    "4.pt": {
        "1": -0.474853515625,
        "5": -0.297119140625,
        "10": -1.3916015625,
        "25": 0.164306640625,
        "50": -1.158203125
    }
}