{
    "0.pt": {
        "1": -0.12841796875,
        "5": -1.5517578125,
        "10": -1.6181640625,
        "25": -1.7470703125,
        "50": -0.6455078125
    },
    "1.pt": {
        "1": -1.47265625,
        "5": -2.06640625,
        "10": -0.66796875,
        "25": -0.78564453125,
        "50": 0.521484375
    },
    "2.pt": {
        "1": -1.4580078125,
        "5": -0.67138671875,
        "10": -0.767578125,
        "25": -1.2412109375,
        "50": -1.66015625
    },
    "3.pt": {
        "1": -1.7734375,
        "5": -1.3525390625,
        "10": -0.066650390625,
        "25": -1.4921875,
        "50": -2.05078125
    },
    "4.pt": {
        "1": -1.1689453125,
        "5": -0.28955078125,
        "10": -1.826171875,
        "25": -1.640625,
        "50": -0.7080078125
    }
}