{
    "0.pt": {
        "1": -0.76904296875,
        "5": -2.353515625,
        "10": -0.87939453125,
        "25": -1.1044921875,
        "50": -0.8701171875
    },
    "1.pt": {
        "1": -2.236328125,
        "5": -0.453125,
        "10": -0.986328125,
        "25": -1.302734375,
        "50": -0.58447265625
    },
    "2.pt": {
        "1": -0.10345458984375,
        "5": -1.1337890625,
        "10": -1.337890625,
        "25": -0.966796875,
        "50": -1.833984375
    },
    "3.pt": {
        "1": 0.2724609375,
        "5": -0.64501953125,
        "10": -1.580078125,
        "25": -0.46435546875,
        "50": -0.03302001953125
    },
    "4.pt": {
        "1": -1.7177734375,
        "5": -0.291259765625,
        "10": -1.5078125,
        "25": -0.52392578125,
        "50": -0.828125
    }
}