{
    "0.pt": {
        "1": -1.232421875,
        "5": -0.446044921875,
        "10": -1.4775390625,
        "25": -1.736328125,
        "50": -1.625
    },
    "1.pt": {
        "1": -0.378662109375,
        "5": -1.6015625,
        "10": -0.677734375,
        "25": -1.693359375,
        "50": -0.86376953125
    },
    "2.pt": {
        "1": -0.79443359375,
        "5": -0.63134765625,
        "10": -0.365234375,
        "25": -2.25,
        "50": -1.0732421875
    },
    "3.pt": {
        "1": -0.2314453125,
        "5": -0.896484375,
        "10": -0.035247802734375,
        "25": -1.4443359375,
        "50": -0.2469482421875
    },
    "4.pt": {
        "1": -0.66259765625,
        "5": -1.4140625,
        "10": -1.8818359375,
        "25": -2.19140625,
        "50": -0.10211181640625
    }
}