{
    "0.pt": {
        "1": 0.132080078125,
        "5": -1.259765625,
        "10": -1.1630859375,
        "25": -1.544921875,
        "50": -0.90771484375
    },
    "1.pt": {
        "1": -0.7412109375,
        "5": -0.341552734375,
        "10": -0.56591796875,
        "25": -1.4140625,
        "50": -0.5927734375
    },
    "2.pt": {
        "1": -0.998046875,
        "5": -1.2109375,
        "10": -1.32421875,
        "25": -0.72509765625,
        "50": -2.056640625
    },
    "3.pt": {
        "1": -2.2421875,
        "5": -0.53466796875,
        "10": -1.8408203125,
        "25": -1.7080078125,
        "50": -2.1328125
    },
    "4.pt": {
        "1": -1.345703125,
        "5": -1.423828125,
        "10": -1.267578125,
        "25": -0.48388671875,
        "50": -0.0439453125
    }
}