{
    "0.pt": {
        "1": -1.3466796875,
        "5": -0.96728515625,
        "10": -1.212890625,
        "25": -1.1484375,
        "50": -2.11328125
    },
    "1.pt": {
        "1": -0.35498046875,
        "5": -1.7353515625,
        "10": -0.3408203125,
        "25": -1.71875,
        "50": -2.271484375
    },
    "2.pt": {
        "1": -1.01171875,
        "5": -0.2220458984375,
        "10": -0.453125,
        "25": -1.3935546875,
        "50": -1.166015625
    },
    "3.pt": {
        "1": -1.9189453125,
        "5": -1.5859375,
        "10": -0.40771484375,
        "25": -0.410400390625,
        "50": 0.08343505859375
    },
    "4.pt": {
        "1": -1.037109375,
        "5": -1.7861328125,
        "10": -0.94873046875,
        "25": -0.5546875,
        "50": -1.9345703125
    }
}