{
    "0.pt": {
        "1": -1.392578125,
        "5": -2.001953125,
        "10": -0.3876953125,
        "25": -0.5166015625,
        "50": -0.28857421875
    },
    "1.pt": {
        "1": -0.90087890625,
        "5": -1.4609375,
        "10": -1.068359375,
        "25": -1.380859375,
        "50": -0.2318115234375
    },
    "2.pt": {
        "1": -0.005931854248046875,
        "5": -0.9921875,
        "10": -1.09375,
        "25": -0.27490234375,
        "50": -1.0478515625
    },
    "3.pt": {
        "1": -0.464111328125,
        "5": -0.99755859375,
        "10": -1.0966796875,
        "25": -0.97998046875,
        "50": -0.94873046875
    },
    "4.pt": {
        "1": -0.68310546875,
        "5": -1.6748046875,
        "10": -2.064453125,
        "25": -1.3056640625,
        "50": -0.9111328125
    }
}