{
    "0.pt": {
        "1": -0.412841796875,
        "5": -1.31640625,
        "10": -1.5498046875,
        "25": 0.232666015625,
        "50": -1.484375
    },
    "1.pt": {
        "1": -0.837890625,
        "5": -1.12109375,
        "10": -0.1796875,
        "25": -1.642578125,
        "50": -1.478515625
    },
    "2.pt": {
        "1": -0.8564453125,
        "5": -0.9140625,
        "10": -0.95361328125,
        "25": -0.86474609375,
        "50": -1.45703125
    },
    "3.pt": {
        "1": -0.455078125,
        "5": -0.7939453125,
        "10": 0.03924560546875,
        "25": -1.53515625,
        "50": -0.630859375
    },
    "4.pt": {
        "1": -1.5712890625,
        "5": -1.24609375,
        "10": 0.6240234375,
        "25": -1.6357421875,
        "50": -1.54296875
    }
}