{
    "0.pt": {
        "1": -0.89794921875,
        "5": -1.005859375,
        "10": -0.19140625,
        "25": -0.9658203125,
        "50": -0.40576171875
    },
    "1.pt": {
        "1": -0.54833984375,
        "5": -0.99658203125,
        "10": -2.048828125,
        "25": -0.84912109375,
        "50": -0.16845703125
    },
    "2.pt": {
        "1": -2.017578125,
        "5": -0.275634765625,
        "10": -1.1328125,
        "25": 0.89892578125,
        "50": -0.78271484375
    },
    "3.pt": {
        "1": -0.58837890625,
        "5": -1.1884765625,
        "10": -0.200927734375,
        "25": -1.328125,
        "50": -0.1885986328125
    },
    "4.pt": {
        "1": -0.31884765625,
        "5": -1.3916015625,
        "10": -0.953125,
        "25": -0.34326171875,
        "50": -0.0855712890625
    }
}