{
    "0.pt": {
        "1": -0.896484375,
        "5": -0.50927734375,
        "10": -0.9912109375,
        "25": -0.830078125,
        "50": -1.1181640625
    },
    "1.pt": {
        "1": -0.8232421875,
        "5": -1.3125,
        "10": -1.1044921875,
        "25": -1.404296875,
        "50": -1.11328125
    },
    "2.pt": {
        "1": -1.2978515625,
        "5": -2.029296875,
        "10": -2.048828125,
        "25": -0.03302001953125,
        "50": -0.87158203125
    },
    "3.pt": {
        "1": -1.7646484375,
        "5": -0.5888671875,
        "10": -0.58203125,
        "25": -1.1826171875,
        "50": -1.224609375
    },
    "4.pt": {
        "1": -0.7294921875,
        "5": -1.0205078125,
        "10": 0.0321044921875,
        "25": -0.94140625,
        "50": -0.9228515625
    }
}