{
    "0.pt": {
        "1": -0.146728515625,
        "5": -0.90625,
        "10": -1.62890625,
        "25": -0.900390625,
        "50": -1.61328125
    },
    "1.pt": {
        "1": -1.0986328125,
        "5": -1.0341796875,
        "10": -0.525390625,
        "25": -1.80859375,
        "50": -1.314453125
    },
    "2.pt": {
        "1": -0.546875,
        "5": -0.7529296875,
        "10": -0.88916015625,
        "25": -0.93896484375,
        "50": -1.25
    },
    "3.pt": {
        "1": -1.8251953125,
        "5": -0.8798828125,
        "10": -2.1171875,
        "25": -2.068359375,
        "50": -0.81201171875
    },
    "4.pt": {
        "1": -0.62353515625,
        "5": -2.095703125,
        "10": -0.49853515625,
        "25": -0.94873046875,
        "50": -0.92724609375
    }
}