{
    "0.pt": {
        "1": -1.3076171875,
        "5": 5.0067901611328125e-06,
        "10": -1.70703125,
        "25": -1.63671875,
        "50": -1.3720703125
    },
    "1.pt": {
        "1": -2.1875,
        "5": -1.0869140625,
        "10": -1.3623046875,
        "25": -1.583984375,
        "50": -0.93408203125
    },
    "2.pt": {
        "1": -1.6474609375,
        "5": -1.4599609375,
        "10": -1.63671875,
        "25": -0.93798828125,
        "50": -1.734375
    },
    "3.pt": {
        "1": -0.97119140625,
        "5": -0.77587890625,
        "10": -1.2548828125,
        "25": -2.150390625,
        "50": -1.9365234375
    },
    "4.pt": {
        "1": -0.15185546875,
        "5": -1.00390625,
        "10": -0.1396484375,
        "25": -1.828125,
        "50": -0.55224609375
    }
}