{
    "0.pt": {
        "1": -0.9111328125,
        "5": -0.5224609375,
        "10": -1.73046875,
        "25": 0.338623046875,
        "50": -0.7431640625
    },
    "1.pt": {
        "1": -1.3818359375,
        "5": -0.5576171875,
        "10": -0.1688232421875,
        "25": 0.045562744140625,
        "50": -0.89208984375
    },
    "2.pt": {
        "1": -1.388671875,
        "5": -1.3369140625,
        "10": -1.56640625,
        "25": -0.9609375,
        "50": -0.984375
    },
    "3.pt": {
        "1": -0.4248046875,
        "5": -1.3369140625,
        "10": -1.01953125,
        "25": -0.7998046875,
        "50": -1.923828125
    },
    "4.pt": {
        "1": -1.5927734375,
        "5": -1.142578125,
        "10": -1.65234375,
        "25": -2.3515625,
        "50": 0.09893798828125
    }
}