{
    "0.pt": {
        "1": -1.8427734375,
        "5": -1.3173828125,
        "10": -1.3798828125,
        "25": -1.841796875,
        "50": -1.4375
    },
    "1.pt": {
        "1": -0.73095703125,
        "5": -1.41015625,
        "10": -0.626953125,
        "25": -0.345703125,
        "50": -0.96630859375
    },
    "2.pt": {
        "1": -2.232421875,
        "5": -0.7421875,
        "10": -1.447265625,
        "25": -0.96826171875,
        "50": -1.33203125
    },
    "3.pt": {
        "1": -0.388427734375,
        "5": -1.384765625,
        "10": -0.280029296875,
        "25": 0.01087188720703125,
        "50": -2.14453125
    },
    "4.pt": {
        "1": -0.59130859375,
        "5": -1.6591796875,
        "10": -0.12164306640625,
        "25": -0.62744140625,
        "50": -0.92236328125
    }
}