{
    "0.pt": {
        "1": -0.548828125,
        "5": -0.1353759765625,
        "10": -1.26953125,
        "25": -2.361328125,
        "50": -1.291015625
    },
    "1.pt": {
        "1": -0.2034912109375,
        "5": -1.4384765625,
        "10": -0.90576171875,
        "25": -0.72265625,
        "50": -1.734375
    },
    "2.pt": {
        "1": -1.7421875,
        "5": -1.6494140625,
        "10": -0.5107421875,
        "25": -1.6044921875,
        "50": -0.9677734375
    },
    "3.pt": {
        "1": -1.0947265625,
        "5": -0.341796875,
        "10": -1.26171875,
        "25": -1.95703125,
        "50": -0.33154296875
    },
    "4.pt": {
        "1": -1.0947265625,
        "5": -0.62353515625,
        "10": -1.296875,
        "25": 0.33642578125,
        "50": 0.0556640625
    }
}