{
    "0.pt": {
        "1": -1.119140625,
        "5": -1.3046875,
        "10": -1.8974609375,
        "25": -0.52880859375,
        "50": -0.72021484375
    },
    "1.pt": {
        "1": -1.7578125,
        "5": 0.0877685546875,
        "10": -1.607421875,
        "25": -1.3154296875,
        "50": -2.013671875
    },
    "2.pt": {
        "1": -0.5078125,
        "5": -0.213134765625,
        "10": -1.5859375,
        "25": -1.6572265625,
        "50": -1.330078125
    },
    "3.pt": {
        "1": -0.96630859375,
        "5": -0.365478515625,
        "10": -1.7001953125,
        "25": -0.1282958984375,
        "50": -0.5927734375
    },
    "4.pt": {
        "1": -1.123046875,
        "5": -0.34375,
        "10": -1.6279296875,
        "25": -0.50244140625,
        "50": 0.0308990478515625
    }
}