{
    "0.pt": {
        "1": -0.1783447265625,
        "5": -0.88623046875,
        "10": -0.207275390625,
        "25": -0.96875,
        "50": -0.1480712890625
    },
    "1.pt": {
        "1": -1.083984375,
        "5": -1.685546875,
        "10": -1.34375,
        "25": -1.37109375,
        "50": -1.681640625
    },
    "2.pt": {
        "1": -1.396484375,
        "5": -0.95849609375,
        "10": -1.083984375,
        "25": -2.109375,
        "50": -1.0234375
    },
    "3.pt": {
        "1": -1.2529296875,
        "5": -0.73046875,
        "10": -0.8544921875,
        "25": -1.173828125,
        "50": -0.8046875
    },
    "4.pt": {
        "1": -0.85498046875,
        "5": -1.52734375,
        "10": -0.89013671875,
        "25": -1.0263671875,
        "50": -0.0146331787109375
    }
}