{
    "0.pt": {
        "1": 0.4130859375,
        "5": -0.94189453125,
        "10": -0.99853515625,
        "25": -1.8046875,
        "50": -1.05859375
    },
    "1.pt": {
        "1": -0.4658203125,
        "5": 0.246337890625,
        "10": -1.7783203125,
        "25": -0.58251953125,
        "50": -2.037109375
    },
    "2.pt": {
        "1": -1.556640625,
        "5": -1.0439453125,
        "10": -1.068359375,
        "25": -0.82666015625,
        "50": -1.6796875
    },
    "3.pt": {
        "1": -2.109375,
        "5": -0.8115234375,
        "10": -1.3974609375,
        "25": -1.0556640625,
        "50": -1.1884765625
    },
    "4.pt": {
        "1": -1.2451171875,
        "5": -0.49658203125,
        "10": -1.1826171875,
        "25": -0.970703125,
        "50": -1.767578125
    }
}