{
    "0.pt": {
        "1": -1.0283203125,
        "5": -1.1875,
        "10": -1.732421875,
        "25": -0.83837890625,
        "50": -1.08984375
    },
    "1.pt": {
        "1": -0.55810546875,
        "5": -0.236328125,
        "10": -1.7255859375,
        "25": -1.8173828125,
        "50": -0.767578125
    },
    "2.pt": {
        "1": -0.058807373046875,
        "5": -0.54345703125,
        "10": -1.3427734375,
        "25": -1.4189453125,
        "50": -0.4287109375
    },
    "3.pt": {
        "1": -2.0078125,
        "5": -1.0693359375,
        "10": -1.3671875,
        "25": -0.55126953125,
        "50": -1.0146484375
    },
    "4.pt": {
        "1": -0.85400390625,
        "5": -0.080078125,
        "10": -0.916015625,
        "25": -1.6689453125,
        "50": -0.315185546875
    }
}