{
    "0.pt": {
        "1": -0.560546875,
        "5": -0.712890625,
        "10": -1.3193359375,
        "25": -1.5263671875,
        "50": -1.2724609375
    },
    "1.pt": {
        "1": -2.013671875,
        "5": -0.74365234375,
        "10": -1.3037109375,
        "25": -0.495361328125,
        "50": -1.205078125
    },
    "2.pt": {
        "1": -1.2255859375,
        "5": -0.324951171875,
        "10": -1.6787109375,
        "25": -1.80859375,
        "50": -0.88134765625
    },
    "3.pt": {
        "1": 0.0243988037109375,
        "5": -1.46484375,
        "10": 0.1800537109375,
        "25": -1.88671875,
        "50": 0.245361328125
    },
    "4.pt": {
        "1": -0.5908203125,
        "5": -0.77197265625,
        "10": -1.919921875,
        "25": -1.2197265625,
        "50": -1.7568359375
    }
}