{
    "0.pt": {
        "1": -0.265625,
        "5": -1.341796875,
        "10": -2.060546875,
        "25": -1.4755859375,
        "50": -0.95703125
    },
    "1.pt": {
        "1": -0.90185546875,
        "5": -0.24951171875,
        "10": -0.00841522216796875,
        "25": -1.36328125,
        "50": -1.3046875
    },
    "2.pt": {
        "1": -0.66796875,
        "5": -1.2734375,
        "10": -0.70068359375,
        "25": -1.529296875,
        "50": -1.15625
    },
    "3.pt": {
        "1": -0.08966064453125,
        "5": -1.8720703125,
        "10": -1.7724609375,
        "25": -0.47265625,
        "50": -1.0888671875
    },
    "4.pt": {
        "1": -0.401611328125,
        "5": -1.6171875,
        "10": -0.260009765625,
        "25": -0.70654296875,
        "50": -1.6552734375
    }
}