{
    "0.pt": {
        "1": -1.4296875,
        "5": -0.58251953125,
        "10": -1.3916015625,
        "25": -1.6103515625,
        "50": -1.673828125
    },
    "1.pt": {
        "1": -1.341796875,
        "5": -0.9794921875,
        "10": -1.3828125,
        "25": -0.5126953125,
        "50": -1.576171875
    },
    "2.pt": {
        "1": -0.60693359375,
        "5": -0.65673828125,
        "10": -1.318359375,
        "25": -1.0458984375,
        "50": -1.515625
    },
    "3.pt": {
        "1": -0.3349609375,
        "5": 0.143310546875,
        "10": -0.69091796875,
        "25": -0.916015625,
        "50": -1.2568359375
    },
    "4.pt": {
        "1": -1.056640625,
        "5": -0.5048828125,
        "10": -0.88623046875,
        "25": -1.30078125,
        "50": -0.1214599609375
    }
}