{
    "0.pt": {
        "1": -1.4306640625,
        "5": -1.26171875,
        "10": -0.74951171875,
        "25": -0.84716796875,
        "50": -1.64453125
    },
    "1.pt": {
        "1": -0.7734375,
        "5": -0.230712890625,
        "10": -1.169921875,
        "25": -0.464111328125,
        "50": -0.64208984375
    },
    "2.pt": {
        "1": -0.8525390625,
        "5": -0.5029296875,
        "10": -2.099609375,
        "25": -1.78125,
        "50": -1.7890625
    },
    "3.pt": {
        "1": -0.1502685546875,
        "5": -1.6455078125,
        "10": -1.2158203125,
        "25": -1.03125,
        "50": -2.03515625
    },
    "4.pt": {
        "1": -0.7177734375,
        "5": -1.57421875,
        "10": -1.271484375,
        "25": -0.4609375,
        "50": -1.1552734375
    }
}