{
    "0.pt": {
        "1": -1.5751953125,
        "5": -0.56103515625,
        "10": -0.01433563232421875,
        "25": -2.14453125,
        "50": -1.310546875
    },
    "1.pt": {
        "1": -0.91357421875,
        "5": -0.329345703125,
        "10": -1.06640625,
        "25": -1.1669921875,
        "50": 0.14599609375
    },
    "2.pt": {
        "1": -0.7568359375,
        "5": -0.517578125,
        "10": -1.6884765625,
        "25": -1.2412109375,
        "50": -0.88525390625
    },
    "3.pt": {
        "1": -1.8720703125,
        "5": -0.319091796875,
        "10": -0.0863037109375,
        "25": -1.1904296875,
        "50": -0.5908203125
    },
    "4.pt": {
        "1": -2.021484375,
        "5": 0.0223846435546875,
        "10": -1.5625,
        "25": -0.96142578125,
        "50": -1.5791015625
    }
}