{
    "0.pt": {
        "1": -1.1689453125,
        "5": -2.357421875,
        "10": -0.66162109375,
        "25": -1.76171875,
        "50": -1.0205078125
    },
    "1.pt": {
        "1": -1.978515625,
        "5": -1.94921875,
        "10": -0.00942230224609375,
        "25": -0.95849609375,
        "50": 0.014129638671875
    },
    "2.pt": {
        "1": -0.05072021484375,
        "5": -0.4404296875,
        "10": -0.71923828125,
        "25": -1.0341796875,
        "50": -1.474609375
    },
    "3.pt": {
        "1": -1.4609375,
        "5": -1.0810546875,
        "10": -2.033203125,
        "25": -1.291015625,
        "50": -0.1646728515625
    },
    "4.pt": {
        "1": -0.62158203125,
        "5": -0.783203125,
        "10": -0.136962890625,
        "25": -0.473876953125,
        "50": -0.43310546875
    }
}