{
    "0.pt": {
        "1": -1.16796875,
        "5": -1.5498046875,
        "10": -1.66796875,
        "25": -0.763671875,
        "50": -0.482177734375
    },
    "1.pt": {
        "1": -1.8115234375,
        "5": -1.0859375,
        "10": -1.31640625,
        "25": -1.2021484375,
        "50": -1.8076171875
    },
    "2.pt": {
        "1": -1.873046875,
        "5": -0.4921875,
        "10": -1.7236328125,
        "25": 0.09344482421875,
        "50": -2.05859375
    },
    "3.pt": {
        "1": -1.7470703125,
        "5": -0.11737060546875,
        "10": -0.94775390625,
        "25": -0.78564453125,
        "50": 0.194091796875
    },
    "4.pt": {
        "1": -1.5361328125,
        "5": -0.2088623046875,
        "10": -1.0322265625,
        "25": -0.755859375,
        "50": -0.106689453125
    }
}