{
    "0.pt": {
        "1": -2.01171875,
        "5": -1.0537109375,
        "10": -1.080078125,
        "25": -0.8125,
        "50": -1.8642578125
    },
    "1.pt": {
        "1": -0.0239105224609375,
        "5": -1.2333984375,
        "10": -1.20703125,
        "25": -1.2138671875,
        "50": -0.41650390625
    },
    "2.pt": {
        "1": -1.27734375,
        "5": -0.94384765625,
        "10": -0.8212890625,
        "25": -0.04840087890625,
        "50": -1.3154296875
    },
    "3.pt": {
        "1": -1.728515625,
        "5": -1.724609375,
        "10": -0.6826171875,
        "25": -0.10980224609375,
        "50": -1.4296875
    },
    "4.pt": {
        "1": -1.8876953125,
        "5": -0.8193359375,
        "10": -0.54931640625,
        "25": -0.24267578125,
        "50": -1.0380859375
    }
}