{
    "0.pt": {
        "1": -1.3154296875,
        "5": 0.2171630859375,
        "10": -1.44140625,
        "25": -2.46875,
        "50": -1.888671875
    },
    "1.pt": {
        "1": -1.2099609375,
        "5": -0.52490234375,
        "10": -1.8330078125,
        "25": -0.63134765625,
        "50": -1.4345703125
    },
    "2.pt": {
        "1": -0.070556640625,
        "5": -1.4404296875,
        "10": -1.7314453125,
        "25": -0.21826171875,
        "50": 0.368408203125
    },
    "3.pt": {
        "1": -0.619140625,
        "5": -1.46484375,
        "10": -1.7578125,
        "25": -1.3291015625,
        "50": -1.66015625
    },
    "4.pt": {
        "1": -1.013671875,
        "5": 0.03302001953125,
        "10": -1.8349609375,
        "25": -0.302490234375,
        "50": -1.4326171875
    }
}