{
    "0.pt": {
        "1": -1.138671875,
        "5": -0.52587890625,
        "10": -0.98193359375,
        "25": -1.1982421875,
        "50": -0.5029296875
    },
    "1.pt": {
        "1": -0.43896484375,
        "5": -1.9638671875,
        "10": -0.28955078125,
        "25": -0.4287109375,
        "50": -1.6689453125
    },
    "2.pt": {
        "1": -0.64599609375,
        "5": -0.97802734375,
        "10": -1.080078125,
        "25": -1.1474609375,
        "50": -0.442138671875
    },
    "3.pt": {
        "1": -0.18017578125,
        "5": -1.5283203125,
        "10": -0.93115234375,
        "25": -1.5107421875,
        "50": -0.4248046875
    },
    "4.pt": {
        "1": -1.73046875,
        "5": -0.73583984375,
        "10": -1.576171875,
        "25": -0.0894775390625,
        "50": -1.0166015625
    }
}