{
    "0.pt": {
        "1": -0.8828125,
        "5": -1.3525390625,
        "10": -0.7236328125,
        "25": -1.23828125,
        "50": -0.14306640625
    },
    "1.pt": {
        "1": -1.185546875,
        "5": -1.4228515625,
        "10": -1.900390625,
        "25": -0.38623046875,
        "50": -1.615234375
    },
    "2.pt": {
        "1": -0.448974609375,
        "5": -0.91455078125,
        "10": -0.488525390625,
        "25": -1.7041015625,
        "50": -1.3740234375
    },
    "3.pt": {
        "1": -0.9921875,
        "5": -0.6259765625,
        "10": -1.080078125,
        "25": -1.1142578125,
        "50": -0.2099609375
    },
    "4.pt": {
        "1": -1.193359375,
        "5": 0.1065673828125,
        "10": -1.1044921875,
        "25": -0.489990234375,
        "50": -1.421875
    }
}