{
    "0.pt": {
        "1": -1.333984375,
        "5": -2.044921875,
        "10": -1.482421875,
        "25": -0.625,
        "50": -1.0810546875
    },
    "1.pt": {
        "1": -0.322021484375,
        "5": -0.53466796875,
        "10": -0.48828125,
        "25": -1.947265625,
        "50": -1.5595703125
    },
    "2.pt": {
        "1": 0.1661376953125,
        "5": -0.93408203125,
        "10": -1.666015625,
        "25": -1.7412109375,
        "50": -0.9287109375
    },
    "3.pt": {
        "1": -0.52685546875,
        "5": -1.6103515625,
        "10": 0.028656005859375,
        "25": -0.1983642578125,
        "50": -0.9755859375
    },
    "4.pt": {
        "1": -1.5634765625,
        "5": -0.9365234375,
        "10": -1.85546875,
        "25": -1.8359375,
        "50": -2.34375
    }
}