{
    "0.pt": {
        "1": -1.603515625,
        "5": -0.7939453125,
        "10": -0.7685546875,
        "25": -1.4033203125,
        "50": -1.892578125
    },
    "1.pt": {
        "1": -0.583984375,
        "5": -0.8701171875,
        "10": -0.779296875,
        "25": -1.337890625,
        "50": -1.45703125
    },
    "2.pt": {
        "1": -0.439453125,
        "5": -1.8447265625,
        "10": -1.4365234375,
        "25": -1.9443359375,
        "50": -0.58984375
    },
    "3.pt": {
        "1": -1.513671875,
        "5": -0.0134124755859375,
        "10": -0.55322265625,
        "25": 0.0136871337890625,
        "50": -0.8115234375
    },
    "4.pt": {
        "1": -0.76025390625,
        "5": -1.45703125,
        "10": -0.6669921875,
        "25": -1.72265625,
        "50": -1.537109375
    }
}