{
    "0.pt": {
        "1": -0.6396484375,
        "5": -0.358642578125,
        "10": -0.9697265625,
        "25": -1.0322265625,
        "50": -0.32470703125
    },
    "1.pt": {
        "1": -0.60595703125,
        "5": -1.416015625,
        "10": -1.310546875,
        "25": -0.8779296875,
        "50": -0.5166015625
    },
    "2.pt": {
        "1": -1.298828125,
        "5": -0.430908203125,
        "10": -1.3291015625,
        "25": -0.515625,
        "50": -0.369140625
    },
    "3.pt": {
        "1": 0.444091796875,
        "5": -0.978515625,
        "10": -1.919921875,
        "25": -0.486572265625,
        "50": -0.80419921875
    },
    "4.pt": {
        "1": -0.9375,
        "5": -1.671875,
        "10": -0.48779296875,
        "25": -0.1832275390625,
        "50": -1.173828125
    }
}