{
    "0.pt": {
        "1": -1.3447265625,
        "5": -0.67724609375,
        "10": -1.42578125,
        "25": -1.8681640625,
        "50": -1.251953125
    },
    "1.pt": {
        "1": -1.064453125,
        "5": -1.2978515625,
        "10": -1.0400390625,
        "25": -1.6826171875,
        "50": -1.40625
    },
    "2.pt": {
        "1": -0.0253143310546875,
        "5": -0.6982421875,
        "10": -1.6982421875,
        "25": -1.1240234375,
        "50": -1.9443359375
    },
    "3.pt": {
        "1": -1.7607421875,
        "5": -1.4091796875,
        "10": -1.4833984375,
        "25": -0.26416015625,
        "50": -2.109375
    },
    "4.pt": {
        "1": -1.6298828125,
        "5": -0.27978515625,
        "10": -1.2509765625,
        "25": -1.8466796875,
        "50": -1.515625
    }
}