{
    "0.pt": {
        "1": -1.49609375,
        "5": -0.66357421875,
        "10": -0.748046875,
        "25": -0.15625,
        "50": 0.22509765625
    },
    "1.pt": {
        "1": -0.59521484375,
        "5": -0.69775390625,
        "10": -0.65771484375,
        "25": -0.38916015625,
        "50": -1.1669921875
    },
    "2.pt": {
        "1": -1.7958984375,
        "5": -0.3212890625,
        "10": -1.5361328125,
        "25": -0.888671875,
        "50": -0.78759765625
    },
    "3.pt": {
        "1": -1.9248046875,
        "5": -1.6220703125,
        "10": -1.111328125,
        "25": -0.30859375,
        "50": -1.9111328125
    },
    "4.pt": {
        "1": -1.4169921875,
        "5": -0.9921875,
        "10": -1.3203125,
        "25": -1.01953125,
        "50": -1.392578125
    }
}