{
    "0.pt": {
        "1": -2.2265625,
        "5": -1.73046875,
        "10": -0.740234375,
        "25": -1.8603515625,
        "50": 0.1790771484375
    },
    "1.pt": {
        "1": -0.78466796875,
        "5": -1.5751953125,
        "10": -0.70263671875,
        "25": -0.08087158203125,
        "50": -1.65625
    },
    "2.pt": {
        "1": -0.70703125,
        "5": -0.281494140625,
        "10": -0.26953125,
        "25": -0.2432861328125,
        "50": -0.50390625
    },
    "3.pt": {
        "1": -2.04296875,
        "5": 0.0019063949584960938,
        "10": -1.693359375,
        "25": -1.111328125,
        "50": -0.197021484375
    },
    "4.pt": {
        "1": -1.2177734375,
        "5": -1.2275390625,
        "10": -0.4326171875,
        "25": -0.79296875,
        "50": -0.853515625
    }
}