{
    "0.pt": {
        "1": -0.9580078125,
        "5": -0.262451171875,
        "10": -0.76318359375,
        "25": -1.025390625,
        "50": -0.92919921875
    },
    "1.pt": {
        "1": -1.0791015625,
        "5": -0.64306640625,
        "10": -1.6875,
        "25": -1.619140625,
        "50": -1.4365234375
    },
    "2.pt": {
        "1": -1.48828125,
        "5": -0.66845703125,
        "10": -0.4892578125,
        "25": -0.96875,
        "50": -0.28076171875
    },
    "3.pt": {
        "1": -0.6865234375,
        "5": -0.085205078125,
        "10": -0.86083984375,
        "25": -1.171875,
        "50": -1.685546875
    },
    "4.pt": {
        "1": -1.140625,
        "5": -0.98046875,
        "10": -1.857421875,
        "25": -1.0712890625,
        "50": -1.427734375
    }
}