{
    "0.pt": {
        "1": -1.5673828125,
        "5": -1.4521484375,
        "10": -1.1611328125,
        "25": -0.19189453125,
        "50": -0.77783203125
    },
    "1.pt": {
        "1": -1.5205078125,
        "5": -1.2314453125,
        "10": -1.2578125,
        "25": -1.505859375,
        "50": -1.486328125
    },
    "2.pt": {
        "1": -0.92236328125,
        "5": -0.595703125,
        "10": -1.150390625,
        "25": -0.52978515625,
        "50": -1.0634765625
    },
    "3.pt": {
        "1": -1.2763671875,
        "5": -0.380859375,
        "10": -1.9833984375,
        "25": -0.1239013671875,
        "50": -0.338623046875
    },
    "4.pt": {
        "1": 0.35400390625,
        "5": -0.290771484375,
        "10": -1.2900390625,
        "25": -0.02099609375,
        "50": -0.40673828125
    }
}