{
    "0.pt": {
        "1": -1.375,
        "5": -1.3330078125,
        "10": -1.0615234375,
        "25": -0.7197265625,
        "50": -1.9189453125
    },
    "1.pt": {
        "1": -1.1513671875,
        "5": -0.85009765625,
        "10": -0.6083984375,
        "25": -0.92529296875,
        "50": -0.93505859375
    },
    "2.pt": {
        "1": -0.1954345703125,
        "5": -0.9599609375,
        "10": -1.8369140625,
        "25": -1.2138671875,
        "50": -0.65625
    },
    "3.pt": {
        "1": -1.9609375,
        "5": 0.0694580078125,
        "10": -1.0146484375,
        "25": -1.9248046875,
        "50": 0.00951385498046875
    },
    "4.pt": {
        "1": -0.457275390625,
        "5": -1.6728515625,
        "10": -2.0546875,
        "25": -0.69140625,
        "50": -0.5361328125
    }
}