{
    "0.pt": {
        "1": -0.79052734375,
        "5": -1.4189453125,
        "10": -0.2427978515625,
        "25": -0.62060546875,
        "50": -1.6123046875
    },
    "1.pt": {
        "1": -1.45703125,
        "5": -1.244140625,
        "10": -0.57958984375,
        "25": -0.9814453125,
        "50": -1.28125
    },
    "2.pt": {
        "1": -1.79296875,
        "5": -1.1259765625,
        "10": -0.7373046875,
        "25": -1.4833984375,
        "50": -0.40185546875
    },
    "3.pt": {
        "1": -1.36328125,
        "5": -1.1943359375,
        "10": -1.0869140625,
        "25": -0.6689453125,
        "50": -0.9140625
    },
    "4.pt": {
        "1": -1.1826171875,
        "5": -1.240234375,
        "10": -1.224609375,
        "25": -0.974609375,
        "50": -0.320068359375
    }
}