{
    "0.pt": {
        "1": -1.4130859375,
        "5": -0.354248046875,
        "10": -1.806640625,
        "25": -1.7802734375,
        "50": -0.67822265625
    },
    "1.pt": {
        "1": -0.97265625,
        "5": -2.0,
        "10": -1.4658203125,
        "25": -0.1549072265625,
        "50": -0.8330078125
    },
    "2.pt": {
        "1": -1.087890625,
        "5": -1.4189453125,
        "10": -1.455078125,
        "25": -0.07769775390625,
        "50": -1.0009765625
    },
    "3.pt": {
        "1": -0.9912109375,
        "5": -1.083984375,
        "10": -1.177734375,
        "25": -0.058502197265625,
        "50": -1.861328125
    },
    "4.pt": {
        "1": -1.4345703125,
        "5": -1.5107421875,
        "10": -1.875,
        "25": -0.86962890625,
        "50": -1.5048828125
    }
}