{
    "0.pt": {
        "1": -0.505859375,
        "5": 0.0174713134765625,
        "10": -1.513671875,
        "25": -1.46484375,
        "50": -0.91162109375
    },
    "1.pt": {
        "1": -0.54931640625,
        "5": -0.168701171875,
        "10": -0.317626953125,
        "25": -1.498046875,
        "50": 0.2208251953125
    },
    "2.pt": {
        "1": -0.96728515625,
        "5": -1.3203125,
        "10": -1.3505859375,
        "25": -0.95703125,
        "50": -1.673828125
    },
    "3.pt": {
        "1": -1.7724609375,
        "5": -0.73583984375,
        "10": -0.89111328125,
        "25": -1.390625,
        "50": -1.2021484375
    },
    "4.pt": {
        "1": -0.6943359375,
        "5": -0.73876953125,
        "10": -0.4296875,
        "25": -0.58740234375,
        "50": -1.7412109375
    }
}