{
    "0.pt": {
        "1": -1.75,
        "5": -1.1318359375,
        "10": 0.32763671875,
        "25": -0.82763671875,
        "50": -0.3994140625
    },
    "1.pt": {
        "1": 0.2724609375,
        "5": -1.3818359375,
        "10": -1.60546875,
        "25": -0.338134765625,
        "50": -0.17529296875
    },
    "2.pt": {
        "1": -2.044921875,
        "5": -1.955078125,
        "10": -0.79638671875,
        "25": -0.94287109375,
        "50": -0.11541748046875
    },
    "3.pt": {
        "1": -0.61865234375,
        "5": -0.058563232421875,
        "10": -1.59375,
        "25": -1.69140625,
        "50": -1.216796875
    },
    "4.pt": {
        "1": -1.6787109375,
        "5": -1.0869140625,
        "10": -0.58056640625,
        "25": 0.2000732421875,
        "50": -0.98486328125
    }
}