{
    "0.pt": {
        "1": -0.5166015625,
        "5": -2.009765625,
        "10": -0.603515625,
        "25": -0.30908203125,
        "50": -0.7607421875
    },
    "1.pt": {
        "1": -1.0654296875,
        "5": -1.2431640625,
        "10": -1.4248046875,
        "25": -0.94775390625,
        "50": 0.262451171875
    },
    "2.pt": {
        "1": -1.8955078125,
        "5": -1.7744140625,
        "10": -0.0225982666015625,
        "25": -1.7802734375,
        "50": -1.1943359375
    },
    "3.pt": {
        "1": -0.210693359375,
        "5": -2.322265625,
        "10": -1.9169921875,
        "25": -1.3740234375,
        "50": 0.07647705078125
    },
    "4.pt": {
        "1": -1.291015625,
        "5": -1.064453125,
        "10": -1.2119140625,
        "25": -0.47021484375,
        "50": -1.4716796875
    }
}