{
    "0.pt": {
        "1": -0.86767578125,
        "5": -1.7021484375,
        "10": -0.9990234375,
        "25": -1.3369140625,
        "50": -0.2340087890625
    },
    "1.pt": {
        "1": -0.9892578125,
        "5": -0.420166015625,
        "10": -0.75927734375,
        "25": -1.5341796875,
        "50": -1.2353515625
    },
    "2.pt": {
        "1": -1.5888671875,
        "5": -1.6982421875,
        "10": -0.783203125,
        "25": -1.4853515625,
        "50": -0.98828125
    },
    "3.pt": {
        "1": 0.30712890625,
        "5": -0.97412109375,
        "10": -1.1787109375,
        "25": -0.88330078125,
        "50": -1.2412109375
    },
    "4.pt": {
        "1": -1.8955078125,
        "5": -1.44921875,
        "10": -0.80419921875,
        "25": 0.72314453125,
        "50": -0.43701171875
    }
}