{
    "0.pt": {
        "1": -0.6728515625,
        "5": -1.7509765625,
        "10": -1.404296875,
        "25": -0.499755859375,
        "50": 0.30126953125
    },
    "1.pt": {
        "1": -0.1251220703125,
        "5": -0.7119140625,
        "10": -1.544921875,
        "25": -1.7314453125,
        "50": -0.068603515625
    },
    "2.pt": {
        "1": -0.58935546875,
        "5": 0.33056640625,
        "10": -1.96484375,
        "25": -0.051025390625,
        "50": -0.81982421875
    },
    "3.pt": {
        "1": 0.26953125,
        "5": -0.3203125,
        "10": -1.1904296875,
        "25": 0.06536865234375,
        "50": -1.015625
    },
    "4.pt": {
        "1": -0.849609375,
        "5": -0.84033203125,
        "10": -0.80078125,
        "25": -1.5859375,
        "50": -0.1429443359375
    }
}