{
    "0.pt": {
        "1": 0.0081939697265625,
        "5": -1.615234375,
        "10": -1.8544921875,
        "25": -1.5390625,
        "50": -1.41015625
    },
    "1.pt": {
        "1": -1.734375,
        "5": -2.19921875,
        "10": -1.4638671875,
        "25": -0.9375,
        "50": -0.58837890625
    },
    "2.pt": {
        "1": -1.7412109375,
        "5": -0.2420654296875,
        "10": -0.67236328125,
        "25": -0.310546875,
        "50": -1.5791015625
    },
    "3.pt": {
        "1": -0.671875,
        "5": -0.014862060546875,
        "10": 0.28076171875,
        "25": -1.2705078125,
        "50": -0.126220703125
    },
    "4.pt": {
        "1": -1.7939453125,
        "5": -0.385009765625,
        "10": -1.5224609375,
        "25": -1.3349609375,
        "50": -0.7216796875
    }
}