{
    "0.pt": {
        "1": -2.501953125,
        "5": -0.48486328125,
        "10": -1.5,
        "25": -1.4140625,
        "50": -0.267333984375
    },
    "1.pt": {
        "1": -1.9560546875,
        "5": -1.4560546875,
        "10": -0.9609375,
        "25": -1.9560546875,
        "50": -0.1324462890625
    },
    "2.pt": {
        "1": -0.316650390625,
        "5": -1.580078125,
        "10": -0.6845703125,
        "25": -0.38037109375,
        "50": -1.603515625
    },
    "3.pt": {
        "1": -0.06243896484375,
        "5": -1.05859375,
        "10": -1.0517578125,
        "25": -1.673828125,
        "50": 0.267822265625
    },
    "4.pt": {
        "1": -1.7841796875,
        "5": -0.5654296875,
        "10": -0.63037109375,
        "25": -1.5791015625,
        "50": -1.0556640625
    }
}