{
    "0.pt": {
        "1": -0.58203125,
        "5": -1.494140625,
        "10": -1.2744140625,
        "25": -1.1953125,
        "50": -0.211181640625
    },
    "1.pt": {
        "1": -2.029296875,
        "5": -0.458251953125,
        "10": -1.73046875,
        "25": -0.150146484375,
        "50": -1.49609375
    },
    "2.pt": {
        "1": -0.5185546875,
        "5": -1.5,
        "10": 0.039764404296875,
        "25": -0.0894775390625,
        "50": 0.0762939453125
    },
    "3.pt": {
        "1": -1.8564453125,
        "5": 0.490478515625,
        "10": -0.2276611328125,
        "25": -0.09271240234375,
        "50": -0.3720703125
    },
    "4.pt": {
        "1": -1.189453125,
        "5": -0.102294921875,
        "10": -0.426513671875,
        "25": -0.27099609375,
        "50": -0.53662109375
    }
}