{
    "0.pt": {
        "1": 0.42333984375,
        "5": -1.35546875,
        "10": -1.203125,
        "25": -1.4189453125,
        "50": -0.84716796875
    },
    "1.pt": {
        "1": -1.494140625,
        "5": -0.1065673828125,
        "10": -0.8544921875,
        "25": -0.6455078125,
        "50": 0.07568359375
    },
    "2.pt": {
        "1": 0.37060546875,
        "5": -0.4921875,
        "10": -1.189453125,
        "25": -0.393310546875,
        "50": -0.572265625
    },
    "3.pt": {
        "1": -0.7177734375,
        "5": -1.2744140625,
        "10": -1.5224609375,
        "25": -1.7216796875,
        "50": -1.4013671875
    },
    "4.pt": {
        "1": -0.386962890625,
        "5": -0.05731201171875,
        "10": -0.697265625,
        "25": -2.00390625,
        "50": -1.4130859375
    }
}