{
    "0.pt": {
        "1": -0.80712890625,
        "5": -1.880859375,
        "10": -0.382080078125,
        "25": -1.3125,
        "50": -1.724609375
    },
    "1.pt": {
        "1": -1.763671875,
        "5": -1.69140625,
        "10": -0.08514404296875,
        "25": -1.1904296875,
        "50": -1.1630859375
    },
    "2.pt": {
        "1": -1.216796875,
        "5": -1.2705078125,
        "10": -1.4072265625,
        "25": -0.8740234375,
        "50": -2.017578125
    },
    "3.pt": {
        "1": -1.337890625,
        "5": -0.54638671875,
        "10": -1.892578125,
        "25": -0.9169921875,
        "50": -1.39453125
    },
    "4.pt": {
        "1": -0.09765625,
        "5": -1.6748046875,
        "10": -1.7373046875,
        "25": -1.400390625,
        "50": -1.35546875
    }
}