{
    "0.pt": {
        "1": -1.939453125,
        "5": -0.859375,
        "10": -0.4306640625,
        "25": -0.54833984375,
        "50": -1.0703125
    },
    "1.pt": {
        "1": -0.96337890625,
        "5": -1.5615234375,
        "10": 0.1834716796875,
        "25": -0.24169921875,
        "50": -1.7548828125
    },
    "2.pt": {
        "1": -0.488525390625,
        "5": -1.3984375,
        "10": -0.9423828125,
        "25": -1.7314453125,
        "50": -0.3896484375
    },
    "3.pt": {
        "1": -1.298828125,
        "5": -0.79931640625,
        "10": -1.44921875,
        "25": -1.833984375,
        "50": -1.318359375
    },
    "4.pt": {
        "1": -1.1357421875,
        "5": -0.6552734375,
        "10": -0.53759765625,
        "25": -1.5673828125,
        "50": -0.9931640625
    }
}