{
    "0.pt": {
        "1": -1.0302734375,
        "5": -0.62060546875,
        "10": -0.51416015625,
        "25": -1.7275390625,
        "50": -0.4365234375
    },
    "1.pt": {
        "1": -0.86767578125,
        "5": -0.496337890625,
        "10": -2.23046875,
        "25": -0.298095703125,
        "50": -1.76953125
    },
    "2.pt": {
        "1": -1.6708984375,
        "5": -0.5703125,
        "10": -1.361328125,
        "25": -2.16015625,
        "50": 0.1607666015625
    },
    "3.pt": {
        "1": -0.55029296875,
        "5": -1.1796875,
        "10": -1.9580078125,
        "25": -0.5703125,
        "50": -1.1162109375
    },
    "4.pt": {
        "1": -0.59033203125,
        "5": -1.0107421875,
        "10": -0.984375,
        "25": -0.07025146484375,
        "50": -1.5546875
    }
}