{
    "0.pt": {
        "1": -1.509765625,
        "5": -0.043121337890625,
        "10": -1.0078125,
        "25": 0.072509765625,
        "50": -0.63623046875
    },
    "1.pt": {
        "1": -0.76318359375,
        "5": -0.7587890625,
        "10": -1.1201171875,
        "25": -1.4970703125,
        "50": -0.5869140625
    },
    "2.pt": {
        "1": -1.845703125,
        "5": 0.4326171875,
        "10": -0.60791015625,
        "25": -0.19921875,
        "50": -0.1856689453125
    },
    "3.pt": {
        "1": -0.32080078125,
        "5": -1.1806640625,
        "10": -1.3427734375,
        "25": -1.3916015625,
        "50": -0.84765625
    },
    "4.pt": {
        "1": -1.658203125,
        "5": -1.6982421875,
        "10": -0.1854248046875,
        "25": -1.7744140625,
        "50": -0.10076904296875
    }
}