{
    "0.pt": {
        "1": -0.751953125,
        "5": -0.94970703125,
        "10": -0.8974609375,
        "25": -0.9052734375,
        "50": -0.36181640625
    },
    "1.pt": {
        "1": -1.9013671875,
        "5": -0.5615234375,
        "10": -0.75390625,
        "25": -1.234375,
        "50": -0.272705078125
    },
    "2.pt": {
        "1": -1.7392578125,
        "5": -0.67822265625,
        "10": -1.7373046875,
        "25": -1.9013671875,
        "50": -1.751953125
    },
    "3.pt": {
        "1": -1.6015625,
        "5": -0.08880615234375,
        "10": -1.962890625,
        "25": -1.4306640625,
        "50": -1.1689453125
    },
    "4.pt": {
        "1": -0.02239990234375,
        "5": -1.271484375,
        "10": -1.1796875,
        "25": -0.892578125,
        "50": -1.1240234375
    }
}