{
    "0.pt": {
        "1": -1.615234375,
        "5": -0.98779296875,
        "10": -0.44873046875,
        "25": -0.63232421875,
        "50": -1.130859375
    },
    "1.pt": {
        "1": -1.2109375,
        "5": -0.5107421875,
        "10": -1.2109375,
        "25": -1.4921875,
        "50": -1.80078125
    },
    "2.pt": {
        "1": -1.6787109375,
        "5": -1.8271484375,
        "10": -1.04296875,
        "25": -2.447265625,
        "50": -0.11700439453125
    },
    "3.pt": {
        "1": -1.416015625,
        "5": -0.84716796875,
        "10": -1.4951171875,
        "25": -0.1014404296875,
        "50": -1.3076171875
    },
    "4.pt": {
        "1": -1.80859375,
        "5": -0.463134765625,
        "10": -1.162109375,
        "25": -0.06622314453125,
        "50": -1.8583984375
    }
}