{
    "0.pt": {
        "1": -1.7353515625,
        "5": -0.326904296875,
        "10": -0.833984375,
        "25": -0.82763671875,
        "50": -1.4140625
    },
    "1.pt": {
        "1": -0.65283203125,
        "5": -1.2783203125,
        "10": -2.005859375,
        "25": -0.97021484375,
        "50": -1.134765625
    },
    "2.pt": {
        "1": 0.53759765625,
        "5": -0.90234375,
        "10": -1.28515625,
        "25": -0.21533203125,
        "50": -1.17578125
    },
    "3.pt": {
        "1": 0.040863037109375,
        "5": -0.98046875,
        "10": -1.5126953125,
        "25": -1.751953125,
        "50": -0.8779296875
    },
    "4.pt": {
        "1": -0.93505859375,
        "5": -2.291015625,
        "10": -1.451171875,
        "25": 0.1934814453125,
        "50": -1.3740234375
    }
}