{
    "0.pt": {
        "1": -1.685546875,
        "5": -0.55712890625,
        "10": -0.364013671875,
        "25": -0.70458984375,
        "50": -0.00861358642578125
    },
    "1.pt": {
        "1": -1.26953125,
        "5": -2.580078125,
        "10": -1.396484375,
        "25": -1.587890625,
        "50": -0.337158203125
    },
    "2.pt": {
        "1": -1.7294921875,
        "5": -0.87451171875,
        "10": -0.5400390625,
        "25": -1.1171875,
        "50": -0.37841796875
    },
    "3.pt": {
        "1": -0.93505859375,
        "5": -0.1212158203125,
        "10": -0.541015625,
        "25": -1.51953125,
        "50": -1.162109375
    },
    "4.pt": {
        "1": -1.8154296875,
        "5": -0.410888671875,
        "10": -1.0556640625,
        "25": -1.685546875,
        "50": -1.3515625
    }
}