{
    "0.pt": {
        "1": -1.2021484375,
        "5": -1.619140625,
        "10": -1.474609375,
        "25": -0.289306640625,
        "50": -2.23046875
    },
    "1.pt": {
        "1": -1.4296875,
        "5": -1.4716796875,
        "10": -1.5615234375,
        "25": -1.033203125,
        "50": -1.029296875
    },
    "2.pt": {
        "1": -0.8330078125,
        "5": -0.10205078125,
        "10": -1.2783203125,
        "25": -2.3046875,
        "50": -1.2900390625
    },
    "3.pt": {
        "1": -2.306640625,
        "5": -1.234375,
        "10": -1.49609375,
        "25": -1.4033203125,
        "50": -0.7822265625
    },
    "4.pt": {
        "1": -0.358154296875,
        "5": -0.9013671875,
        "10": -0.2318115234375,
        "25": -0.42138671875,
        "50": 0.1318359375
    }
}