{
    "0.pt": {
        "1": -2.384185791015625e-05,
        "5": -0.67138671875,
        "10": -1.302734375,
        "25": -0.1673583984375,
        "50": -1.78125
    },
    "1.pt": {
        "1": -0.94580078125,
        "5": -1.5654296875,
        "10": -1.4853515625,
        "25": -1.0263671875,
        "50": -0.8115234375
    },
    "2.pt": {
        "1": -1.640625,
        "5": -0.32666015625,
        "10": -0.5693359375,
        "25": -1.482421875,
        "50": -0.15966796875
    },
    "3.pt": {
        "1": -1.2490234375,
        "5": -1.2138671875,
        "10": -0.28173828125,
        "25": -1.66015625,
        "50": -0.3759765625
    },
    "4.pt": {
        "1": -1.1806640625,
        "5": -1.8515625,
        "10": -0.396484375,
        "25": -0.239501953125,
        "50": -0.982421875
    }
}