{
    "0.pt": {
        "1": -0.37890625,
        "5": -0.685546875,
        "10": -1.892578125,
        "25": -2.236328125,
        "50": -1.884765625
    },
    "1.pt": {
        "1": -2.2890625,
        "5": -1.8447265625,
        "10": -0.121826171875,
        "25": -0.306640625,
        "50": -0.60546875
    },
    "2.pt": {
        "1": -0.7958984375,
        "5": -1.6728515625,
        "10": -1.16796875,
        "25": -1.4013671875,
        "50": -0.67041015625
    },
    "3.pt": {
        "1": -1.357421875,
        "5": -1.576171875,
        "10": -1.8291015625,
        "25": -0.9873046875,
        "50": -0.53076171875
    },
    "4.pt": {
        "1": -1.947265625,
        "5": -0.97314453125,
        "10": -1.4755859375,
        "25": -0.215087890625,
        "50": -0.6328125
    }
}