{
    "0.pt": {
        "1": -1.9560546875,
        "5": -1.703125,
        "10": -0.9345703125,
        "25": -0.8330078125,
        "50": -0.465576171875
    },
    "1.pt": {
        "1": -1.306640625,
        "5": -0.160400390625,
        "10": -0.304931640625,
        "25": 0.07806396484375,
        "50": -1.4912109375
    },
    "2.pt": {
        "1": -0.32275390625,
        "5": -0.9775390625,
        "10": -1.6533203125,
        "25": -1.98046875,
        "50": -0.1829833984375
    },
    "3.pt": {
        "1": -1.0556640625,
        "5": -1.61328125,
        "10": -2.21484375,
        "25": -1.48046875,
        "50": -1.1484375
    },
    "4.pt": {
        "1": -1.3701171875,
        "5": -0.17578125,
        "10": -0.8427734375,
        "25": -0.138916015625,
        "50": -1.5087890625
    }
}