{
    "0.pt": {
        "1": -0.93017578125,
        "5": -1.2548828125,
        "10": 0.265625,
        "25": -0.72314453125,
        "50": 0.279541015625
    },
    "1.pt": {
        "1": -1.1474609375,
        "5": -0.061614990234375,
        "10": 0.405517578125,
        "25": -1.0703125,
        "50": -1.5771484375
    },
    "2.pt": {
        "1": -0.53515625,
        "5": -0.42626953125,
        "10": -0.76318359375,
        "25": -1.11328125,
        "50": -1.9501953125
    },
    "3.pt": {
        "1": -0.654296875,
        "5": -0.2489013671875,
        "10": -0.29833984375,
        "25": -0.93115234375,
        "50": -0.283447265625
    },
    "4.pt": {
        "1": -1.8857421875,
        "5": -1.0556640625,
        "10": -1.4873046875,
        "25": -1.69921875,
        "50": -1.1259765625
    }
}