{
    "0.pt": {
        "1": 0.245361328125,
        "5": -0.39501953125,
        "10": -0.94775390625,
        "25": -2.09765625,
        "50": -2.517578125
    },
    "1.pt": {
        "1": -1.0888671875,
        "5": -0.6416015625,
        "10": -0.73291015625,
        "25": -1.5087890625,
        "50": -2.169921875
    },
    "2.pt": {
        "1": -1.0185546875,
        "5": -1.6416015625,
        "10": -1.25,
        "25": -2.12890625,
        "50": -1.2216796875
    },
    "3.pt": {
        "1": -0.6455078125,
        "5": -1.2783203125,
        "10": -0.74609375,
        "25": -1.1728515625,
        "50": 0.09478759765625
    },
    "4.pt": {
        "1": -1.294921875,
        "5": -2.259765625,
        "10": -1.677734375,
        "25": -1.0263671875,
        "50": 0.01354217529296875
    }
}