{
    "0.pt": {
        "1": -1.4052734375,
        "5": -2.07421875,
        "10": -0.748046875,
        "25": -1.6181640625,
        "50": -1.837890625
    },
    "1.pt": {
        "1": -1.81640625,
        "5": -1.0458984375,
        "10": -1.25,
        "25": -0.822265625,
        "50": -0.200439453125
    },
    "2.pt": {
        "1": -0.46337890625,
        "5": -0.6533203125,
        "10": -0.630859375,
        "25": -0.67236328125,
        "50": -1.666015625
    },
    "3.pt": {
        "1": -0.2374267578125,
        "5": -1.4755859375,
        "10": -2.19921875,
        "25": -1.8408203125,
        "50": 0.28369140625
    },
    "4.pt": {
        "1": -0.447509765625,
        "5": -0.88818359375,
        "10": -1.65625,
        "25": -0.230712890625,
        "50": 0.036163330078125
    }
}