{
    "0.pt": {
        "1": -2.220703125,
        "5": -0.11669921875,
        "10": -1.970703125,
        "25": -0.76318359375,
        "50": -0.331298828125
    },
    "1.pt": {
        "1": -1.7041015625,
        "5": -0.42529296875,
        "10": -1.84765625,
        "25": -1.466796875,
        "50": 0.016448974609375
    },
    "2.pt": {
        "1": -1.091796875,
        "5": -1.046875,
        "10": -1.3681640625,
        "25": -2.037109375,
        "50": -0.93896484375
    },
    "3.pt": {
        "1": -1.62109375,
        "5": -1.8857421875,
        "10": -1.0283203125,
        "25": -1.2861328125,
        "50": -1.7548828125
    },
    "4.pt": {
        "1": -1.140625,
        "5": -0.6474609375,
        "10": -1.0986328125,
        "25": 0.212158203125,
        "50": -0.46875
    }
}