{
    "0.pt": {
        "1": -0.208251953125,
        "5": -1.15234375,
        "10": -1.9716796875,
        "25": -1.6728515625,
        "50": -1.4150390625
    },
    "1.pt": {
        "1": -2.03515625,
        "5": -0.224609375,
        "10": -1.810546875,
        "25": -1.314453125,
        "50": -1.3056640625
    },
    "2.pt": {
        "1": 0.349609375,
        "5": -1.81640625,
        "10": -1.69921875,
        "25": -0.497314453125,
        "50": -0.49853515625
    },
    "3.pt": {
        "1": -0.54443359375,
        "5": -0.8095703125,
        "10": -0.5263671875,
        "25": -0.350341796875,
        "50": -0.158935546875
    },
    "4.pt": {
        "1": -0.689453125,
        "5": -1.1650390625,
        "10": -2.0390625,
        "25": -2.1171875,
        "50": -0.97900390625
    }
}