{
    "0.pt": {
        "1": -0.5869140625,
        "5": -0.5947265625,
        "10": -2.072265625,
        "25": -1.1015625,
        "50": -1.8876953125
    },
    "1.pt": {
        "1": -1.6826171875,
        "5": -1.826171875,
        "10": -1.205078125,
        "25": -0.494873046875,
        "50": -0.529296875
    },
    "2.pt": {
        "1": -0.76513671875,
        "5": -1.8115234375,
        "10": -1.5751953125,
        "25": -1.5400390625,
        "50": -1.576171875
    },
    "3.pt": {
        "1": -1.869140625,
        "5": -1.4833984375,
        "10": -1.4912109375,
        "25": -1.7734375,
        "50": -1.60546875
    },
    "4.pt": {
        "1": -2.1875,
        "5": -0.75341796875,
        "10": -0.64599609375,
        "25": -1.369140625,
        "50": -1.64453125
    }
}