{
    "0.pt": {
        "1": -0.84521484375,
        "5": -0.3466796875,
        "10": -0.69287109375,
        "25": -0.6015625,
        "50": -0.8369140625
    },
    "1.pt": {
        "1": -1.6337890625,
        "5": -1.1689453125,
        "10": -1.9892578125,
        "25": -0.37255859375,
        "50": -1.59765625
    },
    "2.pt": {
        "1": -1.548828125,
        "5": -0.03143310546875,
        "10": -0.10296630859375,
        "25": -2.05078125,
        "50": -1.2724609375
    },
    "3.pt": {
        "1": -1.2255859375,
        "5": -1.2255859375,
        "10": -0.9169921875,
        "25": -1.8955078125,
        "50": -0.86181640625
    },
    "4.pt": {
        "1": -1.3974609375,
        "5": -1.9765625,
        "10": -1.0751953125,
        "25": -1.6162109375,
        "50": -0.0987548828125
    }
}