{
    "0.pt": {
        "1": -2.068359375,
        "5": -1.6181640625,
        "10": -2.048828125,
        "25": -1.83203125,
        "50": -1.1875
    },
    "1.pt": {
        "1": -0.81103515625,
        "5": -1.12109375,
        "10": -0.953125,
        "25": -0.4697265625,
        "50": -1.046875
    },
    "2.pt": {
        "1": -0.06787109375,
        "5": -0.54345703125,
        "10": -0.302001953125,
        "25": -2.296875,
        "50": 0.024017333984375
    },
    "3.pt": {
        "1": -1.6240234375,
        "5": -1.2275390625,
        "10": -0.3857421875,
        "25": -1.7470703125,
        "50": -1.09375
    },
    "4.pt": {
        "1": -1.166015625,
        "5": -0.00942230224609375,
        "10": 0.3603515625,
        "25": -1.8203125,
        "50": -2.03125
    }
}