{
    "0.pt": {
        "1": -1.2626953125,
        "5": -0.79541015625,
        "10": -1.7392578125,
        "25": -1.1396484375,
        "50": 0.347900390625
    },
    "1.pt": {
        "1": -0.2486572265625,
        "5": -1.5029296875,
        "10": -1.203125,
        "25": -1.537109375,
        "50": -1.9912109375
    },
    "2.pt": {
        "1": 0.734375,
        "5": -1.7001953125,
        "10": -1.623046875,
        "25": -1.18359375,
        "50": 0.457275390625
    },
    "3.pt": {
        "1": -0.51025390625,
        "5": -0.55810546875,
        "10": -1.1103515625,
        "25": -1.0654296875,
        "50": -0.317138671875
    },
    "4.pt": {
        "1": 0.0943603515625,
        "5": -1.2392578125,
        "10": -1.421875,
        "25": -0.91259765625,
        "50": -1.529296875
    }
}