{
    "0.pt": {
        "1": -1.5859375,
        "5": -1.693359375,
        "10": -0.953125,
        "25": 0.34619140625,
        "50": -0.427001953125
    },
    "1.pt": {
        "1": -0.315185546875,
        "5": -1.5419921875,
        "10": -0.8115234375,
        "25": -0.65380859375,
        "50": -0.81640625
    },
    "2.pt": {
        "1": -1.4453125,
        "5": -0.90673828125,
        "10": -0.09527587890625,
        "25": -2.388671875,
        "50": -1.3974609375
    },
    "3.pt": {
        "1": -1.3701171875,
        "5": 0.322021484375,
        "10": -0.5380859375,
        "25": -0.94677734375,
        "50": -0.65869140625
    },
    "4.pt": {
        "1": -1.04296875,
        "5": -0.78271484375,
        "10": 0.25341796875,
        "25": -0.1915283203125,
        "50": -1.6259765625
    }
}