{
    "0.pt": {
        "1": -0.10223388671875,
        "5": 0.67919921875,
        "10": -0.83984375,
        "25": -1.6728515625,
        "50": -0.833984375
    },
    "1.pt": {
        "1": -1.5078125,
        "5": -1.7060546875,
        "10": -1.1279296875,
        "25": -0.4541015625,
        "50": -0.67529296875
    },
    "2.pt": {
        "1": -2.109375,
        "5": -1.400390625,
        "10": -1.48828125,
        "25": -1.7236328125,
        "50": -0.54736328125
    },
    "3.pt": {
        "1": -0.84814453125,
        "5": -0.341552734375,
        "10": -0.52197265625,
        "25": -1.4794921875,
        "50": -0.560546875
    },
    "4.pt": {
        "1": 0.0252685546875,
        "5": -0.984375,
        "10": -0.68359375,
        "25": -0.8193359375,
        "50": -1.1201171875
    }
}