{
    "0.pt": {
        "1": -0.26318359375,
        "5": -0.6435546875,
        "10": -1.3134765625,
        "25": -1.611328125,
        "50": -1.4677734375
    },
    "1.pt": {
        "1": -1.5830078125,
        "5": -1.4521484375,
        "10": -0.332763671875,
        "25": 0.07049560546875,
        "50": -1.072265625
    },
    "2.pt": {
        "1": -1.3125,
        "5": -0.6796875,
        "10": -0.60986328125,
        "25": -1.154296875,
        "50": -0.2425537109375
    },
    "3.pt": {
        "1": -0.4287109375,
        "5": -1.8046875,
        "10": -0.5244140625,
        "25": -0.98876953125,
        "50": 0.11004638671875
    },
    "4.pt": {
        "1": -1.5634765625,
        "5": -0.60986328125,
        "10": -0.90087890625,
        "25": -1.7216796875,
        "50": -1.1162109375
    }
}