{
    "0.pt": {
        "1": -0.2044677734375,
        "5": -1.595703125,
        "10": -1.771484375,
        "25": -1.556640625,
        "50": -0.81787109375
    },
    "1.pt": {
        "1": -1.5712890625,
        "5": -0.1136474609375,
        "10": -1.6533203125,
        "25": -1.24609375,
        "50": -1.0166015625
    },
    "2.pt": {
        "1": -1.017578125,
        "5": -0.70703125,
        "10": -1.0615234375,
        "25": -1.4833984375,
        "50": -0.525390625
    },
    "3.pt": {
        "1": -0.2322998046875,
        "5": -1.6611328125,
        "10": -0.3828125,
        "25": -0.755859375,
        "50": 0.1512451171875
    },
    "4.pt": {
        "1": -1.4169921875,
        "5": -0.921875,
        "10": -0.290283203125,
        "25": -0.7607421875,
        "50": -0.84033203125
    }
}