{
    "0.pt": {
        "1": -0.6455078125,
        "5": -1.482421875,
        "10": 0.13525390625,
        "25": -0.09063720703125,
        "50": -1.11328125
    },
    "1.pt": {
        "1": -1.150390625,
        "5": -1.431640625,
        "10": -0.72265625,
        "25": -0.1976318359375,
        "50": -0.71142578125
    },
    "2.pt": {
        "1": -0.1824951171875,
        "5": -1.4697265625,
        "10": -0.96875,
        "25": -0.12646484375,
        "50": -0.89892578125
    },
    "3.pt": {
        "1": -1.38671875,
        "5": -0.356201171875,
        "10": -1.0205078125,
        "25": -1.134765625,
        "50": -0.49853515625
    },
    "4.pt": {
        "1": -1.048828125,
        "5": -1.0751953125,
        "10": -1.171875,
        "25": -0.7744140625,
        "50": -1.1025390625
    }
}