{
    "0.pt": {
        "1": -0.51806640625,
        "5": -0.984375,
        "10": -1.0048828125,
        "25": -2.017578125,
        "50": 0.00868988037109375
    },
    "1.pt": {
        "1": 0.021026611328125,
        "5": -0.86669921875,
        "10": -1.8994140625,
        "25": -0.5146484375,
        "50": -0.12042236328125
    },
    "2.pt": {
        "1": -1.4326171875,
        "5": -1.1669921875,
        "10": -0.6416015625,
        "25": -0.399169921875,
        "50": -1.2998046875
    },
    "3.pt": {
        "1": -0.08221435546875,
        "5": -0.3134765625,
        "10": -1.1318359375,
        "25": -2.11328125,
        "50": -0.99755859375
    },
    "4.pt": {
        "1": -0.97021484375,
        "5": -0.9052734375,
        "10": -1.8369140625,
        "25": -0.28173828125,
        "50": 0.71484375
    }
}