{
    "0.pt": {
        "1": -0.51025390625,
        "5": -0.396240234375,
        "10": -1.9970703125,
        "25": -1.5107421875,
        "50": -0.677734375
    },
    "1.pt": {
        "1": -0.7412109375,
        "5": -0.81201171875,
        "10": 0.12335205078125,
        "25": -1.697265625,
        "50": -1.5
    },
    "2.pt": {
        "1": -1.9814453125,
        "5": -1.486328125,
        "10": -0.55517578125,
        "25": -1.236328125,
        "50": -0.72998046875
    },
    "3.pt": {
        "1": -0.85546875,
        "5": -1.1572265625,
        "10": -1.6044921875,
        "25": -0.71728515625,
        "50": -0.325439453125
    },
    "4.pt": {
        "1": -2.2578125,
        "5": -0.68896484375,
        "10": -1.501953125,
        "25": -0.625,
        "50": -0.8984375
    }
}