{
    "0.pt": {
        "1": -0.564453125,
        "5": -2.05859375,
        "10": -0.48095703125,
        "25": 0.21533203125,
        "50": -1.2490234375
    },
    "1.pt": {
        "1": -0.23046875,
        "5": -0.73193359375,
        "10": -1.6279296875,
        "25": -1.3388671875,
        "50": -1.349609375
    },
    "2.pt": {
        "1": -0.9052734375,
        "5": -1.3603515625,
        "10": -1.75390625,
        "25": -1.1923828125,
        "50": -0.84130859375
    },
    "3.pt": {
        "1": -0.56005859375,
        "5": -1.43359375,
        "10": -1.7939453125,
        "25": -1.42578125,
        "50": -1.24609375
    },
    "4.pt": {
        "1": -1.1669921875,
        "5": 0.0234527587890625,
        "10": -0.7421875,
        "25": -2.244140625,
        "50": -1.1318359375
    }
}