{
    "0.pt": {
        "1": -1.154296875,
        "5": -1.0810546875,
        "10": -0.26171875,
        "25": -1.1494140625,
        "50": -1.3583984375
    },
    "1.pt": {
        "1": -0.5849609375,
        "5": -0.7470703125,
        "10": -0.98876953125,
        "25": -0.78857421875,
        "50": -0.06951904296875
    },
    "2.pt": {
        "1": -0.9833984375,
        "5": -0.5947265625,
        "10": -1.2666015625,
        "25": -0.14013671875,
        "50": 0.12890625
    },
    "3.pt": {
        "1": -0.525390625,
        "5": -1.5478515625,
        "10": -0.76513671875,
        "25": -1.77734375,
        "50": -1.7080078125
    },
    "4.pt": {
        "1": -1.87109375,
        "5": -0.75634765625,
        "10": -0.99853515625,
        "25": -0.908203125,
        "50": -0.78955078125
    }
}