{
    "0.pt": {
        "1": -1.4560546875,
        "5": -0.75048828125,
        "10": -0.14404296875,
        "25": -0.72119140625,
        "50": -0.194091796875
    },
    "1.pt": {
        "1": -1.2333984375,
        "5": -0.958984375,
        "10": -0.180908203125,
        "25": -0.65771484375,
        "50": -1.34375
    },
    "2.pt": {
        "1": -0.888671875,
        "5": -1.6064453125,
        "10": -1.54296875,
        "25": -1.958984375,
        "50": -1.01953125
    },
    "3.pt": {
        "1": -0.1878662109375,
        "5": -0.69775390625,
        "10": 0.07879638671875,
        "25": -1.0244140625,
        "50": -0.203125
    },
    "4.pt": {
        "1": -1.2236328125,
        "5": -1.232421875,
        "10": -1.10546875,
        "25": -1.560546875,
        "50": -1.0322265625
    }
}