{
    "0.pt": {
        "1": -1.2978515625,
        "5": -0.5517578125,
        "10": -1.3759765625,
        "25": -0.6279296875,
        "50": -0.372802734375
    },
    "1.pt": {
        "1": -1.4716796875,
        "5": -1.4384765625,
        "10": -1.24609375,
        "25": -0.1279296875,
        "50": -0.6025390625
    },
    "2.pt": {
        "1": -0.1011962890625,
        "5": -1.1435546875,
        "10": -0.4140625,
        "25": -1.3916015625,
        "50": -0.416015625
    },
    "3.pt": {
        "1": -0.66015625,
        "5": -1.4267578125,
        "10": -0.5517578125,
        "25": -1.197265625,
        "50": -1.72265625
    },
    "4.pt": {
        "1": -0.6298828125,
        "5": -1.8291015625,
        "10": -0.461181640625,
        "25": -1.544921875,
        "50": -0.050933837890625
    }
}