{
    "0.pt": {
        "1": -0.447998046875,
        "5": -0.8623046875,
        "10": -1.12109375,
        "25": 0.173828125,
        "50": -0.38232421875
    },
    "1.pt": {
        "1": -1.4541015625,
        "5": -1.7890625,
        "10": -0.401123046875,
        "25": -1.5361328125,
        "50": -0.35888671875
    },
    "2.pt": {
        "1": -0.460693359375,
        "5": -0.23046875,
        "10": -0.27978515625,
        "25": -1.984375,
        "50": -1.759765625
    },
    "3.pt": {
        "1": -0.4609375,
        "5": -1.6103515625,
        "10": -0.8818359375,
        "25": -0.476318359375,
        "50": -0.13232421875
    },
    "4.pt": {
        "1": -1.2255859375,
        "5": -2.169921875,
        "10": -0.82177734375,
        "25": -1.4736328125,
        "50": -1.3994140625
    }
}