{
    "0.pt": {
        "1": -0.1741943359375,
        "5": -1.314453125,
        "10": -1.7548828125,
        "25": -1.2548828125,
        "50": -1.6376953125
    },
    "1.pt": {
        "1": -0.56298828125,
        "5": -0.62744140625,
        "10": -1.0458984375,
        "25": -1.7265625,
        "50": -1.037109375
    },
    "2.pt": {
        "1": -1.6904296875,
        "5": -0.420654296875,
        "10": -1.1015625,
        "25": -0.72314453125,
        "50": -1.2841796875
    },
    "3.pt": {
        "1": -1.4306640625,
        "5": -1.08203125,
        "10": -1.2578125,
        "25": -1.3330078125,
        "50": -1.1103515625
    },
    "4.pt": {
        "1": -0.578125,
        "5": -0.8115234375,
        "10": -0.89404296875,
        "25": -0.8974609375,
        "50": -0.08721923828125
    }
}