{
    "0.pt": {
        "1": -0.314453125,
        "5": -1.455078125,
        "10": -1.169921875,
        "25": -0.273681640625,
        "50": -0.03973388671875
    },
    "1.pt": {
        "1": -1.7705078125,
        "5": -1.8916015625,
        "10": -1.533203125,
        "25": -0.6181640625,
        "50": -1.73046875
    },
    "2.pt": {
        "1": -1.5009765625,
        "5": -0.4697265625,
        "10": -0.68798828125,
        "25": -1.11328125,
        "50": -1.1005859375
    },
    "3.pt": {
        "1": -0.5380859375,
        "5": -1.021484375,
        "10": -1.1474609375,
        "25": -1.376953125,
        "50": -1.9384765625
    },
    "4.pt": {
        "1": -2.083984375,
        "5": -0.63134765625,
        "10": -1.0185546875,
        "25": -1.4208984375,
        "50": -1.7314453125
    }
}