{
    "0.pt": {
        "1": 0.02899169921875,
        "5": -1.2734375,
        "10": -0.52001953125,
        "25": -0.9853515625,
        "50": -1.7041015625
    },
    "1.pt": {
        "1": -2.11328125,
        "5": 0.396240234375,
        "10": -0.87158203125,
        "25": -0.283203125,
        "50": -0.08831787109375
    },
    "2.pt": {
        "1": -0.59814453125,
        "5": -1.5244140625,
        "10": 0.1859130859375,
        "25": -0.68896484375,
        "50": -0.83447265625
    },
    "3.pt": {
        "1": -1.3623046875,
        "5": -0.67919921875,
        "10": -1.4052734375,
        "25": -0.51123046875,
        "50": -0.1297607421875
    },
    "4.pt": {
        "1": -0.6328125,
        "5": 0.52294921875,
        "10": -0.603515625,
        "25": -0.5205078125,
        "50": -1.283203125
    }
}