{
    "0.pt": {
        "1": -1.7958984375,
        "5": -1.8828125,
        "10": -1.0888671875,
        "25": -1.7958984375,
        "50": -2.119140625
    },
    "1.pt": {
        "1": -1.0712890625,
        "5": -1.1142578125,
        "10": -1.63671875,
        "25": 0.475830078125,
        "50": -0.379638671875
    },
    "2.pt": {
        "1": -1.72265625,
        "5": -0.279541015625,
        "10": -0.468017578125,
        "25": -1.458984375,
        "50": -0.583984375
    },
    "3.pt": {
        "1": 0.1357421875,
        "5": -1.1220703125,
        "10": -0.95068359375,
        "25": -1.474609375,
        "50": -2.0234375
    },
    "4.pt": {
        "1": -0.9130859375,
        "5": -1.2255859375,
        "10": -1.4384765625,
        "25": -1.3662109375,
        "50": -1.421875
    }
}