{
    "0.pt": {
        "1": -1.58203125,
        "5": -0.1712646484375,
        "10": 0.053466796875,
        "25": 0.30908203125,
        "50": -0.235595703125
    },
    "1.pt": {
        "1": -0.7001953125,
        "5": -1.6826171875,
        "10": -1.556640625,
        "25": -1.2265625,
        "50": -1.462890625
    },
    "2.pt": {
        "1": -1.9140625,
        "5": -1.46484375,
        "10": -1.5966796875,
        "25": -1.685546875,
        "50": -0.53955078125
    },
    "3.pt": {
        "1": -0.2724609375,
        "5": -1.90625,
        "10": -1.3662109375,
        "25": -1.8798828125,
        "50": -0.935546875
    },
    "4.pt": {
        "1": -0.662109375,
        "5": -0.4873046875,
        "10": -1.115234375,
        "25": -1.8134765625,
        "50": -0.51318359375
    }
}