{
    "0.pt": {
        "1": -1.046875,
        "5": -0.83642578125,
        "10": 0.35498046875,
        "25": -0.943359375,
        "50": -0.37841796875
    },
    "1.pt": {
        "1": -1.244140625,
        "5": -1.267578125,
        "10": -0.1552734375,
        "25": -0.1871337890625,
        "50": -0.2099609375
    },
    "2.pt": {
        "1": -1.9853515625,
        "5": -0.89013671875,
        "10": 0.0015621185302734375,
        "25": -1.8798828125,
        "50": -0.958984375
    },
    "3.pt": {
        "1": -1.3447265625,
        "5": -1.3662109375,
        "10": 0.2054443359375,
        "25": -0.45849609375,
        "50": -1.00390625
    },
    "4.pt": {
        "1": 0.1441650390625,
        "5": -0.244873046875,
        "10": -0.105712890625,
        "25": -1.2109375,
        "50": -0.740234375
    }
}