{
    "0.pt": {
        "1": -1.19921875,
        "5": -0.759765625,
        "10": -1.4736328125,
        "25": -1.8955078125,
        "50": -0.5283203125
    },
    "1.pt": {
        "1": -0.703125,
        "5": -1.3212890625,
        "10": -0.5625,
        "25": -1.23828125,
        "50": -0.79931640625
    },
    "2.pt": {
        "1": -0.28857421875,
        "5": -1.2705078125,
        "10": -0.4658203125,
        "25": -0.5322265625,
        "50": -0.421142578125
    },
    "3.pt": {
        "1": -1.060546875,
        "5": 0.4462890625,
        "10": -1.4599609375,
        "25": -1.5517578125,
        "50": -1.8037109375
    },
    "4.pt": {
        "1": -0.7197265625,
        "5": -1.654296875,
        "10": -1.7451171875,
        "25": -1.4892578125,
        "50": -0.93359375
    }
}