{
    "0.pt": {
        "1": -0.50390625,
        "5": -1.0087890625,
        "10": -1.23828125,
        "25": -1.388671875,
        "50": -0.705078125
    },
    "1.pt": {
        "1": -1.3515625,
        "5": -1.32421875,
        "10": -0.9208984375,
        "25": -1.4658203125,
        "50": -1.67578125
    },
    "2.pt": {
        "1": -1.9853515625,
        "5": -1.3994140625,
        "10": -0.720703125,
        "25": -0.83447265625,
        "50": -1.67578125
    },
    "3.pt": {
        "1": -0.59716796875,
        "5": -0.394775390625,
        "10": -1.60546875,
        "25": -0.64208984375,
        "50": -0.70947265625
    },
    "4.pt": {
        "1": -0.9697265625,
        "5": -0.10333251953125,
        "10": -2.08984375,
        "25": -0.284423828125,
        "50": 1.017578125
    }
}