{
    "0.pt": {
        "1": -1.5322265625,
        "5": -1.2255859375,
        "10": -0.716796875,
        "25": -0.90576171875,
        "50": -1.572265625
    },
    "1.pt": {
        "1": -1.4755859375,
        "5": -1.193359375,
        "10": -0.626953125,
        "25": -0.908203125,
        "50": -1.1865234375
    },
    "2.pt": {
        "1": -0.64208984375,
        "5": -1.8427734375,
        "10": -1.18359375,
        "25": -1.09765625,
        "50": -1.1083984375
    },
    "3.pt": {
        "1": -0.56005859375,
        "5": -1.4970703125,
        "10": -1.658203125,
        "25": -1.650390625,
        "50": -1.375
    },
    "4.pt": {
        "1": -1.2822265625,
        "5": -2.43359375,
        "10": -1.3544921875,
        "25": -0.90478515625,
        "50": 0.57470703125
    }
}