{
    "0.pt": {
        "1": -1.619140625,
        "5": -1.7021484375,
        "10": -1.0166015625,
        "25": -0.70361328125,
        "50": 0.314697265625
    },
    "1.pt": {
        "1": -2.23046875,
        "5": -0.599609375,
        "10": -0.2296142578125,
        "25": 0.0242462158203125,
        "50": -1.0537109375
    },
    "2.pt": {
        "1": -1.435546875,
        "5": -0.97705078125,
        "10": -0.56884765625,
        "25": -1.7490234375,
        "50": -1.3876953125
    },
    "3.pt": {
        "1": 0.312744140625,
        "5": -0.2763671875,
        "10": -0.02081298828125,
        "25": -0.318603515625,
        "50": -0.0169830322265625
    },
    "4.pt": {
        "1": -0.5556640625,
        "5": -0.12457275390625,
        "10": -0.9306640625,
        "25": -0.67041015625,
        "50": -1.0693359375
    }
}