{
    "0.pt": {
        "1": -0.39306640625,
        "5": -1.6376953125,
        "10": -0.07745361328125,
        "25": -0.74169921875,
        "50": -0.935546875
    },
    "1.pt": {
        "1": -1.23046875,
        "5": -0.0714111328125,
        "10": -1.9365234375,
        "25": -1.4580078125,
        "50": -0.77392578125
    },
    "2.pt": {
        "1": -1.91015625,
        "5": -0.50390625,
        "10": -0.364501953125,
        "25": -1.9052734375,
        "50": -1.4736328125
    },
    "3.pt": {
        "1": -1.423828125,
        "5": -1.322265625,
        "10": -1.640625,
        "25": 0.06610107421875,
        "50": -0.80078125
    },
    "4.pt": {
        "1": -1.15625,
        "5": -0.79638671875,
        "10": -1.3134765625,
        "25": -1.0107421875,
        "50": -0.40185546875
    }
}