{
    "0.pt": {
        "1": 0.0389404296875,
        "5": -1.86328125,
        "10": -1.177734375,
        "25": -2.412109375,
        "50": -0.186279296875
    },
    "1.pt": {
        "1": -1.322265625,
        "5": -0.78173828125,
        "10": -0.53857421875,
        "25": -0.69189453125,
        "50": -0.28125
    },
    "2.pt": {
        "1": -1.568359375,
        "5": -0.4697265625,
        "10": -1.4111328125,
        "25": -1.30859375,
        "50": -0.1849365234375
    },
    "3.pt": {
        "1": -0.76025390625,
        "5": -1.8349609375,
        "10": -1.583984375,
        "25": -0.48193359375,
        "50": -1.380859375
    },
    "4.pt": {
        "1": -0.150146484375,
        "5": -1.1279296875,
        "10": 0.1773681640625,
        "25": -0.06695556640625,
        "50": -0.81787109375
    }
}