{
    "0.pt": {
        "1": -0.061553955078125,
        "5": -1.650390625,
        "10": -0.470703125,
        "25": -0.8330078125,
        "50": -0.66748046875
    },
    "1.pt": {
        "1": -1.2734375,
        "5": -1.6357421875,
        "10": -1.794921875,
        "25": -0.96630859375,
        "50": 0.189697265625
    },
    "2.pt": {
        "1": -0.20654296875,
        "5": -0.65966796875,
        "10": -1.3935546875,
        "25": -0.2391357421875,
        "50": -0.3447265625
    },
    "3.pt": {
        "1": -0.316162109375,
        "5": -1.5732421875,
        "10": -1.8623046875,
        "25": -0.0728759765625,
        "50": -1.1806640625
    },
    "4.pt": {
        "1": -1.2060546875,
        "5": -1.095703125,
        "10": -1.556640625,
        "25": -1.4599609375,
        "50": -2.34765625
    }
}