{
    "0.pt": {
        "1": -0.6357421875,
        "5": 0.6630859375,
        "10": -0.5732421875,
        "25": -0.414794921875,
        "50": -1.03515625
    },
    "1.pt": {
        "1": -0.2176513671875,
        "5": -0.55029296875,
        "10": -0.65673828125,
        "25": -1.5048828125,
        "50": -0.26318359375
    },
    "2.pt": {
        "1": -0.48046875,
        "5": 0.045440673828125,
        "10": -0.434814453125,
        "25": -1.2822265625,
        "50": -1.2216796875
    },
    "3.pt": {
        "1": -1.59765625,
        "5": -1.2568359375,
        "10": -1.568359375,
        "25": -0.7392578125,
        "50": 0.03155517578125
    },
    "4.pt": {
        "1": -1.3095703125,
        "5": -1.3701171875,
        "10": -0.728515625,
        "25": -0.66796875,
        "50": -0.54248046875
    }
}