{
    "0.pt": {
        "1": -1.2421875,
        "5": -0.6328125,
        "10": 0.1087646484375,
        "25": -0.935546875,
        "50": -1.0947265625
    },
    "1.pt": {
        "1": -0.472412109375,
        "5": -0.0323486328125,
        "10": -1.166015625,
        "25": -1.71875,
        "50": -0.78125
    },
    "2.pt": {
        "1": -0.9033203125,
        "5": -1.4375,
        "10": -0.1075439453125,
        "25": 0.461181640625,
        "50": -0.55908203125
    },
    "3.pt": {
        "1": -0.1365966796875,
        "5": -0.64990234375,
        "10": -0.454345703125,
        "25": -1.30078125,
        "50": -0.77685546875
    },
    "4.pt": {
        "1": -0.51025390625,
        "5": -1.224609375,
        "10": -2.119140625,
        "25": -1.2998046875,
        "50": -0.61328125
    }
}