{
    "0.pt": {
        "1": -0.673828125,
        "5": -1.7578125,
        "10": 0.06915283203125,
        "25": -1.751953125,
        "50": -0.9501953125
    },
    "1.pt": {
        "1": -1.2060546875,
        "5": -0.9521484375,
        "10": -0.5732421875,
        "25": -1.23828125,
        "50": -1.07421875
    },
    "2.pt": {
        "1": -1.5048828125,
        "5": -1.2939453125,
        "10": -0.80224609375,
        "25": -0.4501953125,
        "50": -1.5380859375
    },
    "3.pt": {
        "1": -0.2247314453125,
        "5": -1.5908203125,
        "10": -1.875,
        "25": -1.818359375,
        "50": -1.1201171875
    },
    "4.pt": {
        "1": -0.087646484375,
        "5": -0.244384765625,
        "10": -1.0263671875,
        "25": -1.2080078125,
        "50": -0.71923828125
    }
}