{
    "0.pt": {
        "1": 0.2059326171875,
        "5": -1.1396484375,
        "10": -0.29443359375,
        "25": -1.322265625,
        "50": -1.3056640625
    },
    "1.pt": {
        "1": -0.2142333984375,
        "5": -0.399169921875,
        "10": -0.436767578125,
        "25": -0.267822265625,
        "50": -1.1787109375
    },
    "2.pt": {
        "1": -1.365234375,
        "5": -0.84130859375,
        "10": -1.46484375,
        "25": -0.3662109375,
        "50": -0.82958984375
    },
    "3.pt": {
        "1": -0.5244140625,
        "5": 0.00849151611328125,
        "10": -1.587890625,
        "25": -1.64453125,
        "50": -1.6708984375
    },
    "4.pt": {
        "1": -1.4755859375,
        "5": -1.9091796875,
        "10": -1.3779296875,
        "25": -1.365234375,
        "50": -1.5751953125
    }
}