{
    "0.pt": {
        "1": -0.1962890625,
        "5": -1.2080078125,
        "10": -1.3916015625,
        "25": -2.109375,
        "50": -0.67041015625
    },
    "1.pt": {
        "1": -0.3330078125,
        "5": -1.9521484375,
        "10": -0.748046875,
        "25": -0.72119140625,
        "50": -0.473388671875
    },
    "2.pt": {
        "1": -1.8896484375,
        "5": -0.054412841796875,
        "10": -1.3466796875,
        "25": -0.87548828125,
        "50": -1.0810546875
    },
    "3.pt": {
        "1": -1.6298828125,
        "5": -1.4326171875,
        "10": -0.7646484375,
        "25": -1.3681640625,
        "50": 0.11126708984375
    },
    "4.pt": {
        "1": -0.62353515625,
        "5": -0.55029296875,
        "10": -1.5166015625,
        "25": -2.005859375,
        "50": -1.3173828125
    }
}