{
    "0.pt": {
        "1": -0.3720703125,
        "5": -0.611328125,
        "10": -0.56982421875,
        "25": -1.435546875,
        "50": -0.30859375
    },
    "1.pt": {
        "1": -0.36328125,
        "5": -1.7353515625,
        "10": -1.3798828125,
        "25": -1.119140625,
        "50": -1.033203125
    },
    "2.pt": {
        "1": -0.68798828125,
        "5": -1.501953125,
        "10": -1.3828125,
        "25": -1.140625,
        "50": -1.5517578125
    },
    "3.pt": {
        "1": -0.599609375,
        "5": -1.9326171875,
        "10": 0.266845703125,
        "25": 0.00348663330078125,
        "50": 0.1259765625
    },
    "4.pt": {
        "1": 0.1390380859375,
        "5": -0.2454833984375,
        "10": -0.57275390625,
        "25": -1.662109375,
        "50": -0.014404296875
    }
}