{
    "0.pt": {
        "1": -2.08203125,
        "5": -1.2998046875,
        "10": -1.474609375,
        "25": -0.1058349609375,
        "50": -0.443603515625
    },
    "1.pt": {
        "1": -2.0,
        "5": -0.912109375,
        "10": -0.3056640625,
        "25": -1.458984375,
        "50": -0.46875
    },
    "2.pt": {
        "1": -1.7451171875,
        "5": -0.93701171875,
        "10": -0.77685546875,
        "25": -1.578125,
        "50": -0.984375
    },
    "3.pt": {
        "1": -1.240234375,
        "5": -1.921875,
        "10": -1.4169921875,
        "25": -0.490234375,
        "50": -0.900390625
    },
    "4.pt": {
        "1": -0.828125,
        "5": -1.1669921875,
        "10": -0.83544921875,
        "25": -0.239990234375,
        "50": -1.412109375
    }
}