{
    "0.pt": {
        "1": 0.07806396484375,
        "5": -0.1778564453125,
        "10": -0.5615234375,
        "25": -1.4521484375,
        "50": 0.039886474609375
    },
    "1.pt": {
        "1": -0.363037109375,
        "5": -1.8154296875,
        "10": -1.560546875,
        "25": -1.4326171875,
        "50": -0.53466796875
    },
    "2.pt": {
        "1": -1.4599609375,
        "5": -0.408447265625,
        "10": -0.362548828125,
        "25": -1.3994140625,
        "50": -1.23828125
    },
    "3.pt": {
        "1": -0.1309814453125,
        "5": -2.05859375,
        "10": -1.57421875,
        "25": -0.037689208984375,
        "50": -1.3828125
    },
    "4.pt": {
        "1": -1.9091796875,
        "5": -0.89892578125,
        "10": -1.2529296875,
        "25": -0.452880859375,
        "50": 0.403076171875
    }
}