{
    "0.pt": {
        "1": -0.830078125,
        "5": -0.54248046875,
        "10": -0.31982421875,
        "25": -1.50390625,
        "50": -1.0478515625
    },
    "1.pt": {
        "1": -2.171875,
        "5": -1.3173828125,
        "10": -1.109375,
        "25": -0.5595703125,
        "50": -0.73681640625
    },
    "2.pt": {
        "1": -1.240234375,
        "5": -0.9404296875,
        "10": -0.35595703125,
        "25": -0.395263671875,
        "50": -1.6015625
    },
    "3.pt": {
        "1": -0.96484375,
        "5": 0.02520751953125,
        "10": -0.344970703125,
        "25": -2.1484375,
        "50": -0.7607421875
    },
    "4.pt": {
        "1": -0.3779296875,
        "5": -1.220703125,
        "10": -1.279296875,
        "25": -1.3232421875,
        "50": -1.6826171875
    }
}