{
    "0.pt": {
        "1": -1.328125,
        "5": -1.5302734375,
        "10": -1.8203125,
        "25": -1.291015625,
        "50": -0.311767578125
    },
    "1.pt": {
        "1": -1.6806640625,
        "5": -1.0244140625,
        "10": -0.58642578125,
        "25": -1.4130859375,
        "50": -0.68798828125
    },
    "2.pt": {
        "1": -1.060546875,
        "5": -1.6357421875,
        "10": -1.4580078125,
        "25": -1.337890625,
        "50": -1.130859375
    },
    "3.pt": {
        "1": -1.43359375,
        "5": -0.73291015625,
        "10": -0.67529296875,
        "25": -0.61181640625,
        "50": -1.7919921875
    },
    "4.pt": {
        "1": -1.087890625,
        "5": -1.552734375,
        "10": -1.837890625,
        "25": -1.9501953125,
        "50": -0.67041015625
    }
}