{
    "0.pt": {
        "1": -0.62353515625,
        "5": -1.2587890625,
        "10": -0.828125,
        "25": -1.9208984375,
        "50": -1.326171875
    },
    "1.pt": {
        "1": -1.677734375,
        "5": -1.458984375,
        "10": -0.48681640625,
        "25": -0.12091064453125,
        "50": -1.345703125
    },
    "2.pt": {
        "1": -0.73828125,
        "5": -0.1998291015625,
        "10": -1.904296875,
        "25": -0.404052734375,
        "50": -1.3076171875
    },
    "3.pt": {
        "1": -1.2744140625,
        "5": -1.59765625,
        "10": -0.52880859375,
        "25": -1.7939453125,
        "50": -1.8193359375
    },
    "4.pt": {
        "1": -1.4833984375,
        "5": -1.3994140625,
        "10": -0.04022216796875,
        "25": -1.2939453125,
        "50": -0.268798828125
    }
}