{
    "0.pt": {
        "1": -0.443603515625,
        "5": 0.013580322265625,
        "10": -0.99072265625,
        "25": -0.544921875,
        "50": -0.27099609375
    },
    "1.pt": {
        "1": 0.58984375,
        "5": -0.85546875,
        "10": -1.1083984375,
        "25": -0.0836181640625,
        "50": -0.95068359375
    },
    "2.pt": {
        "1": -1.7958984375,
        "5": -0.69482421875,
        "10": -1.1162109375,
        "25": -0.182861328125,
        "50": 0.0182952880859375
    },
    "3.pt": {
        "1": -1.8134765625,
        "5": -1.5888671875,
        "10": -1.7158203125,
        "25": -1.171875,
        "50": -1.2841796875
    },
    "4.pt": {
        "1": -1.265625,
        "5": -1.6689453125,
        "10": -0.4619140625,
        "25": -0.9970703125,
        "50": -0.7744140625
    }
}