{
    "0.pt": {
        "1": -1.115234375,
        "5": -0.7177734375,
        "10": 0.07659912109375,
        "25": -0.33251953125,
        "50": -0.61083984375
    },
    "1.pt": {
        "1": -0.5517578125,
        "5": 0.15185546875,
        "10": -0.420654296875,
        "25": -0.24755859375,
        "50": -0.416748046875
    },
    "2.pt": {
        "1": -1.88671875,
        "5": -1.46484375,
        "10": -0.35791015625,
        "25": -1.1591796875,
        "50": -1.33984375
    },
    "3.pt": {
        "1": -0.2293701171875,
        "5": -0.70068359375,
        "10": -0.43212890625,
        "25": -1.615234375,
        "50": -0.85693359375
    },
    "4.pt": {
        "1": -0.6630859375,
        "5": -0.56591796875,
        "10": -0.9111328125,
        "25": -0.033203125,
        "50": -1.544921875
    }
}