{
    "0.pt": {
        "1": -0.490966796875,
        "5": 0.00440216064453125,
        "10": -1.0478515625,
        "25": -1.8916015625,
        "50": -0.40185546875
    },
    "1.pt": {
        "1": -0.464111328125,
        "5": -0.011810302734375,
        "10": -1.205078125,
        "25": -0.0955810546875,
        "50": -0.85986328125
    },
    "2.pt": {
        "1": -0.151611328125,
        "5": -1.01171875,
        "10": -1.3330078125,
        "25": 0.1275634765625,
        "50": -1.6044921875
    },
    "3.pt": {
        "1": -1.8251953125,
        "5": -0.225830078125,
        "10": -1.5390625,
        "25": -0.57958984375,
        "50": -0.93505859375
    },
    "4.pt": {
        "1": -1.0859375,
        "5": -1.193359375,
        "10": -0.810546875,
        "25": -2.41796875,
        "50": -0.830078125
    }
}