{
    "0.pt": {
        "1": -0.96728515625,
        "5": -1.86328125,
        "10": -1.30078125,
        "25": -0.1336669921875,
        "50": -1.5693359375
    },
    "1.pt": {
        "1": -1.169921875,
        "5": -1.31640625,
        "10": -1.1865234375,
        "25": -1.9169921875,
        "50": -1.08203125
    },
    "2.pt": {
        "1": -0.90087890625,
        "5": -1.923828125,
        "10": -0.2459716796875,
        "25": 0.08563232421875,
        "50": -2.111328125
    },
    "3.pt": {
        "1": 0.1595458984375,
        "5": -1.658203125,
        "10": -0.76220703125,
        "25": -1.5791015625,
        "50": -2.080078125
    },
    "4.pt": {
        "1": -0.8486328125,
        "5": -1.98828125,
        "10": -0.34912109375,
        "25": -1.7998046875,
        "50": -0.337646484375
    }
}