{
    "0.pt": {
        "1": -0.703125,
        "5": -1.77734375,
        "10": -1.3115234375,
        "25": -0.330078125,
        "50": -0.424072265625
    },
    "1.pt": {
        "1": -0.6259765625,
        "5": -1.6328125,
        "10": -0.07440185546875,
        "25": -0.08197021484375,
        "50": -0.1781005859375
    },
    "2.pt": {
        "1": -1.755859375,
        "5": 0.2210693359375,
        "10": -1.896484375,
        "25": -2.05859375,
        "50": -0.61376953125
    },
    "3.pt": {
        "1": -0.6708984375,
        "5": 0.302001953125,
        "10": -1.46875,
        "25": 0.0035877227783203125,
        "50": -1.2880859375
    },
    "4.pt": {
        "1": -1.4287109375,
        "5": -2.103515625,
        "10": -1.3798828125,
        "25": -1.0634765625,
        "50": -0.057159423828125
    }
}