{
    "0.pt": {
        "1": -0.765625,
        "5": -1.763671875,
        "10": -0.7236328125,
        "25": -2.173828125,
        "50": -0.1387939453125
    },
    "1.pt": {
        "1": -0.79248046875,
        "5": -1.00390625,
        "10": -0.418212890625,
        "25": -1.8779296875,
        "50": -0.955078125
    },
    "2.pt": {
        "1": -1.828125,
        "5": -1.6982421875,
        "10": -0.92138671875,
        "25": -1.1416015625,
        "50": 0.48876953125
    },
    "3.pt": {
        "1": -0.07672119140625,
        "5": -0.76025390625,
        "10": -1.669921875,
        "25": -1.71875,
        "50": -0.50830078125
    },
    "4.pt": {
        "1": -1.74609375,
        "5": -1.0263671875,
        "10": -1.4189453125,
        "25": -0.02740478515625,
        "50": -1.4365234375
    }
}