{
    "0.pt": {
        "1": 0.01073455810546875,
        "5": -0.67724609375,
        "10": -1.8701171875,
        "25": -1.529296875,
        "50": -1.7548828125
    },
    "1.pt": {
        "1": -0.7841796875,
        "5": -0.74365234375,
        "10": -0.186279296875,
        "25": -1.947265625,
        "50": -1.1884765625
    },
    "2.pt": {
        "1": 0.6708984375,
        "5": -1.5400390625,
        "10": -0.449462890625,
        "25": -0.4814453125,
        "50": -1.4794921875
    },
    "3.pt": {
        "1": -0.439453125,
        "5": -1.267578125,
        "10": 0.411376953125,
        "25": -1.9677734375,
        "50": -1.5810546875
    },
    "4.pt": {
        "1": -0.25146484375,
        "5": -0.8623046875,
        "10": -0.309814453125,
        "25": 0.07684326171875,
        "50": -1.2939453125
    }
}