{
    "0.pt": {
        "1": -1.2685546875,
        "5": -1.6171875,
        "10": -1.9609375,
        "25": -1.3115234375,
        "50": -0.2418212890625
    },
    "1.pt": {
        "1": -2.505859375,
        "5": -1.474609375,
        "10": 0.269287109375,
        "25": -1.8017578125,
        "50": -1.15234375
    },
    "2.pt": {
        "1": -1.1552734375,
        "5": -1.4287109375,
        "10": -1.91796875,
        "25": -0.79248046875,
        "50": -1.4658203125
    },
    "3.pt": {
        "1": -0.984375,
        "5": -0.7646484375,
        "10": -1.318359375,
        "25": -0.69873046875,
        "50": -0.36865234375
    },
    "4.pt": {
        "1": -1.27734375,
        "5": -0.955078125,
        "10": -0.408935546875,
        "25": -0.7685546875,
        "50": -0.35791015625
    }
}