{
    "0.pt": {
        "1": -0.7255859375,
        "5": -0.63671875,
        "10": -1.0283203125,
        "25": -0.6396484375,
        "50": -0.61572265625
    },
    "1.pt": {
        "1": -0.96630859375,
        "5": -0.875,
        "10": -0.2225341796875,
        "25": -1.2353515625,
        "50": -1.341796875
    },
    "2.pt": {
        "1": 0.09344482421875,
        "5": 0.37890625,
        "10": -0.72412109375,
        "25": -0.342041015625,
        "50": -0.8388671875
    },
    "3.pt": {
        "1": -0.1866455078125,
        "5": -1.1552734375,
        "10": -1.0859375,
        "25": -1.7353515625,
        "50": 0.92822265625
    },
    "4.pt": {
        "1": -1.255859375,
        "5": -1.3759765625,
        "10": -1.7880859375,
        "25": -0.3203125,
        "50": -0.11309814453125
    }
}