{
    "0.pt": {
        "1": -1.8955078125,
        "5": -1.8203125,
        "10": -0.84521484375,
        "25": -1.2958984375,
        "50": -1.43359375
    },
    "1.pt": {
        "1": -1.681640625,
        "5": -0.53955078125,
        "10": -1.8427734375,
        "25": -1.1162109375,
        "50": -1.1572265625
    },
    "2.pt": {
        "1": -1.56640625,
        "5": -0.9140625,
        "10": -0.0394287109375,
        "25": -0.93310546875,
        "50": -0.9873046875
    },
    "3.pt": {
        "1": -0.40478515625,
        "5": -1.771484375,
        "10": -1.2109375,
        "25": -1.4921875,
        "50": -1.34765625
    },
    "4.pt": {
        "1": 0.030029296875,
        "5": -0.9921875,
        "10": -0.1732177734375,
        "25": -1.474609375,
        "50": -0.9228515625
    }
}