{
    "0.pt": {
        "1": -0.951171875,
        "5": -0.74169921875,
        "10": -1.2783203125,
        "25": 0.58251953125,
        "50": -1.3154296875
    },
    "1.pt": {
        "1": -0.6474609375,
        "5": -1.4521484375,
        "10": -1.677734375,
        "25": -0.73974609375,
        "50": -0.257080078125
    },
    "2.pt": {
        "1": -1.46484375,
        "5": -0.455322265625,
        "10": -0.50341796875,
        "25": -1.21875,
        "50": -0.8828125
    },
    "3.pt": {
        "1": -0.72705078125,
        "5": -1.017578125,
        "10": -0.45703125,
        "25": -0.564453125,
        "50": -1.21484375
    },
    "4.pt": {
        "1": 0.78857421875,
        "5": -0.165771484375,
        "10": -0.1484375,
        "25": -1.974609375,
        "50": -1.16796875
    }
}