{
    "0.pt": {
        "1": -0.689453125,
        "5": -1.125,
        "10": -2.1875,
        "25": -1.2294921875,
        "50": -1.1708984375
    },
    "1.pt": {
        "1": -0.65380859375,
        "5": -0.67724609375,
        "10": -1.8056640625,
        "25": -0.9892578125,
        "50": -1.173828125
    },
    "2.pt": {
        "1": -1.0546875,
        "5": -1.515625,
        "10": -0.7353515625,
        "25": -0.0804443359375,
        "50": -1.0732421875
    },
    "3.pt": {
        "1": -1.453125,
        "5": -0.4755859375,
        "10": -0.90966796875,
        "25": -1.48046875,
        "50": -1.5986328125
    },
    "4.pt": {
        "1": -0.91259765625,
        "5": -0.2939453125,
        "10": -0.826171875,
        "25": -1.0234375,
        "50": -2.1171875
    }
}