{
    "0.pt": {
        "1": -0.52392578125,
        "5": -1.59765625,
        "10": -1.3671875,
        "25": -1.1142578125,
        "50": -0.08465576171875
    },
    "1.pt": {
        "1": -1.8505859375,
        "5": -1.5263671875,
        "10": -1.65625,
        "25": -0.91162109375,
        "50": 0.39208984375
    },
    "2.pt": {
        "1": -2.115234375,
        "5": -0.225341796875,
        "10": -1.9375,
        "25": -1.4072265625,
        "50": -1.3427734375
    },
    "3.pt": {
        "1": -0.46533203125,
        "5": -1.6611328125,
        "10": -1.5009765625,
        "25": -1.37890625,
        "50": -0.292236328125
    },
    "4.pt": {
        "1": -0.76318359375,
        "5": -0.2177734375,
        "10": -0.78662109375,
        "25": -0.8232421875,
        "50": -0.2030029296875
    }
}