{
    "0.pt": {
        "1": -0.794921875,
        "5": -1.9365234375,
        "10": -1.6796875,
        "25": -0.047393798828125,
        "50": -0.80029296875
    },
    "1.pt": {
        "1": -2.0625,
        "5": -0.8759765625,
        "10": -0.0985107421875,
        "25": -0.7470703125,
        "50": -0.3994140625
    },
    "2.pt": {
        "1": -0.9365234375,
        "5": -0.5,
        "10": -0.52294921875,
        "25": -0.63671875,
        "50": -1.560546875
    },
    "3.pt": {
        "1": -1.6611328125,
        "5": -0.455810546875,
        "10": -1.0849609375,
        "25": -0.44775390625,
        "50": -1.8515625
    },
    "4.pt": {
        "1": -0.44384765625,
        "5": -1.89453125,
        "10": -1.0888671875,
        "25": -1.2802734375,
        "50": -1.939453125
    }
}