{
    "0.pt": {
        "1": -0.568359375,
        "5": -0.1915283203125,
        "10": -1.912109375,
        "25": -1.818359375,
        "50": -1.4970703125
    },
    "1.pt": {
        "1": -0.43701171875,
        "5": -1.25390625,
        "10": -1.45703125,
        "25": -0.6943359375,
        "50": -0.5888671875
    },
    "2.pt": {
        "1": -0.30859375,
        "5": -0.5068359375,
        "10": -0.34033203125,
        "25": -0.376708984375,
        "50": -0.86767578125
    },
    "3.pt": {
        "1": -1.03515625,
        "5": -1.2880859375,
        "10": -1.28125,
        "25": -0.6337890625,
        "50": -0.359619140625
    },
    "4.pt": {
        "1": -1.3876953125,
        "5": -0.755859375,
        "10": -1.203125,
        "25": -0.63232421875,
        "50": -0.71923828125
    }
}