{
    "0.pt": {
        "1": -0.25732421875,
        "5": -2.0625,
        "10": -0.11962890625,
        "25": -0.27880859375,
        "50": -0.77685546875
    },
    "1.pt": {
        "1": -1.583984375,
        "5": -0.9287109375,
        "10": -1.658203125,
        "25": -0.476318359375,
        "50": -1.4736328125
    },
    "2.pt": {
        "1": -1.73828125,
        "5": -1.3330078125,
        "10": 0.54345703125,
        "25": -0.5107421875,
        "50": -1.984375
    },
    "3.pt": {
        "1": -0.63916015625,
        "5": -1.57421875,
        "10": -1.701171875,
        "25": -1.248046875,
        "50": -0.8466796875
    },
    "4.pt": {
        "1": -0.44091796875,
        "5": -1.5302734375,
        "10": -0.744140625,
        "25": -1.9384765625,
        "50": -0.289306640625
    }
}