{
    "0.pt": {
        "1": -0.84130859375,
        "5": -0.69140625,
        "10": 0.327392578125,
        "25": -1.4267578125,
        "50": -1.4033203125
    },
    "1.pt": {
        "1": -1.26171875,
        "5": -0.84912109375,
        "10": -1.3525390625,
        "25": -0.7421875,
        "50": -1.0009765625
    },
    "2.pt": {
        "1": -1.2939453125,
        "5": -1.080078125,
        "10": -1.7421875,
        "25": 0.160400390625,
        "50": -0.876953125
    },
    "3.pt": {
        "1": -1.4765625,
        "5": -1.3388671875,
        "10": -1.5498046875,
        "25": -0.312255859375,
        "50": 0.045806884765625
    },
    "4.pt": {
        "1": -0.97705078125,
        "5": -0.60888671875,
        "10": -1.73828125,
        "25": -1.9619140625,
        "50": -1.6181640625
    }
}