{
    "0.pt": {
        "1": -0.033355712890625,
        "5": -1.126953125,
        "10": -1.666015625,
        "25": -1.2822265625,
        "50": -0.9228515625
    },
    "1.pt": {
        "1": -0.036956787109375,
        "5": -0.69140625,
        "10": -2.5390625,
        "25": -0.6328125,
        "50": -1.48828125
    },
    "2.pt": {
        "1": -1.1044921875,
        "5": -1.7119140625,
        "10": -1.0390625,
        "25": -0.2325439453125,
        "50": -1.08203125
    },
    "3.pt": {
        "1": -0.431884765625,
        "5": -1.4521484375,
        "10": -0.61181640625,
        "25": -1.7724609375,
        "50": -0.6416015625
    },
    "4.pt": {
        "1": -0.317626953125,
        "5": -0.129150390625,
        "10": -1.357421875,
        "25": -1.04296875,
        "50": -0.52685546875
    }
}