{
    "0.pt": {
        "1": -0.75048828125,
        "5": -0.8515625,
        "10": -0.99267578125,
        "25": 0.1397705078125,
        "50": -0.9619140625
    },
    "1.pt": {
        "1": 0.2471923828125,
        "5": -0.1617431640625,
        "10": -1.5068359375,
        "25": -1.7392578125,
        "50": -0.265625
    },
    "2.pt": {
        "1": -1.484375,
        "5": -0.3544921875,
        "10": -0.88037109375,
        "25": 0.10992431640625,
        "50": -1.53515625
    },
    "3.pt": {
        "1": -1.2880859375,
        "5": -0.62548828125,
        "10": -0.857421875,
        "25": -0.73828125,
        "50": -1.4580078125
    },
    "4.pt": {
        "1": -1.12109375,
        "5": -0.0894775390625,
        "10": -0.0009784698486328125,
        "25": -0.60791015625,
        "50": -0.305419921875
    }
}