{
    "0.pt": {
        "1": -1.173828125,
        "5": -0.5419921875,
        "10": -0.74609375,
        "25": -1.826171875,
        "50": -1.513671875
    },
    "1.pt": {
        "1": -1.310546875,
        "5": -0.75390625,
        "10": -0.4541015625,
        "25": -1.7705078125,
        "50": -1.1279296875
    },
    "2.pt": {
        "1": -0.5986328125,
        "5": -1.0830078125,
        "10": -1.4423828125,
        "25": -2.37109375,
        "50": -1.373046875
    },
    "3.pt": {
        "1": -0.728515625,
        "5": -1.564453125,
        "10": -0.356201171875,
        "25": 0.30517578125,
        "50": -0.7294921875
    },
    "4.pt": {
        "1": -0.10546875,
        "5": -0.46728515625,
        "10": -1.9755859375,
        "25": -0.71875,
        "50": -0.042510986328125
    }
}