{
    "0.pt": {
        "1": -1.634765625,
        "5": -0.69091796875,
        "10": 0.68701171875,
        "25": -0.87841796875,
        "50": -1.2255859375
    },
    "1.pt": {
        "1": -0.94775390625,
        "5": -0.916015625,
        "10": -0.662109375,
        "25": 0.72021484375,
        "50": -0.87939453125
    },
    "2.pt": {
        "1": -1.255859375,
        "5": -0.88037109375,
        "10": -1.267578125,
        "25": -1.6748046875,
        "50": -1.1455078125
    },
    "3.pt": {
        "1": -0.390869140625,
        "5": -2.177734375,
        "10": -0.42626953125,
        "25": -1.822265625,
        "50": -0.18798828125
    },
    "4.pt": {
        "1": -1.654296875,
        "5": -0.791015625,
        "10": -1.9140625,
        "25": -0.3759765625,
        "50": -1.4638671875
    }
}