{
    "0.pt": {
        "1": -1.4052734375,
        "5": -2.263671875,
        "10": -1.81640625,
        "25": -0.1962890625,
        "50": -1.9013671875
    },
    "1.pt": {
        "1": -1.783203125,
        "5": -1.7109375,
        "10": -1.005859375,
        "25": -1.484375,
        "50": -2.265625
    },
    "2.pt": {
        "1": -0.50732421875,
        "5": -0.51318359375,
        "10": -0.44189453125,
        "25": -1.0302734375,
        "50": -1.4736328125
    },
    "3.pt": {
        "1": -1.755859375,
        "5": -0.52978515625,
        "10": -1.3095703125,
        "25": -1.6435546875,
        "50": -0.43994140625
    },
    "4.pt": {
        "1": -1.46875,
        "5": -1.9873046875,
        "10": -1.93359375,
        "25": -1.6416015625,
        "50": -1.908203125
    }
}