{
    "0.pt": {
        "1": -1.4140625,
        "5": -0.40673828125,
        "10": -0.378662109375,
        "25": -1.5166015625,
        "50": 0.50244140625
    },
    "1.pt": {
        "1": -0.4716796875,
        "5": -0.29638671875,
        "10": -1.2197265625,
        "25": -0.8544921875,
        "50": -0.794921875
    },
    "2.pt": {
        "1": -1.4375,
        "5": -1.2392578125,
        "10": -0.474609375,
        "25": -1.66796875,
        "50": -1.0751953125
    },
    "3.pt": {
        "1": -1.05859375,
        "5": -0.951171875,
        "10": -1.25,
        "25": -0.3125,
        "50": -0.427734375
    },
    "4.pt": {
        "1": -1.5576171875,
        "5": -0.426513671875,
        "10": -1.826171875,
        "25": -0.2447509765625,
        "50": -0.78271484375
    }
}