{
    "0.pt": {
        "1": -0.2149658203125,
        "5": -0.66064453125,
        "10": -1.0625,
        "25": -1.388671875,
        "50": -1.314453125
    },
    "1.pt": {
        "1": -0.68310546875,
        "5": -1.6044921875,
        "10": -1.8427734375,
        "25": -1.4560546875,
        "50": -1.5859375
    },
    "2.pt": {
        "1": -1.0966796875,
        "5": -0.47705078125,
        "10": -1.7353515625,
        "25": -1.0966796875,
        "50": -0.6171875
    },
    "3.pt": {
        "1": -0.46484375,
        "5": -1.52734375,
        "10": -0.7373046875,
        "25": -0.53271484375,
        "50": -1.0771484375
    },
    "4.pt": {
        "1": -1.6845703125,
        "5": -0.81982421875,
        "10": -0.578125,
        "25": -0.67333984375,
        "50": -0.6123046875
    }
}