{
    "0.pt": {
        "1": -0.2578125,
        "5": -1.515625,
        "10": -1.126953125,
        "25": -1.9111328125,
        "50": -0.31005859375
    },
    "1.pt": {
        "1": -1.3837890625,
        "5": -0.96337890625,
        "10": -0.35595703125,
        "25": -0.63330078125,
        "50": -0.4091796875
    },
    "2.pt": {
        "1": -0.6103515625,
        "5": -1.0537109375,
        "10": -1.298828125,
        "25": -0.63427734375,
        "50": -0.06280517578125
    },
    "3.pt": {
        "1": -0.63818359375,
        "5": -1.1953125,
        "10": -1.986328125,
        "25": -1.0400390625,
        "50": -2.140625
    },
    "4.pt": {
        "1": -1.71875,
        "5": -1.6064453125,
        "10": -0.39111328125,
        "25": -0.334228515625,
        "50": -1.5947265625
    }
}