{
    "0.pt": {
        "1": -1.30078125,
        "5": -1.5390625,
        "10": -0.363037109375,
        "25": -1.453125,
        "50": -0.43017578125
    },
    "1.pt": {
        "1": 0.4013671875,
        "5": -1.076171875,
        "10": -0.0294342041015625,
        "25": -1.0888671875,
        "50": -1.369140625
    },
    "2.pt": {
        "1": -0.10687255859375,
        "5": -1.9208984375,
        "10": -1.0361328125,
        "25": -1.857421875,
        "50": -1.375
    },
    "3.pt": {
        "1": -0.69921875,
        "5": -1.5283203125,
        "10": -0.9697265625,
        "25": 0.095703125,
        "50": -1.5634765625
    },
    "4.pt": {
        "1": -2.103515625,
        "5": -0.24169921875,
        "10": -1.2138671875,
        "25": -0.73583984375,
        "50": -0.26025390625
    }
}