{
    "0.pt": {
        "1": 0.1658935546875,
        "5": -0.525390625,
        "10": -0.029998779296875,
        "25": -0.30029296875,
        "50": -1.779296875
    },
    "1.pt": {
        "1": -1.2470703125,
        "5": -0.92333984375,
        "10": -1.0263671875,
        "25": -1.900390625,
        "50": -1.640625
    },
    "2.pt": {
        "1": -1.90234375,
        "5": -0.89208984375,
        "10": -0.1500244140625,
        "25": -1.7138671875,
        "50": -0.267822265625
    },
    "3.pt": {
        "1": 0.019989013671875,
        "5": -2.04296875,
        "10": -1.3544921875,
        "25": -1.2060546875,
        "50": -1.162109375
    },
    "4.pt": {
        "1": -0.430419921875,
        "5": -1.6376953125,
        "10": -0.796875,
        "25": -1.1884765625,
        "50": -0.2066650390625
    }
}