{
    "0.pt": {
        "1": -0.5966796875,
        "5": -1.6533203125,
        "10": -0.357666015625,
        "25": -1.7138671875,
        "50": -1.26171875
    },
    "1.pt": {
        "1": -0.71826171875,
        "5": -1.1884765625,
        "10": -0.469970703125,
        "25": -1.4404296875,
        "50": -1.57421875
    },
    "2.pt": {
        "1": -0.93994140625,
        "5": -0.78515625,
        "10": -0.99658203125,
        "25": -1.11328125,
        "50": -1.1728515625
    },
    "3.pt": {
        "1": -1.5791015625,
        "5": -1.2587890625,
        "10": -0.0682373046875,
        "25": -0.90283203125,
        "50": -1.5537109375
    },
    "4.pt": {
        "1": -1.2998046875,
        "5": -0.25732421875,
        "10": -0.45458984375,
        "25": -0.1158447265625,
        "50": -0.6533203125
    }
}