{
    "0.pt": {
        "1": -1.185546875,
        "5": -1.0283203125,
        "10": -1.283203125,
        "25": -0.982421875,
        "50": -0.31103515625
    },
    "1.pt": {
        "1": -1.228515625,
        "5": -1.0224609375,
        "10": -1.35546875,
        "25": -1.572265625,
        "50": -0.57275390625
    },
    "2.pt": {
        "1": -1.94140625,
        "5": -1.681640625,
        "10": -0.6455078125,
        "25": -1.9970703125,
        "50": -1.26171875
    },
    "3.pt": {
        "1": -0.61865234375,
        "5": -0.2177734375,
        "10": -0.35791015625,
        "25": -0.460693359375,
        "50": -1.06640625
    },
    "4.pt": {
        "1": -1.52734375,
        "5": -0.88232421875,
        "10": -1.0966796875,
        "25": -1.1337890625,
        "50": -0.99560546875
    }
}