{
    "0.pt": {
        "1": -1.234375,
        "5": -1.986328125,
        "10": -1.0361328125,
        "25": -0.60009765625,
        "50": -0.028076171875
    },
    "1.pt": {
        "1": 0.1939697265625,
        "5": -1.181640625,
        "10": -1.5654296875,
        "25": -0.40380859375,
        "50": -0.818359375
    },
    "2.pt": {
        "1": -1.7890625,
        "5": -1.53515625,
        "10": -0.80126953125,
        "25": -2.45703125,
        "50": 0.0008087158203125
    },
    "3.pt": {
        "1": -1.265625,
        "5": 0.0215911865234375,
        "10": -0.37890625,
        "25": -1.673828125,
        "50": -1.0078125
    },
    "4.pt": {
        "1": -0.416015625,
        "5": -0.9609375,
        "10": -1.521484375,
        "25": -1.26953125,
        "50": -1.3984375
    }
}