{
    "0.pt": {
        "1": 0.3525390625,
        "5": -0.626953125,
        "10": -1.1748046875,
        "25": -0.46044921875,
        "50": -0.1346435546875
    },
    "1.pt": {
        "1": -1.267578125,
        "5": -0.479248046875,
        "10": -1.84375,
        "25": -1.5703125,
        "50": -1.2265625
    },
    "2.pt": {
        "1": -2.08984375,
        "5": -0.85400390625,
        "10": -0.6484375,
        "25": -1.6484375,
        "50": -1.7734375
    },
    "3.pt": {
        "1": -2.046875,
        "5": -0.96142578125,
        "10": -1.36328125,
        "25": -0.994140625,
        "50": -1.0986328125
    },
    "4.pt": {
        "1": -0.712890625,
        "5": -0.970703125,
        "10": -1.6728515625,
        "25": -0.43603515625,
        "50": -0.48193359375
    }
}