{
    "0.pt": {
        "1": -0.487060546875,
        "5": -0.6826171875,
        "10": 0.309814453125,
        "25": -1.2587890625,
        "50": -1.927734375
    },
    "1.pt": {
        "1": -0.7041015625,
        "5": -1.197265625,
        "10": -1.3798828125,
        "25": 0.369140625,
        "50": -0.97216796875
    },
    "2.pt": {
        "1": 0.08807373046875,
        "5": -1.6357421875,
        "10": -0.1640625,
        "25": -1.748046875,
        "50": -1.7958984375
    },
    "3.pt": {
        "1": -0.398193359375,
        "5": -0.58837890625,
        "10": -2.28125,
        "25": -1.0166015625,
        "50": -0.13037109375
    },
    "4.pt": {
        "1": -0.0933837890625,
        "5": -0.76171875,
        "10": -0.186767578125,
        "25": 0.2193603515625,
        "50": -1.69140625
    }
}