{
    "0.pt": {
        "1": 0.2081298828125,
        "5": -0.95947265625,
        "10": -2.05859375,
        "25": -0.83056640625,
        "50": -1.091796875
    },
    "1.pt": {
        "1": -1.970703125,
        "5": -1.5234375,
        "10": -0.94189453125,
        "25": -0.61083984375,
        "50": -0.87255859375
    },
    "2.pt": {
        "1": 0.1007080078125,
        "5": 0.0242919921875,
        "10": -1.3466796875,
        "25": -0.90234375,
        "50": 0.6884765625
    },
    "3.pt": {
        "1": -0.28076171875,
        "5": -1.435546875,
        "10": -1.5205078125,
        "25": -0.671875,
        "50": -1.4912109375
    },
    "4.pt": {
        "1": -1.822265625,
        "5": -1.10546875,
        "10": -1.7265625,
        "25": -1.3935546875,
        "50": -0.79296875
    }
}