{
    "0.pt": {
        "1": -1.7734375,
        "5": -1.7236328125,
        "10": -1.83203125,
        "25": -0.09429931640625,
        "50": -0.8017578125
    },
    "1.pt": {
        "1": -1.1806640625,
        "5": 0.34228515625,
        "10": 0.01454925537109375,
        "25": -2.08984375,
        "50": -0.4345703125
    },
    "2.pt": {
        "1": -0.23828125,
        "5": -1.3134765625,
        "10": -1.1953125,
        "25": -1.5458984375,
        "50": -1.2236328125
    },
    "3.pt": {
        "1": -0.53515625,
        "5": 0.136474609375,
        "10": -0.86181640625,
        "25": -1.2841796875,
        "50": -1.0380859375
    },
    "4.pt": {
        "1": -0.80810546875,
        "5": -0.953125,
        "10": -1.5341796875,
        "25": -1.490234375,
        "50": -0.86328125
    }
}