{
    "0.pt": {
        "1": 0.021697998046875,
        "5": -0.48974609375,
        "10": -1.9951171875,
        "25": -1.3857421875,
        "50": -1.4482421875
    },
    "1.pt": {
        "1": -0.78857421875,
        "5": -1.3994140625,
        "10": -1.7392578125,
        "25": -0.1588134765625,
        "50": -1.0029296875
    },
    "2.pt": {
        "1": -2.283203125,
        "5": -2.3125,
        "10": -0.267333984375,
        "25": -0.53955078125,
        "50": -0.9443359375
    },
    "3.pt": {
        "1": -0.673828125,
        "5": -1.703125,
        "10": -0.51220703125,
        "25": -0.9404296875,
        "50": 0.10546875
    },
    "4.pt": {
        "1": -0.37939453125,
        "5": -0.480224609375,
        "10": -0.66357421875,
        "25": -1.513671875,
        "50": -0.8505859375
    }
}