{
    "0.pt": {
        "1": -0.223876953125,
        "5": -1.8544921875,
        "10": -0.7822265625,
        "25": -0.460693359375,
        "50": -0.8818359375
    },
    "1.pt": {
        "1": -0.685546875,
        "5": -0.496826171875,
        "10": -1.0166015625,
        "25": -0.69189453125,
        "50": -1.2333984375
    },
    "2.pt": {
        "1": -0.11883544921875,
        "5": -1.8671875,
        "10": -1.724609375,
        "25": -0.6142578125,
        "50": -1.533203125
    },
    "3.pt": {
        "1": -0.94287109375,
        "5": -1.98828125,
        "10": 0.433837890625,
        "25": -1.4892578125,
        "50": -0.91845703125
    },
    "4.pt": {
        "1": -1.44921875,
        "5": -1.5693359375,
        "10": -1.2421875,
        "25": -0.1353759765625,
        "50": -1.5703125
    }
}