{
    "0.pt": {
        "1": -0.62939453125,
        "5": -1.505859375,
        "10": -0.6494140625,
        "25": -1.36328125,
        "50": -0.0195465087890625
    },
    "1.pt": {
        "1": -1.84375,
        "5": -1.54296875,
        "10": -1.1171875,
        "25": -0.5234375,
        "50": -1.232421875
    },
    "2.pt": {
        "1": -0.54443359375,
        "5": -1.80859375,
        "10": -0.53125,
        "25": -0.611328125,
        "50": -1.859375
    },
    "3.pt": {
        "1": -0.315185546875,
        "5": -0.219970703125,
        "10": -0.282470703125,
        "25": -1.2353515625,
        "50": -1.7861328125
    },
    "4.pt": {
        "1": -0.87060546875,
        "5": 0.356689453125,
        "10": -0.94921875,
        "25": -1.2421875,
        "50": -0.12054443359375
    }
}