{
    "0.pt": {
        "1": -0.80029296875,
        "5": -0.10870361328125,
        "10": -1.42578125,
        "25": -0.7783203125,
        "50": 0.10296630859375
    },
    "1.pt": {
        "1": -2.1796875,
        "5": -1.0498046875,
        "10": -1.3994140625,
        "25": -0.978515625,
        "50": -0.042724609375
    },
    "2.pt": {
        "1": -1.1708984375,
        "5": -0.183837890625,
        "10": -0.61474609375,
        "25": -0.5537109375,
        "50": -0.57080078125
    },
    "3.pt": {
        "1": -1.544921875,
        "5": -0.384765625,
        "10": -0.640625,
        "25": -0.26318359375,
        "50": -0.345947265625
    },
    "4.pt": {
        "1": -0.255615234375,
        "5": -0.7353515625,
        "10": -0.287353515625,
        "25": -1.1005859375,
        "50": -0.3857421875
    }
}