{
    "0.pt": {
        "1": -1.5205078125,
        "5": -0.1373291015625,
        "10": -1.37109375,
        "25": -1.732421875,
        "50": -1.9912109375
    },
    "1.pt": {
        "1": -0.447998046875,
        "5": -1.69140625,
        "10": -1.3359375,
        "25": 0.43310546875,
        "50": -1.70703125
    },
    "2.pt": {
        "1": -1.10546875,
        "5": 0.728515625,
        "10": -0.8662109375,
        "25": -0.073974609375,
        "50": -1.9248046875
    },
    "3.pt": {
        "1": -1.0419921875,
        "5": 0.50439453125,
        "10": -0.140869140625,
        "25": -1.7802734375,
        "50": 0.11566162109375
    },
    "4.pt": {
        "1": -0.83154296875,
        "5": -0.59326171875,
        "10": -0.4169921875,
        "25": -0.90869140625,
        "50": -0.479736328125
    }
}