{
    "0.pt": {
        "1": -1.60546875,
        "5": -2.275390625,
        "10": -0.73486328125,
        "25": -0.12060546875,
        "50": -1.017578125
    },
    "1.pt": {
        "1": -0.324462890625,
        "5": -1.865234375,
        "10": -1.07421875,
        "25": -1.4580078125,
        "50": 0.402587890625
    },
    "2.pt": {
        "1": 0.1973876953125,
        "5": -0.77392578125,
        "10": -1.611328125,
        "25": -0.51611328125,
        "50": -1.3681640625
    },
    "3.pt": {
        "1": 0.2724609375,
        "5": -0.8310546875,
        "10": -1.3369140625,
        "25": -1.3671875,
        "50": -1.8037109375
    },
    "4.pt": {
        "1": -1.40625,
        "5": -0.411865234375,
        "10": -1.169921875,
        "25": -1.3935546875,
        "50": -1.748046875
    }
}