{
    "0.pt": {
        "1": -1.3837890625,
        "5": 0.07440185546875,
        "10": -0.57666015625,
        "25": -0.9169921875,
        "50": -1.0244140625
    },
    "1.pt": {
        "1": -1.8955078125,
        "5": -0.255126953125,
        "10": -1.013671875,
        "25": -0.231201171875,
        "50": -0.80322265625
    },
    "2.pt": {
        "1": -1.796875,
        "5": -0.39501953125,
        "10": -0.330078125,
        "25": -0.031585693359375,
        "50": -1.482421875
    },
    "3.pt": {
        "1": -1.2724609375,
        "5": -0.5048828125,
        "10": -1.5,
        "25": -2.017578125,
        "50": -1.646484375
    },
    "4.pt": {
        "1": -1.353515625,
        "5": -0.55712890625,
        "10": -1.6796875,
        "25": -0.767578125,
        "50": -1.044921875
    }
}