{
    "0.pt": {
        "1": -1.5419921875,
        "5": 0.462158203125,
        "10": -1.6494140625,
        "25": 0.053924560546875,
        "50": -1.1552734375
    },
    "1.pt": {
        "1": -0.474365234375,
        "5": -1.150390625,
        "10": -0.888671875,
        "25": -1.5166015625,
        "50": -1.1904296875
    },
    "2.pt": {
        "1": -2.005859375,
        "5": -1.794921875,
        "10": -1.0361328125,
        "25": -1.1337890625,
        "50": -1.537109375
    },
    "3.pt": {
        "1": -0.387451171875,
        "5": -1.66796875,
        "10": 0.25146484375,
        "25": -0.52587890625,
        "50": -1.56640625
    },
    "4.pt": {
        "1": -0.6875,
        "5": -1.037109375,
        "10": -1.7802734375,
        "25": -1.59765625,
        "50": -1.66015625
    }
}