{
    "0.pt": {
        "1": -1.0322265625,
        "5": -0.72509765625,
        "10": -0.63818359375,
        "25": -1.16015625,
        "50": -1.78125
    },
    "1.pt": {
        "1": -1.5419921875,
        "5": -1.572265625,
        "10": -0.517578125,
        "25": -1.7353515625,
        "50": -0.76123046875
    },
    "2.pt": {
        "1": -1.7626953125,
        "5": -1.56640625,
        "10": -1.544921875,
        "25": -1.119140625,
        "50": -1.1396484375
    },
    "3.pt": {
        "1": -1.626953125,
        "5": -1.2265625,
        "10": -1.3603515625,
        "25": -1.740234375,
        "50": -0.09063720703125
    },
    "4.pt": {
        "1": -0.99658203125,
        "5": 0.6337890625,
        "10": -1.4091796875,
        "25": -1.751953125,
        "50": -0.94677734375
    }
}