{
    "0.pt": {
        "1": -1.97265625,
        "5": 0.36572265625,
        "10": -2.134765625,
        "25": -0.021484375,
        "50": -2.107421875
    },
    "1.pt": {
        "1": -0.61181640625,
        "5": -1.0244140625,
        "10": -1.013671875,
        "25": -1.6220703125,
        "50": -0.211669921875
    },
    "2.pt": {
        "1": -1.6513671875,
        "5": -0.427978515625,
        "10": -0.810546875,
        "25": -1.966796875,
        "50": -1.05078125
    },
    "3.pt": {
        "1": -0.137451171875,
        "5": -1.24609375,
        "10": -1.8232421875,
        "25": -1.2939453125,
        "50": -1.673828125
    },
    "4.pt": {
        "1": -2.001953125,
        "5": 0.0188446044921875,
        "10": -1.5546875,
        "25": -1.0556640625,
        "50": -0.2900390625
    }
}