{
    "0.pt": {
        "1": -1.501953125,
        "5": -0.10986328125,
        "10": -1.5224609375,
        "25": -0.77099609375,
        "50": -0.84423828125
    },
    "1.pt": {
        "1": -1.28125,
        "5": -1.1396484375,
        "10": -0.11572265625,
        "25": -0.5380859375,
        "50": -1.845703125
    },
    "2.pt": {
        "1": -0.849609375,
        "5": -0.88427734375,
        "10": -1.4267578125,
        "25": -1.666015625,
        "50": -0.7265625
    },
    "3.pt": {
        "1": -1.275390625,
        "5": -0.91064453125,
        "10": -2.06640625,
        "25": -0.91162109375,
        "50": -1.72265625
    },
    "4.pt": {
        "1": -0.2225341796875,
        "5": -2.037109375,
        "10": -1.634765625,
        "25": -1.0849609375,
        "50": -2.20703125
    }
}