{
    "0.pt": {
        "1": -1.48046875,
        "5": -0.79833984375,
        "10": -1.6748046875,
        "25": -0.90087890625,
        "50": -0.94091796875
    },
    "1.pt": {
        "1": -1.7099609375,
        "5": -1.064453125,
        "10": -1.1376953125,
        "25": -1.8330078125,
        "50": -1.18359375
    },
    "2.pt": {
        "1": 0.16455078125,
        "5": -1.17578125,
        "10": -0.69775390625,
        "25": -1.0888671875,
        "50": -1.0625
    },
    "3.pt": {
        "1": -1.3173828125,
        "5": -1.423828125,
        "10": -1.861328125,
        "25": -0.576171875,
        "50": -1.69140625
    },
    "4.pt": {
        "1": 0.141845703125,
        "5": -0.947265625,
        "10": -0.1805419921875,
        "25": -0.466796875,
        "50": -1.5634765625
    }
}