{
    "0.pt": {
        "1": -0.6328125,
        "5": -0.39306640625,
        "10": -1.0849609375,
        "25": 0.18896484375,
        "50": -0.7099609375
    },
    "1.pt": {
        "1": -0.98828125,
        "5": -2.02734375,
        "10": -1.076171875,
        "25": -0.89453125,
        "50": -0.55419921875
    },
    "2.pt": {
        "1": -0.771484375,
        "5": -0.552734375,
        "10": -0.418701171875,
        "25": -0.72021484375,
        "50": -1.19140625
    },
    "3.pt": {
        "1": -1.3515625,
        "5": -1.125,
        "10": -1.0703125,
        "25": -1.17578125,
        "50": -0.7197265625
    },
    "4.pt": {
        "1": -0.291015625,
        "5": -0.31298828125,
        "10": -1.478515625,
        "25": -0.9248046875,
        "50": -0.7919921875
    }
}