{
    "0.pt": {
        "1": -0.1982421875,
        "5": -0.8486328125,
        "10": -0.81396484375,
        "25": -1.1201171875,
        "50": -1.1875
    },
    "1.pt": {
        "1": -0.57763671875,
        "5": -1.2041015625,
        "10": -0.9052734375,
        "25": -0.53369140625,
        "50": -0.9541015625
    },
    "2.pt": {
        "1": -1.939453125,
        "5": -1.1318359375,
        "10": -1.4599609375,
        "25": -1.3583984375,
        "50": -0.64892578125
    },
    "3.pt": {
        "1": -1.1220703125,
        "5": -1.8037109375,
        "10": -1.7724609375,
        "25": -1.08203125,
        "50": -1.23828125
    },
    "4.pt": {
        "1": -0.9873046875,
        "5": -1.93359375,
        "10": -1.09765625,
        "25": -0.364990234375,
        "50": -0.66455078125
    }
}