{
    "0.pt": {
        "1": -1.390625,
        "5": -0.65625,
        "10": -0.283447265625,
        "25": -0.430908203125,
        "50": -1.263671875
    },
    "1.pt": {
        "1": -2.298828125,
        "5": -1.564453125,
        "10": -0.59130859375,
        "25": -0.83251953125,
        "50": -1.943359375
    },
    "2.pt": {
        "1": -1.3076171875,
        "5": -1.3935546875,
        "10": -0.49853515625,
        "25": -2.26953125,
        "50": -1.1083984375
    },
    "3.pt": {
        "1": -1.2734375,
        "5": -0.796875,
        "10": -0.1021728515625,
        "25": -0.66064453125,
        "50": -0.30078125
    },
    "4.pt": {
        "1": -0.98974609375,
        "5": -1.462890625,
        "10": -0.95947265625,
        "25": -0.15087890625,
        "50": -1.33203125
    }
}