{
    "0.pt": {
        "1": -0.62451171875,
        "5": -1.3837890625,
        "10": -0.181884765625,
        "25": -0.7978515625,
        "50": -0.0660400390625
    },
    "1.pt": {
        "1": -1.4443359375,
        "5": -1.509765625,
        "10": 0.1029052734375,
        "25": -1.103515625,
        "50": -2.025390625
    },
    "2.pt": {
        "1": 0.08001708984375,
        "5": -1.123046875,
        "10": 0.4365234375,
        "25": -1.8583984375,
        "50": -0.302734375
    },
    "3.pt": {
        "1": -1.904296875,
        "5": -1.3837890625,
        "10": -0.6962890625,
        "25": -0.96826171875,
        "50": -1.650390625
    },
    "4.pt": {
        "1": -1.244140625,
        "5": -1.8291015625,
        "10": -1.8447265625,
        "25": -1.158203125,
        "50": -0.345458984375
    }
}