{
    "0.pt": {
        "1": -1.4814453125,
        "5": -0.86767578125,
        "10": -1.4365234375,
        "25": -0.112060546875,
        "50": 0.11590576171875
    },
    "1.pt": {
        "1": -0.89208984375,
        "5": -0.424560546875,
        "10": -1.34765625,
        "25": -0.65625,
        "50": -1.748046875
    },
    "2.pt": {
        "1": -0.9931640625,
        "5": -1.7490234375,
        "10": -1.75390625,
        "25": -2.20703125,
        "50": -1.3037109375
    },
    "3.pt": {
        "1": -0.16650390625,
        "5": -0.2462158203125,
        "10": -1.8173828125,
        "25": -1.189453125,
        "50": -0.72021484375
    },
    "4.pt": {
        "1": -1.349609375,
        "5": -0.01294708251953125,
        "10": -0.189453125,
        "25": -0.994140625,
        "50": -1.62109375
    }
}