{
    "0.pt": {
        "1": -1.7802734375,
        "5": -0.74755859375,
        "10": -0.149658203125,
        "25": -0.8154296875,
        "50": -0.476318359375
    },
    "1.pt": {
        "1": -0.34375,
        "5": -1.8994140625,
        "10": -1.36328125,
        "25": -1.73046875,
        "50": -0.47412109375
    },
    "2.pt": {
        "1": -0.35009765625,
        "5": -1.125,
        "10": -1.5302734375,
        "25": -1.3125,
        "50": -0.498291015625
    },
    "3.pt": {
        "1": -0.21484375,
        "5": -1.359375,
        "10": -2.49609375,
        "25": -0.8310546875,
        "50": -1.0576171875
    },
    "4.pt": {
        "1": 0.051605224609375,
        "5": -1.431640625,
        "10": -1.4873046875,
        "25": -1.3916015625,
        "50": -0.322021484375
    }
}