{
    "0.pt": {
        "1": -1.1416015625,
        "5": -0.486328125,
        "10": -1.2744140625,
        "25": -1.669921875,
        "50": -0.48095703125
    },
    "1.pt": {
        "1": -0.05657958984375,
        "5": -1.1064453125,
        "10": -1.8515625,
        "25": -1.880859375,
        "50": -0.332763671875
    },
    "2.pt": {
        "1": -0.2548828125,
        "5": -2.06640625,
        "10": -1.740234375,
        "25": -1.59765625,
        "50": 0.5791015625
    },
    "3.pt": {
        "1": -1.0322265625,
        "5": -1.7021484375,
        "10": -0.578125,
        "25": -1.9794921875,
        "50": -0.39208984375
    },
    "4.pt": {
        "1": -0.390625,
        "5": -0.6162109375,
        "10": 0.46337890625,
        "25": -1.498046875,
        "50": -0.413818359375
    }
}