{
    "0.pt": {
        "1": -1.044921875,
        "5": -1.529296875,
        "10": -1.3583984375,
        "25": -0.0650634765625,
        "50": -0.54296875
    },
    "1.pt": {
        "1": -1.5546875,
        "5": -1.939453125,
        "10": -1.9501953125,
        "25": -1.2421875,
        "50": -0.76806640625
    },
    "2.pt": {
        "1": -0.74658203125,
        "5": -1.5576171875,
        "10": -1.5791015625,
        "25": -1.3388671875,
        "50": -1.1708984375
    },
    "3.pt": {
        "1": -0.40625,
        "5": -1.9248046875,
        "10": -2.107421875,
        "25": -0.1822509765625,
        "50": -1.1884765625
    },
    "4.pt": {
        "1": -0.75537109375,
        "5": -0.039459228515625,
        "10": -1.634765625,
        "25": -1.5302734375,
        "50": -1.1689453125
    }
}