{
    "0.pt": {
        "1": -1.2802734375,
        "5": -1.0693359375,
        "10": -0.1475830078125,
        "25": -2.298828125,
        "50": -1.423828125
    },
    "1.pt": {
        "1": -0.50537109375,
        "5": 0.2261962890625,
        "10": -1.2490234375,
        "25": -1.759765625,
        "50": -0.771484375
    },
    "2.pt": {
        "1": -0.46240234375,
        "5": -0.2130126953125,
        "10": -1.8447265625,
        "25": -0.86669921875,
        "50": 0.0247344970703125
    },
    "3.pt": {
        "1": -1.63671875,
        "5": -1.255859375,
        "10": -1.2900390625,
        "25": -0.338134765625,
        "50": 0.06396484375
    },
    "4.pt": {
        "1": -1.3125,
        "5": -0.890625,
        "10": -2.123046875,
        "25": -0.51708984375,
        "50": -0.1607666015625
    }
}