{
    "0.pt": {
        "1": -1.130859375,
        "5": -0.5439453125,
        "10": -2.494140625,
        "25": -1.4560546875,
        "50": 0.169921875
    },
    "1.pt": {
        "1": 0.497314453125,
        "5": -1.7119140625,
        "10": -1.2099609375,
        "25": -0.82763671875,
        "50": -1.5458984375
    },
    "2.pt": {
        "1": -1.2177734375,
        "5": -0.265869140625,
        "10": -1.0625,
        "25": -0.83056640625,
        "50": -1.9990234375
    },
    "3.pt": {
        "1": -0.4404296875,
        "5": -1.2822265625,
        "10": -1.423828125,
        "25": -0.2171630859375,
        "50": -1.103515625
    },
    "4.pt": {
        "1": -1.0224609375,
        "5": -1.2412109375,
        "10": -1.3447265625,
        "25": -0.79931640625,
        "50": -0.88330078125
    }
}