{
    "0.pt": {
        "1": 0.4345703125,
        "5": -0.6533203125,
        "10": -1.3271484375,
        "25": -0.279296875,
        "50": -1.271484375
    },
    "1.pt": {
        "1": -1.7900390625,
        "5": -1.703125,
        "10": -0.09759521484375,
        "25": -0.771484375,
        "50": -0.73291015625
    },
    "2.pt": {
        "1": -2.3515625,
        "5": -0.89990234375,
        "10": -1.1494140625,
        "25": -1.22265625,
        "50": -1.5166015625
    },
    "3.pt": {
        "1": -1.3125,
        "5": -0.0660400390625,
        "10": -1.537109375,
        "25": -1.7470703125,
        "50": -0.59619140625
    },
    "4.pt": {
        "1": -2.107421875,
        "5": -1.2333984375,
        "10": -1.662109375,
        "25": -0.16357421875,
        "50": -0.40625
    }
}