{
    "0.pt": {
        "1": -0.64404296875,
        "5": -0.320068359375,
        "10": -1.642578125,
        "25": -1.2919921875,
        "50": -0.40234375
    },
    "1.pt": {
        "1": -1.90625,
        "5": -1.1552734375,
        "10": -1.703125,
        "25": -1.236328125,
        "50": -0.31103515625
    },
    "2.pt": {
        "1": -2.236328125,
        "5": -0.357177734375,
        "10": 0.0399169921875,
        "25": -1.1201171875,
        "50": -1.50390625
    },
    "3.pt": {
        "1": -0.392822265625,
        "5": -1.8837890625,
        "10": -1.548828125,
        "25": -1.9892578125,
        "50": -1.2958984375
    },
    "4.pt": {
        "1": 0.420166015625,
        "5": 0.1986083984375,
        "10": -0.619140625,
        "25": -1.21484375,
        "50": -0.830078125
    }
}