{
    "0.pt": {
        "1": -1.5673828125,
        "5": -0.5419921875,
        "10": -0.04296875,
        "25": -1.8916015625,
        "50": -1.9677734375
    },
    "1.pt": {
        "1": -0.0950927734375,
        "5": -1.853515625,
        "10": -1.15625,
        "25": -1.4833984375,
        "50": -0.12481689453125
    },
    "2.pt": {
        "1": -1.2587890625,
        "5": -1.8447265625,
        "10": -1.16796875,
        "25": -1.23828125,
        "50": -1.3486328125
    },
    "3.pt": {
        "1": -1.765625,
        "5": -1.17578125,
        "10": -0.9462890625,
        "25": -1.82421875,
        "50": -0.291748046875
    },
    "4.pt": {
        "1": -0.75146484375,
        "5": -0.95654296875,
        "10": -1.3251953125,
        "25": -1.1923828125,
        "50": 0.12420654296875
    }
}