{
    "0.pt": {
        "1": -1.12109375,
        "5": -1.4072265625,
        "10": -0.289794921875,
        "25": -2.01171875,
        "50": -1.7626953125
    },
    "1.pt": {
        "1": -1.0302734375,
        "5": 0.1884765625,
        "10": -0.72900390625,
        "25": -0.7470703125,
        "50": -1.3046875
    },
    "2.pt": {
        "1": -1.2783203125,
        "5": -2.07421875,
        "10": -0.806640625,
        "25": -1.2822265625,
        "50": -1.3232421875
    },
    "3.pt": {
        "1": -1.2236328125,
        "5": -1.52734375,
        "10": -0.340087890625,
        "25": -1.443359375,
        "50": -1.5673828125
    },
    "4.pt": {
        "1": 0.01409149169921875,
        "5": -0.462646484375,
        "10": -1.2373046875,
        "25": -0.88623046875,
        "50": -1.2294921875
    }
}