{
    "0.pt": {
        "1": -0.65283203125,
        "5": -1.0517578125,
        "10": -1.640625,
        "25": -1.349609375,
        "50": -1.7373046875
    },
    "1.pt": {
        "1": 0.0697021484375,
        "5": -2.4375,
        "10": -0.67041015625,
        "25": -0.292724609375,
        "50": -1.0029296875
    },
    "2.pt": {
        "1": -0.298095703125,
        "5": -0.6025390625,
        "10": -1.2978515625,
        "25": -0.7216796875,
        "50": -0.720703125
    },
    "3.pt": {
        "1": -0.2332763671875,
        "5": -0.36328125,
        "10": -1.328125,
        "25": -1.6904296875,
        "50": -1.0009765625
    },
    "4.pt": {
        "1": 0.07879638671875,
        "5": -1.310546875,
        "10": -1.009765625,
        "25": -0.70166015625,
        "50": -0.51953125
    }
}