{
    "0.pt": {
        "1": -0.43212890625,
        "5": -0.51611328125,
        "10": -0.1827392578125,
        "25": -1.40625,
        "50": -1.623046875
    },
    "1.pt": {
        "1": -0.1397705078125,
        "5": -1.8369140625,
        "10": -1.4228515625,
        "25": -1.017578125,
        "50": -0.5595703125
    },
    "2.pt": {
        "1": -0.9375,
        "5": -0.56884765625,
        "10": -1.6162109375,
        "25": -1.1513671875,
        "50": -0.93017578125
    },
    "3.pt": {
        "1": -1.10546875,
        "5": -0.302001953125,
        "10": -0.02667236328125,
        "25": -1.5751953125,
        "50": -1.142578125
    },
    "4.pt": {
        "1": -0.552734375,
        "5": -1.271484375,
        "10": -0.685546875,
        "25": -1.283203125,
        "50": -1.1640625
    }
}