{
    "0.pt": {
        "1": -1.490234375,
        "5": -1.349609375,
        "10": -0.29443359375,
        "25": -1.138671875,
        "50": -0.72998046875
    },
    "1.pt": {
        "1": -0.79541015625,
        "5": -0.3681640625,
        "10": -1.7392578125,
        "25": -1.166015625,
        "50": -1.1416015625
    },
    "2.pt": {
        "1": -0.73486328125,
        "5": -0.12200927734375,
        "10": -0.61279296875,
        "25": 0.111328125,
        "50": -1.6162109375
    },
    "3.pt": {
        "1": 0.5068359375,
        "5": -1.5048828125,
        "10": -0.88623046875,
        "25": -0.701171875,
        "50": -2.197265625
    },
    "4.pt": {
        "1": -0.2476806640625,
        "5": -0.9267578125,
        "10": -0.98291015625,
        "25": 0.1864013671875,
        "50": -1.755859375
    }
}