{
    "0.pt": {
        "1": -0.342041015625,
        "5": -0.92431640625,
        "10": -1.017578125,
        "25": -1.1953125,
        "50": -1.3505859375
    },
    "1.pt": {
        "1": -1.259765625,
        "5": -0.472900390625,
        "10": -1.7470703125,
        "25": -1.0087890625,
        "50": 0.259765625
    },
    "2.pt": {
        "1": -0.8955078125,
        "5": -0.517578125,
        "10": -1.4228515625,
        "25": -2.185546875,
        "50": -1.24609375
    },
    "3.pt": {
        "1": -1.7802734375,
        "5": -1.21484375,
        "10": -1.6357421875,
        "25": -1.787109375,
        "50": -0.1669921875
    },
    "4.pt": {
        "1": -1.400390625,
        "5": -1.3330078125,
        "10": -0.6484375,
        "25": -0.6826171875,
        "50": -0.32421875
    }
}