{
    "0.pt": {
        "1": -0.282470703125,
        "5": -0.1959228515625,
        "10": -2.037109375,
        "25": -1.359375,
        "50": -0.81884765625
    },
    "1.pt": {
        "1": -0.5390625,
        "5": -1.146484375,
        "10": -0.97265625,
        "25": -1.845703125,
        "50": 0.22900390625
    },
    "2.pt": {
        "1": -0.642578125,
        "5": -1.5205078125,
        "10": -0.6826171875,
        "25": -1.0068359375,
        "50": -0.65625
    },
    "3.pt": {
        "1": -0.84375,
        "5": -0.951171875,
        "10": -1.6083984375,
        "25": -1.1962890625,
        "50": -0.68115234375
    },
    "4.pt": {
        "1": -0.84130859375,
        "5": -0.59912109375,
        "10": -0.214111328125,
        "25": -0.89453125,
        "50": -1.3544921875
    }
}