{
    "0.pt": {
        "1": -1.30078125,
        "5": -0.395751953125,
        "10": -1.73828125,
        "25": -0.1181640625,
        "50": -1.3271484375
    },
    "1.pt": {
        "1": -1.4921875,
        "5": -0.241943359375,
        "10": -1.669921875,
        "25": -1.4375,
        "50": -0.60009765625
    },
    "2.pt": {
        "1": -0.41552734375,
        "5": -0.88916015625,
        "10": -0.62060546875,
        "25": -1.5498046875,
        "50": -1.0458984375
    },
    "3.pt": {
        "1": -1.7470703125,
        "5": -1.1103515625,
        "10": -1.447265625,
        "25": -2.064453125,
        "50": -1.4091796875
    },
    "4.pt": {
        "1": -1.9013671875,
        "5": -1.1513671875,
        "10": -1.2451171875,
        "25": -0.88623046875,
        "50": -1.1162109375
    }
}