{
    "0.pt": {
        "1": -0.2222900390625,
        "5": -1.052734375,
        "10": -0.57177734375,
        "25": -0.716796875,
        "50": -2.005859375
    },
    "1.pt": {
        "1": -1.318359375,
        "5": -1.5244140625,
        "10": -0.43896484375,
        "25": -0.28564453125,
        "50": -0.262451171875
    },
    "2.pt": {
        "1": -0.2227783203125,
        "5": -0.49853515625,
        "10": -0.032196044921875,
        "25": -1.6376953125,
        "50": -0.61328125
    },
    "3.pt": {
        "1": -1.4716796875,
        "5": -1.7998046875,
        "10": -0.77734375,
        "25": -1.888671875,
        "50": -1.486328125
    },
    "4.pt": {
        "1": -1.26953125,
        "5": -2.2109375,
        "10": -1.416015625,
        "25": -0.2252197265625,
        "50": -1.24609375
    }
}