{
    "0.pt": {
        "1": -2.068359375,
        "5": -0.82275390625,
        "10": -1.693359375,
        "25": -1.603515625,
        "50": -0.86669921875
    },
    "1.pt": {
        "1": -0.796875,
        "5": -0.97509765625,
        "10": -1.2900390625,
        "25": -0.93505859375,
        "50": -1.021484375
    },
    "2.pt": {
        "1": -0.57373046875,
        "5": -0.455810546875,
        "10": -0.483642578125,
        "25": -1.8681640625,
        "50": -0.322021484375
    },
    "3.pt": {
        "1": 0.3134765625,
        "5": -0.01511383056640625,
        "10": -1.447265625,
        "25": -0.384765625,
        "50": -0.630859375
    },
    "4.pt": {
        "1": -0.60888671875,
        "5": -2.080078125,
        "10": -0.58349609375,
        "25": -0.368896484375,
        "50": -1.8271484375
    }
}