{
    "0.pt": {
        "1": -0.662109375,
        "5": -0.91162109375,
        "10": -0.36328125,
        "25": -0.92578125,
        "50": -1.4921875
    },
    "1.pt": {
        "1": -0.361328125,
        "5": -1.2333984375,
        "10": -1.958984375,
        "25": -0.86572265625,
        "50": -0.61328125
    },
    "2.pt": {
        "1": 0.7373046875,
        "5": -0.040557861328125,
        "10": -1.240234375,
        "25": -1.19921875,
        "50": -0.84619140625
    },
    "3.pt": {
        "1": -0.859375,
        "5": -0.402587890625,
        "10": -0.73828125,
        "25": -1.20703125,
        "50": -1.45703125
    },
    "4.pt": {
        "1": -0.006244659423828125,
        "5": -0.31884765625,
        "10": -0.0552978515625,
        "25": -0.6318359375,
        "50": -1.5185546875
    }
}