{
    "0.pt": {
        "1": -1.6611328125,
        "5": -1.560546875,
        "10": -1.3095703125,
        "25": -1.5615234375,
        "50": -0.95703125
    },
    "1.pt": {
        "1": -1.8271484375,
        "5": -0.135009765625,
        "10": -0.6064453125,
        "25": -1.0849609375,
        "50": -1.275390625
    },
    "2.pt": {
        "1": -1.416015625,
        "5": -0.74267578125,
        "10": -1.966796875,
        "25": -0.9755859375,
        "50": -0.666015625
    },
    "3.pt": {
        "1": -0.433837890625,
        "5": -0.490966796875,
        "10": -0.583984375,
        "25": -0.65771484375,
        "50": -0.65576171875
    },
    "4.pt": {
        "1": 0.016845703125,
        "5": -1.9775390625,
        "10": -1.8662109375,
        "25": -1.34765625,
        "50": -1.298828125
    }
}