{
    "0.pt": {
        "1": -0.7578125,
        "5": -1.2197265625,
        "10": -1.1181640625,
        "25": -1.84765625,
        "50": -0.95703125
    },
    "1.pt": {
        "1": -1.6650390625,
        "5": -1.4541015625,
        "10": -1.2783203125,
        "25": 0.06976318359375,
        "50": -0.23974609375
    },
    "2.pt": {
        "1": 0.09637451171875,
        "5": -0.6826171875,
        "10": -1.115234375,
        "25": -1.78125,
        "50": -1.4384765625
    },
    "3.pt": {
        "1": -0.6142578125,
        "5": -0.39453125,
        "10": -0.57666015625,
        "25": -0.830078125,
        "50": -1.4404296875
    },
    "4.pt": {
        "1": -1.2734375,
        "5": -0.63330078125,
        "10": -1.001953125,
        "25": -0.51611328125,
        "50": -0.06097412109375
    }
}