{
    "0.pt": {
        "1": -0.1822509765625,
        "5": -1.1552734375,
        "10": -0.93017578125,
        "25": -0.79052734375,
        "50": -1.712890625
    },
    "1.pt": {
        "1": -1.375,
        "5": -1.21875,
        "10": -0.66162109375,
        "25": -1.21875,
        "50": -0.9111328125
    },
    "2.pt": {
        "1": -1.4697265625,
        "5": -1.9697265625,
        "10": -1.2861328125,
        "25": -0.77099609375,
        "50": -0.70556640625
    },
    "3.pt": {
        "1": -0.734375,
        "5": -0.8095703125,
        "10": -0.1541748046875,
        "25": -0.68798828125,
        "50": -1.4873046875
    },
    "4.pt": {
        "1": -0.27197265625,
        "5": -1.4482421875,
        "10": -0.320068359375,
        "25": -1.4267578125,
        "50": -1.2314453125
    }
}