{
    "0.pt": {
        "1": -1.55078125,
        "5": -0.51171875,
        "10": -1.037109375,
        "25": 0.2337646484375,
        "50": -1.458984375
    },
    "1.pt": {
        "1": -1.3466796875,
        "5": -1.71875,
        "10": -1.8388671875,
        "25": 0.428955078125,
        "50": -1.44921875
    },
    "2.pt": {
        "1": -1.6328125,
        "5": -2.048828125,
        "10": -0.837890625,
        "25": -1.1533203125,
        "50": 0.285888671875
    },
    "3.pt": {
        "1": -1.5732421875,
        "5": -0.65625,
        "10": -1.3857421875,
        "25": -0.198486328125,
        "50": -2.14453125
    },
    "4.pt": {
        "1": -1.1044921875,
        "5": -0.51416015625,
        "10": -1.1884765625,
        "25": -0.99267578125,
        "50": -2.103515625
    }
}