{
    "0.pt": {
        "1": -0.970703125,
        "5": 0.024200439453125,
        "10": -0.6806640625,
        "25": -1.5205078125,
        "50": -0.412841796875
    },
    "1.pt": {
        "1": -0.123046875,
        "5": -0.8330078125,
        "10": -0.23388671875,
        "25": -1.65234375,
        "50": -0.7880859375
    },
    "2.pt": {
        "1": -0.9169921875,
        "5": -2.12890625,
        "10": -1.1728515625,
        "25": -1.51171875,
        "50": -0.77783203125
    },
    "3.pt": {
        "1": -0.2186279296875,
        "5": -0.8720703125,
        "10": -1.4462890625,
        "25": -1.8828125,
        "50": -1.35546875
    },
    "4.pt": {
        "1": -1.6640625,
        "5": -1.8134765625,
        "10": -0.5009765625,
        "25": -1.1103515625,
        "50": -0.16650390625
    }
}