{
    "0.pt": {
        "1": -1.80859375,
        "5": -1.47265625,
        "10": -1.6279296875,
        "25": -1.5,
        "50": -0.1802978515625
    },
    "1.pt": {
        "1": -0.86279296875,
        "5": 0.260986328125,
        "10": -1.6708984375,
        "25": -1.2099609375,
        "50": -1.544921875
    },
    "2.pt": {
        "1": -0.09747314453125,
        "5": -1.736328125,
        "10": -1.4091796875,
        "25": -0.33447265625,
        "50": -1.7724609375
    },
    "3.pt": {
        "1": -0.22265625,
        "5": -1.6923828125,
        "10": -1.359375,
        "25": -0.111083984375,
        "50": -0.96533203125
    },
    "4.pt": {
        "1": 0.04949951171875,
        "5": -0.11993408203125,
        "10": -1.48828125,
        "25": -0.1654052734375,
        "50": -0.5341796875
    }
}