{
    "0.pt": {
        "1": -0.433837890625,
        "5": -0.250244140625,
        "10": -1.259765625,
        "25": -2.173828125,
        "50": 0.1812744140625
    },
    "1.pt": {
        "1": -0.9755859375,
        "5": -1.4208984375,
        "10": -0.471435546875,
        "25": -1.6728515625,
        "50": -1.578125
    },
    "2.pt": {
        "1": 0.8466796875,
        "5": -0.1483154296875,
        "10": -1.146484375,
        "25": -1.140625,
        "50": -1.93359375
    },
    "3.pt": {
        "1": -1.6484375,
        "5": -0.1329345703125,
        "10": -1.4814453125,
        "25": -1.423828125,
        "50": -1.5849609375
    },
    "4.pt": {
        "1": -0.07049560546875,
        "5": -1.13671875,
        "10": -0.1119384765625,
        "25": -0.9423828125,
        "50": -1.529296875
    }
}