{
    "0.pt": {
        "1": -0.984375,
        "5": -0.693359375,
        "10": -1.58984375,
        "25": -1.806640625,
        "50": -0.6767578125
    },
    "1.pt": {
        "1": -1.892578125,
        "5": -1.578125,
        "10": 0.61279296875,
        "25": -0.626953125,
        "50": -1.5205078125
    },
    "2.pt": {
        "1": -0.344482421875,
        "5": -0.09466552734375,
        "10": -1.9775390625,
        "25": -1.1943359375,
        "50": -0.7177734375
    },
    "3.pt": {
        "1": -1.583984375,
        "5": -1.328125,
        "10": -1.109375,
        "25": -0.80859375,
        "50": -1.876953125
    },
    "4.pt": {
        "1": -2.1875,
        "5": -0.470703125,
        "10": -0.853515625,
        "25": -1.2236328125,
        "50": -0.260986328125
    }
}