{
    "0.pt": {
        "1": 0.499755859375,
        "5": -0.8955078125,
        "10": -1.1171875,
        "25": -1.458984375,
        "50": -2.00390625
    },
    "1.pt": {
        "1": -0.67431640625,
        "5": -0.157958984375,
        "10": 0.035003662109375,
        "25": -1.541015625,
        "50": -2.30078125
    },
    "2.pt": {
        "1": -1.62109375,
        "5": -2.107421875,
        "10": -0.466552734375,
        "25": -1.7431640625,
        "50": 0.0806884765625
    },
    "3.pt": {
        "1": 0.212158203125,
        "5": -0.89453125,
        "10": -1.748046875,
        "25": -1.5283203125,
        "50": -1.349609375
    },
    "4.pt": {
        "1": -0.8447265625,
        "5": -0.1630859375,
        "10": -0.3359375,
        "25": -0.57080078125,
        "50": -0.7685546875
    }
}