{
    "0.pt": {
        "1": -0.0526123046875,
        "5": -0.4326171875,
        "10": -1.2333984375,
        "25": -2.013671875,
        "50": -0.39599609375
    },
    "1.pt": {
        "1": -1.271484375,
        "5": -1.671875,
        "10": -0.38671875,
        "25": -1.3076171875,
        "50": -1.4375
    },
    "2.pt": {
        "1": -0.900390625,
        "5": 0.0311431884765625,
        "10": -0.446044921875,
        "25": 0.2200927734375,
        "50": -0.403564453125
    },
    "3.pt": {
        "1": -2.171875,
        "5": -0.98193359375,
        "10": -0.30615234375,
        "25": -1.2919921875,
        "50": -1.0068359375
    },
    "4.pt": {
        "1": -0.93896484375,
        "5": -1.548828125,
        "10": -1.3544921875,
        "25": -1.20703125,
        "50": -0.54052734375
    }
}