{
    "0.pt": {
        "1": 0.25927734375,
        "5": -0.2958984375,
        "10": -1.0732421875,
        "25": -1.224609375,
        "50": -0.64794921875
    },
    "1.pt": {
        "1": -0.44140625,
        "5": 0.38623046875,
        "10": 0.48291015625,
        "25": -1.091796875,
        "50": -1.3935546875
    },
    "2.pt": {
        "1": -1.2998046875,
        "5": -0.0535888671875,
        "10": -0.75732421875,
        "25": -1.6279296875,
        "50": -0.158935546875
    },
    "3.pt": {
        "1": -0.6279296875,
        "5": 0.08447265625,
        "10": -0.390380859375,
        "25": -1.1640625,
        "50": -0.279052734375
    },
    "4.pt": {
        "1": -1.2685546875,
        "5": -1.142578125,
        "10": -2.365234375,
        "25": -0.8916015625,
        "50": -0.802734375
    }
}