{
    "0.pt": {
        "1": -2.126953125,
        "5": -0.9951171875,
        "10": -2.34765625,
        "25": -1.8017578125,
        "50": -1.7705078125
    },
    "1.pt": {
        "1": -0.5908203125,
        "5": -1.259765625,
        "10": -1.9833984375,
        "25": -1.2578125,
        "50": -0.391845703125
    },
    "2.pt": {
        "1": -1.1669921875,
        "5": -1.9228515625,
        "10": -1.3642578125,
        "25": -1.037109375,
        "50": -1.498046875
    },
    "3.pt": {
        "1": -1.2490234375,
        "5": -0.90576171875,
        "10": -1.361328125,
        "25": -0.84423828125,
        "50": -0.0399169921875
    },
    "4.pt": {
        "1": -0.60302734375,
        "5": -0.65478515625,
        "10": -0.08282470703125,
        "25": -1.0927734375,
        "50": -1.0048828125
    }
}