{
    "0.pt": {
        "1": -1.0517578125,
        "5": 0.07916259765625,
        "10": -1.5595703125,
        "25": -1.6953125,
        "50": -0.416748046875
    },
    "1.pt": {
        "1": -0.8388671875,
        "5": -1.619140625,
        "10": -1.1181640625,
        "25": -0.494384765625,
        "50": -1.302734375
    },
    "2.pt": {
        "1": -0.630859375,
        "5": -1.4970703125,
        "10": -0.87744140625,
        "25": -1.4560546875,
        "50": -1.1669921875
    },
    "3.pt": {
        "1": -1.5771484375,
        "5": -0.71923828125,
        "10": -0.02801513671875,
        "25": -1.3232421875,
        "50": -0.4873046875
    },
    "4.pt": {
        "1": -1.0625,
        "5": -1.576171875,
        "10": -0.2117919921875,
        "25": -1.7080078125,
        "50": -0.828125
    }
}