{
    "0.pt": {
        "1": 0.2032470703125,
        "5": -1.7236328125,
        "10": -1.400390625,
        "25": -0.55517578125,
        "50": -0.29931640625
    },
    "1.pt": {
        "1": -1.5263671875,
        "5": -1.0732421875,
        "10": -1.0029296875,
        "25": -0.88525390625,
        "50": -1.6748046875
    },
    "2.pt": {
        "1": -1.265625,
        "5": -1.7431640625,
        "10": -1.5498046875,
        "25": -1.8232421875,
        "50": -0.66064453125
    },
    "3.pt": {
        "1": -1.7080078125,
        "5": -0.556640625,
        "10": -1.6005859375,
        "25": -1.6533203125,
        "50": -1.462890625
    },
    "4.pt": {
        "1": -0.71240234375,
        "5": -1.509765625,
        "10": -1.83203125,
        "25": -1.69921875,
        "50": -0.357666015625
    }
}