{
    "0.pt": {
        "1": -0.79296875,
        "5": -0.703125,
        "10": -1.26953125,
        "25": -1.298828125,
        "50": 0.333984375
    },
    "1.pt": {
        "1": -1.5810546875,
        "5": -1.6259765625,
        "10": -1.8046875,
        "25": -1.5029296875,
        "50": -0.2132568359375
    },
    "2.pt": {
        "1": -1.7177734375,
        "5": -2.12109375,
        "10": -0.43798828125,
        "25": -0.5341796875,
        "50": -1.0078125
    },
    "3.pt": {
        "1": -0.70947265625,
        "5": -0.322509765625,
        "10": -1.3037109375,
        "25": -0.51513671875,
        "50": -0.42333984375
    },
    "4.pt": {
        "1": -0.95751953125,
        "5": -0.87109375,
        "10": -0.9619140625,
        "25": -1.11328125,
        "50": -1.8623046875
    }
}