{
    "0.pt": {
        "1": -2.048828125,
        "5": -1.2041015625,
        "10": -1.4609375,
        "25": -0.95361328125,
        "50": 0.10162353515625
    },
    "1.pt": {
        "1": -0.464599609375,
        "5": 0.08819580078125,
        "10": -1.1708984375,
        "25": -0.7099609375,
        "50": -0.71240234375
    },
    "2.pt": {
        "1": -0.39013671875,
        "5": -0.485107421875,
        "10": -1.4736328125,
        "25": -1.73828125,
        "50": -0.87255859375
    },
    "3.pt": {
        "1": -1.384765625,
        "5": -1.443359375,
        "10": -1.0029296875,
        "25": -1.2939453125,
        "50": -0.76123046875
    },
    "4.pt": {
        "1": -1.8515625,
        "5": -0.61767578125,
        "10": 0.2724609375,
        "25": -0.98388671875,
        "50": -1.26953125
    }
}