{
    "0.pt": {
        "1": -0.146484375,
        "5": -1.9404296875,
        "10": 0.032806396484375,
        "25": -1.923828125,
        "50": -0.42578125
    },
    "1.pt": {
        "1": -0.5302734375,
        "5": -1.19140625,
        "10": -0.9228515625,
        "25": -0.74609375,
        "50": -1.3046875
    },
    "2.pt": {
        "1": -0.90234375,
        "5": -0.37841796875,
        "10": -0.79736328125,
        "25": -1.3720703125,
        "50": -0.4951171875
    },
    "3.pt": {
        "1": -1.296875,
        "5": -1.3603515625,
        "10": -1.43359375,
        "25": -1.3447265625,
        "50": -1.5107421875
    },
    "4.pt": {
        "1": -0.327392578125,
        "5": -1.4814453125,
        "10": 0.14892578125,
        "25": -1.6005859375,
        "50": -1.04296875
    }
}