{
    "0.pt": {
        "1": -1.08203125,
        "5": -1.1923828125,
        "10": 0.70556640625,
        "25": -1.494140625,
        "50": -1.5322265625
    },
    "1.pt": {
        "1": 0.7001953125,
        "5": -0.63330078125,
        "10": -0.62646484375,
        "25": -1.3359375,
        "50": -1.2158203125
    },
    "2.pt": {
        "1": -0.0182647705078125,
        "5": -0.337890625,
        "10": -1.46484375,
        "25": -0.1513671875,
        "50": 0.386474609375
    },
    "3.pt": {
        "1": -1.3056640625,
        "5": -1.6435546875,
        "10": -0.4765625,
        "25": -0.356201171875,
        "50": -1.0263671875
    },
    "4.pt": {
        "1": -0.79443359375,
        "5": -1.34375,
        "10": -1.75390625,
        "25": -0.495849609375,
        "50": -0.9033203125
    }
}