{
    "0.pt": {
        "1": -2.2890625,
        "5": -0.794921875,
        "10": -1.353515625,
        "25": -1.0224609375,
        "50": -0.420654296875
    },
    "1.pt": {
        "1": -1.8251953125,
        "5": -0.73779296875,
        "10": -1.5478515625,
        "25": -0.183837890625,
        "50": -1.0986328125
    },
    "2.pt": {
        "1": -1.3515625,
        "5": -1.001953125,
        "10": -0.365234375,
        "25": -0.71435546875,
        "50": -0.62060546875
    },
    "3.pt": {
        "1": -0.32275390625,
        "5": -1.08984375,
        "10": -1.1552734375,
        "25": -2.162109375,
        "50": -1.7841796875
    },
    "4.pt": {
        "1": -0.83984375,
        "5": -1.6181640625,
        "10": -1.5146484375,
        "25": -1.6904296875,
        "50": -0.1617431640625
    }
}