{
    "0.pt": {
        "1": -2.248046875,
        "5": -1.4072265625,
        "10": -1.6396484375,
        "25": 0.048675537109375,
        "50": -1.1640625
    },
    "1.pt": {
        "1": -0.21044921875,
        "5": -1.4970703125,
        "10": -1.3974609375,
        "25": -2.25390625,
        "50": -0.90869140625
    },
    "2.pt": {
        "1": -1.44921875,
        "5": -1.2197265625,
        "10": 0.1119384765625,
        "25": -0.82275390625,
        "50": -0.7802734375
    },
    "3.pt": {
        "1": -0.087890625,
        "5": -1.1943359375,
        "10": -1.205078125,
        "25": -0.68701171875,
        "50": -1.4814453125
    },
    "4.pt": {
        "1": -0.5712890625,
        "5": -0.96435546875,
        "10": -1.1318359375,
        "25": 0.10101318359375,
        "50": -1.3486328125
    }
}