{
    "0.pt": {
        "1": 0.8955078125,
        "5": -0.654296875,
        "10": -0.122314453125,
        "25": -1.6396484375,
        "50": -0.45947265625
    },
    "1.pt": {
        "1": -1.66015625,
        "5": -1.123046875,
        "10": -2.091796875,
        "25": -0.270263671875,
        "50": -0.89453125
    },
    "2.pt": {
        "1": -1.525390625,
        "5": -0.266845703125,
        "10": -1.2509765625,
        "25": -0.7158203125,
        "50": -1.2451171875
    },
    "3.pt": {
        "1": -0.33837890625,
        "5": -0.244384765625,
        "10": -1.556640625,
        "25": -2.423828125,
        "50": -0.724609375
    },
    "4.pt": {
        "1": -1.26171875,
        "5": -1.310546875,
        "10": -1.3046875,
        "25": -1.966796875,
        "50": -0.07763671875
    }
}