{
    "0.pt": {
        "1": -1.5107421875,
        "5": -0.66455078125,
        "10": -1.357421875,
        "25": -1.384765625,
        "50": -1.2294921875
    },
    "1.pt": {
        "1": -0.18994140625,
        "5": -0.7734375,
        "10": -1.4296875,
        "25": -0.493896484375,
        "50": -0.87060546875
    },
    "2.pt": {
        "1": -1.0732421875,
        "5": -1.5419921875,
        "10": -0.947265625,
        "25": -1.296875,
        "50": -0.26318359375
    },
    "3.pt": {
        "1": -0.87353515625,
        "5": -0.53759765625,
        "10": -1.373046875,
        "25": -1.58984375,
        "50": 0.061859130859375
    },
    "4.pt": {
        "1": -0.6162109375,
        "5": -0.47900390625,
        "10": -1.896484375,
        "25": -1.2265625,
        "50": -0.7041015625
    }
}