{
    "0.pt": {
        "1": -1.306640625,
        "5": -0.59814453125,
        "10": -1.427734375,
        "25": -0.322021484375,
        "50": -1.0908203125
    },
    "1.pt": {
        "1": -0.97607421875,
        "5": -0.37841796875,
        "10": -0.8486328125,
        "25": -1.4814453125,
        "50": -1.7197265625
    },
    "2.pt": {
        "1": -0.59228515625,
        "5": -1.9521484375,
        "10": -1.0234375,
        "25": -1.357421875,
        "50": -1.236328125
    },
    "3.pt": {
        "1": -0.705078125,
        "5": -1.6416015625,
        "10": -1.2177734375,
        "25": -0.236572265625,
        "50": -0.89794921875
    },
    "4.pt": {
        "1": -1.169921875,
        "5": -0.66650390625,
        "10": -1.654296875,
        "25": -1.4384765625,
        "50": -1.1171875
    }
}