{
    "0.pt": {
        "1": -2.126953125,
        "5": -1.4609375,
        "10": -1.341796875,
        "25": -1.8173828125,
        "50": -0.96728515625
    },
    "1.pt": {
        "1": -1.466796875,
        "5": -0.06787109375,
        "10": -0.282470703125,
        "25": -2.21484375,
        "50": -0.8466796875
    },
    "2.pt": {
        "1": -1.9755859375,
        "5": -1.4248046875,
        "10": -1.25390625,
        "25": -0.292724609375,
        "50": -0.6357421875
    },
    "3.pt": {
        "1": -1.685546875,
        "5": -1.91796875,
        "10": -0.0908203125,
        "25": -1.89453125,
        "50": -2.14453125
    },
    "4.pt": {
        "1": -1.1708984375,
        "5": 0.322998046875,
        "10": -1.3828125,
        "25": -2.201171875,
        "50": -1.693359375
    }
}