{
    "0.pt": {
        "1": -0.7998046875,
        "5": -1.009765625,
        "10": -0.31591796875,
        "25": -0.8134765625,
        "50": -0.99072265625
    },
    "1.pt": {
        "1": -1.5205078125,
        "5": -0.175537109375,
        "10": -1.3955078125,
        "25": -1.30078125,
        "50": -0.814453125
    },
    "2.pt": {
        "1": -0.71728515625,
        "5": -1.078125,
        "10": -1.1591796875,
        "25": -0.3974609375,
        "50": -0.144775390625
    },
    "3.pt": {
        "1": -0.943359375,
        "5": -1.3701171875,
        "10": -0.8388671875,
        "25": -1.466796875,
        "50": -0.5126953125
    },
    "4.pt": {
        "1": -0.18310546875,
        "5": -1.16796875,
        "10": -0.31982421875,
        "25": -0.43017578125,
        "50": -0.411865234375
    }
}