{
    "0.pt": {
        "1": -2.142578125,
        "5": -1.5185546875,
        "10": 0.020843505859375,
        "25": -0.2315673828125,
        "50": -0.666015625
    },
    "1.pt": {
        "1": -0.7109375,
        "5": -1.609375,
        "10": -1.1171875,
        "25": -0.80908203125,
        "50": -1.2001953125
    },
    "2.pt": {
        "1": -0.80615234375,
        "5": -0.1441650390625,
        "10": -2.353515625,
        "25": -0.049346923828125,
        "50": -1.14453125
    },
    "3.pt": {
        "1": -1.6455078125,
        "5": -0.728515625,
        "10": -0.77880859375,
        "25": -0.49267578125,
        "50": -0.89990234375
    },
    "4.pt": {
        "1": -0.250732421875,
        "5": 0.218017578125,
        "10": -0.2423095703125,
        "25": -1.125,
        "50": -0.2724609375
    }
}