{
    "0.pt": {
        "1": -1.73828125,
        "5": -1.5107421875,
        "10": -1.3623046875,
        "25": -0.77783203125,
        "50": -1.3818359375
    },
    "1.pt": {
        "1": -1.6416015625,
        "5": -1.6923828125,
        "10": -1.3095703125,
        "25": -1.3271484375,
        "50": -1.666015625
    },
    "2.pt": {
        "1": -1.7607421875,
        "5": -0.72265625,
        "10": -1.5771484375,
        "25": -1.61328125,
        "50": -0.7724609375
    },
    "3.pt": {
        "1": -0.6337890625,
        "5": -1.46484375,
        "10": -1.1953125,
        "25": -0.055267333984375,
        "50": -1.2939453125
    },
    "4.pt": {
        "1": -1.2333984375,
        "5": -0.5126953125,
        "10": -1.8271484375,
        "25": -1.8583984375,
        "50": -0.87744140625
    }
}