{
    "0.pt": {
        "1": -0.0638427734375,
        "5": -2.048828125,
        "10": -1.626953125,
        "25": -1.6162109375,
        "50": -1.7080078125
    },
    "1.pt": {
        "1": -1.294921875,
        "5": 0.22021484375,
        "10": -0.93896484375,
        "25": -1.9150390625,
        "50": -0.73193359375
    },
    "2.pt": {
        "1": -0.0009069442749023438,
        "5": -0.133544921875,
        "10": -2.181640625,
        "25": -1.3818359375,
        "50": -0.8291015625
    },
    "3.pt": {
        "1": -1.13671875,
        "5": -1.078125,
        "10": -0.896484375,
        "25": 0.1805419921875,
        "50": -1.3310546875
    },
    "4.pt": {
        "1": -1.3291015625,
        "5": -2.111328125,
        "10": -1.36328125,
        "25": -0.64794921875,
        "50": -0.454345703125
    }
}