{
    "0.pt": {
        "1": -2.0078125,
        "5": -1.2919921875,
        "10": -0.330810546875,
        "25": -0.52001953125,
        "50": -0.60888671875
    },
    "1.pt": {
        "1": -1.5810546875,
        "5": -1.6142578125,
        "10": -0.93505859375,
        "25": -1.69921875,
        "50": -2.154296875
    },
    "2.pt": {
        "1": -1.8857421875,
        "5": -1.9453125,
        "10": -0.350830078125,
        "25": 0.1295166015625,
        "50": -1.91015625
    },
    "3.pt": {
        "1": -0.97412109375,
        "5": -1.7490234375,
        "10": -0.26806640625,
        "25": -0.495361328125,
        "50": -0.175048828125
    },
    "4.pt": {
        "1": -0.5068359375,
        "5": -2.169921875,
        "10": -2.3125,
        "25": -0.0203399658203125,
        "50": 0.01294708251953125
    }
}