{
    "0.pt": {
        "1": 0.005596160888671875,
        "5": -1.5234375,
        "10": -1.1767578125,
        "25": -1.0771484375,
        "50": -1.4384765625
    },
    "1.pt": {
        "1": -0.89453125,
        "5": -1.76953125,
        "10": 0.2149658203125,
        "25": -1.490234375,
        "50": -1.4208984375
    },
    "2.pt": {
        "1": 0.54296875,
        "5": -0.56689453125,
        "10": -0.399658203125,
        "25": -1.52734375,
        "50": 0.424560546875
    },
    "3.pt": {
        "1": -1.119140625,
        "5": -1.7275390625,
        "10": -1.216796875,
        "25": -0.1370849609375,
        "50": 0.07891845703125
    },
    "4.pt": {
        "1": -1.0126953125,
        "5": -1.5791015625,
        "10": -1.287109375,
        "25": -0.78759765625,
        "50": -1.2451171875
    }
}