{
    "0.pt": {
        "1": -2.1171875,
        "5": -1.4296875,
        "10": -1.927734375,
        "25": -1.1552734375,
        "50": -0.62158203125
    },
    "1.pt": {
        "1": -1.2099609375,
        "5": -0.10833740234375,
        "10": -0.6728515625,
        "25": -1.5830078125,
        "50": -1.3857421875
    },
    "2.pt": {
        "1": -1.2109375,
        "5": -2.12109375,
        "10": -1.7060546875,
        "25": -0.13525390625,
        "50": -0.84814453125
    },
    "3.pt": {
        "1": -0.9453125,
        "5": -1.4521484375,
        "10": -0.65869140625,
        "25": -0.76220703125,
        "50": -0.994140625
    },
    "4.pt": {
        "1": -0.50146484375,
        "5": -0.359375,
        "10": -0.27197265625,
        "25": -1.0400390625,
        "50": 0.339599609375
    }
}