{
    "0.pt": {
        "1": -0.791015625,
        "5": -1.5888671875,
        "10": -1.451171875,
        "25": -1.9931640625,
        "50": -1.4130859375
    },
    "1.pt": {
        "1": -1.8779296875,
        "5": -1.8974609375,
        "10": -2.32421875,
        "25": -1.896484375,
        "50": 0.267578125
    },
    "2.pt": {
        "1": -0.87451171875,
        "5": 0.392333984375,
        "10": -1.607421875,
        "25": -1.23046875,
        "50": -1.462890625
    },
    "3.pt": {
        "1": -0.60009765625,
        "5": -0.1964111328125,
        "10": -0.85693359375,
        "25": -1.6357421875,
        "50": -0.947265625
    },
    "4.pt": {
        "1": -1.1435546875,
        "5": -1.14453125,
        "10": -2.146484375,
        "25": -1.478515625,
        "50": -1.7109375
    }
}