{
    "0.pt": {
        "1": -0.87939453125,
        "5": -0.85302734375,
        "10": -2.08203125,
        "25": -0.7734375,
        "50": -1.30078125
    },
    "1.pt": {
        "1": -0.814453125,
        "5": -1.6669921875,
        "10": -0.98583984375,
        "25": -0.278076171875,
        "50": -0.51123046875
    },
    "2.pt": {
        "1": -1.04296875,
        "5": -0.99169921875,
        "10": -0.6953125,
        "25": -1.6513671875,
        "50": -0.3173828125
    },
    "3.pt": {
        "1": -0.82958984375,
        "5": -0.85009765625,
        "10": -1.4638671875,
        "25": -1.0029296875,
        "50": -0.994140625
    },
    "4.pt": {
        "1": -1.9765625,
        "5": -2.29296875,
        "10": -1.56640625,
        "25": -1.154296875,
        "50": -1.1064453125
    }
}