{
    "0.pt": {
        "1": -1.220703125,
        "5": -1.220703125,
        "10": -0.89697265625,
        "25": -1.7744140625,
        "50": -0.90966796875
    },
    "1.pt": {
        "1": -1.224609375,
        "5": -1.7919921875,
        "10": -0.363525390625,
        "25": -1.8359375,
        "50": -0.8447265625
    },
    "2.pt": {
        "1": -0.564453125,
        "5": -0.24658203125,
        "10": -0.79833984375,
        "25": -1.0771484375,
        "50": -1.04296875
    },
    "3.pt": {
        "1": 0.1788330078125,
        "5": -1.4755859375,
        "10": -0.3564453125,
        "25": -1.4130859375,
        "50": -0.2420654296875
    },
    "4.pt": {
        "1": -1.3173828125,
        "5": -1.236328125,
        "10": -1.2275390625,
        "25": -1.3720703125,
        "50": -1.439453125
    }
}