{
    "0.pt": {
        "1": -2.279296875,
        "5": -0.5556640625,
        "10": -0.196533203125,
        "25": -0.48388671875,
        "50": -1.25390625
    },
    "1.pt": {
        "1": -0.6044921875,
        "5": -0.51513671875,
        "10": -0.08221435546875,
        "25": -0.064453125,
        "50": -0.4736328125
    },
    "2.pt": {
        "1": 0.1463623046875,
        "5": -1.3720703125,
        "10": -1.2041015625,
        "25": -0.75244140625,
        "50": -1.4091796875
    },
    "3.pt": {
        "1": -0.4326171875,
        "5": -0.3544921875,
        "10": -0.197265625,
        "25": -1.521484375,
        "50": -1.560546875
    },
    "4.pt": {
        "1": -1.31640625,
        "5": -1.5380859375,
        "10": -2.28515625,
        "25": -1.765625,
        "50": -0.4775390625
    }
}