{
    "0.pt": {
        "1": -1.359375,
        "5": -1.294921875,
        "10": -2.181640625,
        "25": -1.6298828125,
        "50": -0.8388671875
    },
    "1.pt": {
        "1": -1.720703125,
        "5": 0.2880859375,
        "10": -0.6630859375,
        "25": 0.08563232421875,
        "50": -0.60302734375
    },
    "2.pt": {
        "1": -0.89208984375,
        "5": -0.04766845703125,
        "10": -1.8671875,
        "25": -1.470703125,
        "50": -0.5322265625
    },
    "3.pt": {
        "1": -0.47900390625,
        "5": -1.0322265625,
        "10": -1.2646484375,
        "25": -0.433349609375,
        "50": -1.4375
    },
    "4.pt": {
        "1": -0.183349609375,
        "5": -1.3505859375,
        "10": -0.5107421875,
        "25": 0.115966796875,
        "50": -0.49755859375
    }
}