{
    "0.pt": {
        "1": -2.001953125,
        "5": -0.2054443359375,
        "10": -1.2431640625,
        "25": -1.744140625,
        "50": -1.0634765625
    },
    "1.pt": {
        "1": -0.9853515625,
        "5": -1.09375,
        "10": -0.48291015625,
        "25": -2.0859375,
        "50": -1.056640625
    },
    "2.pt": {
        "1": -1.3154296875,
        "5": -1.3408203125,
        "10": -0.8056640625,
        "25": -0.81103515625,
        "50": -0.50244140625
    },
    "3.pt": {
        "1": -0.1514892578125,
        "5": 0.634765625,
        "10": -1.5478515625,
        "25": -1.9892578125,
        "50": -1.298828125
    },
    "4.pt": {
        "1": -1.2421875,
        "5": -0.900390625,
        "10": -1.287109375,
        "25": -1.4296875,
        "50": -0.343994140625
    }
}