{
    "0.pt": {
        "1": -2.4140625,
        "5": -0.06390380859375,
        "10": 0.11468505859375,
        "25": -1.3525390625,
        "50": -1.4814453125
    },
    "1.pt": {
        "1": 0.408447265625,
        "5": -1.5888671875,
        "10": -0.48486328125,
        "25": -1.5341796875,
        "50": -1.021484375
    },
    "2.pt": {
        "1": -1.3173828125,
        "5": 0.202392578125,
        "10": -0.52734375,
        "25": -1.1728515625,
        "50": -0.76806640625
    },
    "3.pt": {
        "1": -1.3544921875,
        "5": -1.8828125,
        "10": -1.328125,
        "25": -1.0087890625,
        "50": -0.185302734375
    },
    "4.pt": {
        "1": -0.75830078125,
        "5": -1.740234375,
        "10": -0.85498046875,
        "25": -0.91357421875,
        "50": -2.24609375
    }
}