{
    "0.pt": {
        "1": -1.529296875,
        "5": -0.68994140625,
        "10": -2.640625,
        "25": -0.7841796875,
        "50": -0.97705078125
    },
    "1.pt": {
        "1": -1.455078125,
        "5": -1.50390625,
        "10": -0.3017578125,
        "25": -1.666015625,
        "50": -1.07421875
    },
    "2.pt": {
        "1": -1.892578125,
        "5": -1.7626953125,
        "10": -0.292724609375,
        "25": -1.57421875,
        "50": -1.359375
    },
    "3.pt": {
        "1": -0.5087890625,
        "5": -1.9912109375,
        "10": -1.3623046875,
        "25": -0.73779296875,
        "50": -0.548828125
    },
    "4.pt": {
        "1": 0.01387786865234375,
        "5": -0.322021484375,
        "10": 0.205322265625,
        "25": -0.30712890625,
        "50": -1.6533203125
    }
}