{
    "0.pt": {
        "1": -1.5009765625,
        "5": -1.2275390625,
        "10": -1.5546875,
        "25": -2.146484375,
        "50": -1.6455078125
    },
    "1.pt": {
        "1": -0.456787109375,
        "5": -1.6767578125,
        "10": -1.8408203125,
        "25": -1.4287109375,
        "50": -1.4677734375
    },
    "2.pt": {
        "1": -0.5712890625,
        "5": -2.263671875,
        "10": -1.876953125,
        "25": -0.796875,
        "50": -1.80859375
    },
    "3.pt": {
        "1": 0.2159423828125,
        "5": -1.5478515625,
        "10": -0.385498046875,
        "25": -2.060546875,
        "50": -0.68115234375
    },
    "4.pt": {
        "1": -1.419921875,
        "5": -1.08203125,
        "10": -2.23046875,
        "25": -0.74560546875,
        "50": -0.310546875
    }
}