{
    "0.pt": {
        "1": -0.833984375,
        "5": -0.234619140625,
        "10": -0.468017578125,
        "25": -1.765625,
        "50": -0.7861328125
    },
    "1.pt": {
        "1": -0.8759765625,
        "5": -1.5439453125,
        "10": -1.669921875,
        "25": 0.231689453125,
        "50": -1.6259765625
    },
    "2.pt": {
        "1": -0.689453125,
        "5": -1.412109375,
        "10": -1.076171875,
        "25": -0.5107421875,
        "50": -1.2763671875
    },
    "3.pt": {
        "1": -1.69140625,
        "5": -1.021484375,
        "10": -1.62109375,
        "25": -0.80029296875,
        "50": -2.2265625
    },
    "4.pt": {
        "1": -1.3193359375,
        "5": -1.732421875,
        "10": -1.443359375,
        "25": 0.11651611328125,
        "50": -0.072998046875
    }
}