{
    "0.pt": {
        "1": -1.59765625,
        "5": -1.2041015625,
        "10": -1.8984375,
        "25": -1.3359375,
        "50": -1.58203125
    },
    "1.pt": {
        "1": -0.12646484375,
        "5": -1.646484375,
        "10": -1.91796875,
        "25": -1.0625,
        "50": -0.66845703125
    },
    "2.pt": {
        "1": -0.47265625,
        "5": -1.123046875,
        "10": -1.1953125,
        "25": -1.6982421875,
        "50": -1.7529296875
    },
    "3.pt": {
        "1": -1.4833984375,
        "5": -1.59375,
        "10": -0.96484375,
        "25": -0.30322265625,
        "50": -1.755859375
    },
    "4.pt": {
        "1": -0.181640625,
        "5": -1.07421875,
        "10": -0.67724609375,
        "25": -1.748046875,
        "50": -1.09375
    }
}