{
    "0.pt": {
        "1": -0.81787109375,
        "5": -0.54541015625,
        "10": -0.47314453125,
        "25": -0.830078125,
        "50": -0.07769775390625
    },
    "1.pt": {
        "1": -1.68359375,
        "5": -1.2578125,
        "10": -1.0068359375,
        "25": 0.139404296875,
        "50": -0.0587158203125
    },
    "2.pt": {
        "1": -1.2080078125,
        "5": -1.5478515625,
        "10": -1.267578125,
        "25": -1.0478515625,
        "50": -0.1534423828125
    },
    "3.pt": {
        "1": -1.1494140625,
        "5": -1.3916015625,
        "10": -0.8681640625,
        "25": -1.505859375,
        "50": -0.2049560546875
    },
    "4.pt": {
        "1": 0.0113067626953125,
        "5": -0.736328125,
        "10": -2.033203125,
        "25": -1.7763671875,
        "50": -0.5849609375
    }
}