{
    "0.pt": {
        "1": -0.299560546875,
        "5": -1.4169921875,
        "10": -1.146484375,
        "25": -1.7861328125,
        "50": -1.076171875
    },
    "1.pt": {
        "1": -0.853515625,
        "5": -1.46875,
        "10": -0.76123046875,
        "25": -1.6796875,
        "50": -0.7890625
    },
    "2.pt": {
        "1": -0.67626953125,
        "5": -1.3896484375,
        "10": -1.2666015625,
        "25": -1.201171875,
        "50": -1.1142578125
    },
    "3.pt": {
        "1": -1.9453125,
        "5": -0.544921875,
        "10": -1.833984375,
        "25": -0.30126953125,
        "50": -0.1109619140625
    },
    "4.pt": {
        "1": -1.076171875,
        "5": -0.2171630859375,
        "10": -1.5986328125,
        "25": -0.94091796875,
        "50": -0.37646484375
    }
}