{
    "0.pt": {
        "1": -1.3740234375,
        "5": -0.2117919921875,
        "10": -1.42578125,
        "25": -0.41845703125,
        "50": -0.00968170166015625
    },
    "1.pt": {
        "1": -0.8134765625,
        "5": -1.029296875,
        "10": -1.62109375,
        "25": -0.853515625,
        "50": 0.05853271484375
    },
    "2.pt": {
        "1": -1.115234375,
        "5": -1.146484375,
        "10": -1.16796875,
        "25": -2.388671875,
        "50": -0.3720703125
    },
    "3.pt": {
        "1": -1.14453125,
        "5": -1.203125,
        "10": -0.02288818359375,
        "25": -0.291259765625,
        "50": -1.19921875
    },
    "4.pt": {
        "1": -0.99072265625,
        "5": -1.8212890625,
        "10": -0.66796875,
        "25": -1.2080078125,
        "50": -1.220703125
    }
}