{
    "0.pt": {
        "1": -1.6123046875,
        "5": -1.6708984375,
        "10": -0.892578125,
        "25": -0.59326171875,
        "50": -1.51171875
    },
    "1.pt": {
        "1": -0.166015625,
        "5": -2.16796875,
        "10": -1.845703125,
        "25": -0.68212890625,
        "50": -1.4482421875
    },
    "2.pt": {
        "1": -0.0826416015625,
        "5": -0.7392578125,
        "10": -1.6005859375,
        "25": -0.6044921875,
        "50": -0.44140625
    },
    "3.pt": {
        "1": 0.40966796875,
        "5": -1.55859375,
        "10": -1.08203125,
        "25": -0.9755859375,
        "50": -0.6708984375
    },
    "4.pt": {
        "1": -0.0914306640625,
        "5": -1.0966796875,
        "10": -0.880859375,
        "25": -0.58251953125,
        "50": -0.6396484375
    }
}