{
    "0.pt": {
        "1": -0.3720703125,
        "5": -1.32421875,
        "10": -1.4912109375,
        "25": -1.3857421875,
        "50": -1.935546875
    },
    "1.pt": {
        "1": -1.8564453125,
        "5": 0.39404296875,
        "10": -1.3935546875,
        "25": -1.7265625,
        "50": -0.91455078125
    },
    "2.pt": {
        "1": -1.171875,
        "5": -1.6611328125,
        "10": -1.896484375,
        "25": -1.7646484375,
        "50": -1.6689453125
    },
    "3.pt": {
        "1": -1.7607421875,
        "5": -0.595703125,
        "10": -1.3720703125,
        "25": -0.451904296875,
        "50": 0.006622314453125
    },
    "4.pt": {
        "1": -1.6884765625,
        "5": -0.32763671875,
        "10": -0.473388671875,
        "25": -1.9150390625,
        "50": -0.233642578125
    }
}