{
    "0.pt": {
        "1": -0.471923828125,
        "5": 0.93994140625,
        "10": 0.042572021484375,
        "25": -2.140625,
        "50": -1.8408203125
    },
    "1.pt": {
        "1": -1.53515625,
        "5": -0.02716064453125,
        "10": -0.91455078125,
        "25": -0.77099609375,
        "50": -0.50244140625
    },
    "2.pt": {
        "1": -0.9091796875,
        "5": -0.90966796875,
        "10": -1.61328125,
        "25": -1.3251953125,
        "50": -0.41650390625
    },
    "3.pt": {
        "1": -1.3798828125,
        "5": -0.771484375,
        "10": 0.003139495849609375,
        "25": -0.050018310546875,
        "50": -1.537109375
    },
    "4.pt": {
        "1": -1.41015625,
        "5": -0.947265625,
        "10": -1.48046875,
        "25": -1.0615234375,
        "50": -0.85205078125
    }
}