{
    "0.pt": {
        "1": -1.185546875,
        "5": -1.998046875,
        "10": -2.1484375,
        "25": -1.9833984375,
        "50": 0.1917724609375
    },
    "1.pt": {
        "1": -2.0703125,
        "5": -0.60986328125,
        "10": -0.0019006729125976562,
        "25": -0.2783203125,
        "50": -0.256103515625
    },
    "2.pt": {
        "1": -1.62890625,
        "5": -0.344970703125,
        "10": -1.025390625,
        "25": -0.0970458984375,
        "50": -1.5927734375
    },
    "3.pt": {
        "1": -1.33984375,
        "5": -0.47607421875,
        "10": -0.615234375,
        "25": -1.548828125,
        "50": -1.6015625
    },
    "4.pt": {
        "1": -1.349609375,
        "5": -1.3955078125,
        "10": -0.348388671875,
        "25": -2.146484375,
        "50": -0.56689453125
    }
}