{
    "0.pt": {
        "1": -1.5517578125,
        "5": -1.1494140625,
        "10": -0.298828125,
        "25": -1.04296875,
        "50": -0.8515625
    },
    "1.pt": {
        "1": -0.2413330078125,
        "5": -1.77734375,
        "10": -0.216796875,
        "25": -0.91064453125,
        "50": -0.434326171875
    },
    "2.pt": {
        "1": -0.311279296875,
        "5": -1.5,
        "10": -1.6416015625,
        "25": -1.2548828125,
        "50": -0.08453369140625
    },
    "3.pt": {
        "1": -0.1900634765625,
        "5": -1.4404296875,
        "10": -0.488037109375,
        "25": -1.28515625,
        "50": -0.11871337890625
    },
    "4.pt": {
        "1": -2.083984375,
        "5": -1.0556640625,
        "10": -0.85693359375,
        "25": -0.607421875,
        "50": -0.19189453125
    }
}