{
    "0.pt": {
        "1": -0.78564453125,
        "5": -0.4521484375,
        "10": -1.56640625,
        "25": -1.3994140625,
        "50": -1.8359375
    },
    "1.pt": {
        "1": -1.267578125,
        "5": -0.0504150390625,
        "10": -0.9521484375,
        "25": -0.9658203125,
        "50": -0.96484375
    },
    "2.pt": {
        "1": -1.2412109375,
        "5": -0.58447265625,
        "10": 0.2154541015625,
        "25": -1.1640625,
        "50": -1.484375
    },
    "3.pt": {
        "1": -1.1435546875,
        "5": -2.04296875,
        "10": -0.89013671875,
        "25": -0.49267578125,
        "50": 0.052825927734375
    },
    "4.pt": {
        "1": -0.61572265625,
        "5": -1.7158203125,
        "10": -0.95703125,
        "25": -0.75537109375,
        "50": -0.958984375
    }
}