{
    "0.pt": {
        "1": -1.5185546875,
        "5": -1.587890625,
        "10": -1.5224609375,
        "25": -0.78515625,
        "50": -0.67724609375
    },
    "1.pt": {
        "1": -0.66357421875,
        "5": -1.830078125,
        "10": -2.068359375,
        "25": -1.3759765625,
        "50": -1.9599609375
    },
    "2.pt": {
        "1": -1.6201171875,
        "5": -1.0849609375,
        "10": -1.1953125,
        "25": -0.7607421875,
        "50": -1.302734375
    },
    "3.pt": {
        "1": -1.509765625,
        "5": -1.80078125,
        "10": -1.2978515625,
        "25": -1.5400390625,
        "50": -1.357421875
    },
    "4.pt": {
        "1": -0.89306640625,
        "5": -1.48828125,
        "10": -1.193359375,
        "25": -0.890625,
        "50": -0.99755859375
    }
}