{
    "0.pt": {
        "1": -1.0087890625,
        "5": -0.89306640625,
        "10": -1.0263671875,
        "25": -0.341796875,
        "50": -1.4697265625
    },
    "1.pt": {
        "1": -1.693359375,
        "5": -0.65869140625,
        "10": -1.6416015625,
        "25": -0.5146484375,
        "50": -0.49658203125
    },
    "2.pt": {
        "1": -0.34228515625,
        "5": -0.52392578125,
        "10": -0.7412109375,
        "25": -1.439453125,
        "50": -0.00728607177734375
    },
    "3.pt": {
        "1": -0.1661376953125,
        "5": -1.1171875,
        "10": -1.291015625,
        "25": -1.52734375,
        "50": -0.83349609375
    },
    "4.pt": {
        "1": -0.5888671875,
        "5": -1.154296875,
        "10": 0.47998046875,
        "25": -0.409423828125,
        "50": -1.4423828125
    }
}