{
    "0.pt": {
        "1": -0.08843994140625,
        "5": -0.1634521484375,
        "10": -1.9013671875,
        "25": -1.171875,
        "50": -1.3564453125
    },
    "1.pt": {
        "1": -1.96875,
        "5": -0.52880859375,
        "10": -0.493408203125,
        "25": -1.673828125,
        "50": -1.1533203125
    },
    "2.pt": {
        "1": -1.5048828125,
        "5": 0.11700439453125,
        "10": -1.2431640625,
        "25": -1.4951171875,
        "50": -1.556640625
    },
    "3.pt": {
        "1": -1.3779296875,
        "5": -1.0947265625,
        "10": -1.76171875,
        "25": -1.6513671875,
        "50": -1.9521484375
    },
    "4.pt": {
        "1": -2.337890625,
        "5": -1.552734375,
        "10": -2.09375,
        "25": -1.87109375,
        "50": -1.3984375
    }
}