{
    "0.pt": {
        "1": -0.5400390625,
        "5": -1.001953125,
        "10": -0.251708984375,
        "25": -1.1962890625,
        "50": -0.59765625
    },
    "1.pt": {
        "1": -0.407958984375,
        "5": -1.75390625,
        "10": -1.3818359375,
        "25": -0.9208984375,
        "50": -1.248046875
    },
    "2.pt": {
        "1": -1.029296875,
        "5": -0.53515625,
        "10": -0.474365234375,
        "25": -1.302734375,
        "50": -1.681640625
    },
    "3.pt": {
        "1": -0.332763671875,
        "5": -1.146484375,
        "10": -1.328125,
        "25": -1.41796875,
        "50": -0.43505859375
    },
    "4.pt": {
        "1": -1.048828125,
        "5": -1.1337890625,
        "10": -0.49951171875,
        "25": -1.1796875,
        "50": -0.66748046875
    }
}