{
    "0.pt": {
        "1": -0.55908203125,
        "5": -2.046875,
        "10": 0.06329345703125,
        "25": -1.7646484375,
        "50": -1.091796875
    },
    "1.pt": {
        "1": -0.345703125,
        "5": -1.5986328125,
        "10": -0.326416015625,
        "25": -0.86865234375,
        "50": -0.206787109375
    },
    "2.pt": {
        "1": -0.10723876953125,
        "5": -0.60888671875,
        "10": -1.166015625,
        "25": -0.2425537109375,
        "50": -0.298828125
    },
    "3.pt": {
        "1": -0.5693359375,
        "5": -1.31640625,
        "10": -1.041015625,
        "25": -1.6611328125,
        "50": -1.1435546875
    },
    "4.pt": {
        "1": -0.46533203125,
        "5": -1.330078125,
        "10": -2.046875,
        "25": -2.1484375,
        "50": 0.82666015625
    }
}