{
    "0.pt": {
        "1": -1.0009765625,
        "5": -0.3916015625,
        "10": -0.400146484375,
        "25": -0.10693359375,
        "50": -0.2288818359375
    },
    "1.pt": {
        "1": -0.387939453125,
        "5": -1.501953125,
        "10": -0.80712890625,
        "25": -1.7470703125,
        "50": -1.4326171875
    },
    "2.pt": {
        "1": -1.0732421875,
        "5": -0.031494140625,
        "10": -0.2086181640625,
        "25": 0.1494140625,
        "50": -1.875
    },
    "3.pt": {
        "1": -1.212890625,
        "5": -0.88720703125,
        "10": -1.3154296875,
        "25": -0.44482421875,
        "50": -0.96923828125
    },
    "4.pt": {
        "1": -1.572265625,
        "5": 0.12310791015625,
        "10": -0.4287109375,
        "25": -0.8095703125,
        "50": -1.13671875
    }
}