{
    "0.pt": {
        "1": -1.19140625,
        "5": -0.425048828125,
        "10": -0.425048828125,
        "25": -0.669921875,
        "50": -1.4580078125
    },
    "1.pt": {
        "1": -1.068359375,
        "5": -1.7548828125,
        "10": -1.8310546875,
        "25": -0.31640625,
        "50": -0.7744140625
    },
    "2.pt": {
        "1": -0.947265625,
        "5": 0.186767578125,
        "10": -1.677734375,
        "25": -1.533203125,
        "50": -0.07568359375
    },
    "3.pt": {
        "1": -0.76806640625,
        "5": -0.7275390625,
        "10": -0.3291015625,
        "25": -1.41796875,
        "50": -1.529296875
    },
    "4.pt": {
        "1": 0.00299835205078125,
        "5": -2.037109375,
        "10": -1.041015625,
        "25": -1.6142578125,
        "50": -0.5625
    }
}