{
  "dataset": "resources/lrm_result/scores_t_{1,5,10,50}.json",
  "prompt_count": 946,
  "steps": [
    1,
    5,
    10,
    50
  ],
  "pairwise": {
    "1-5": {
      "same": 182,
      "diff": 764,
      "same_ratio": 0.19238900634249473
    },
    "1-10": {
      "same": 190,
      "diff": 756,
      "same_ratio": 0.20084566596194503
    },
    "1-50": {
      "same": 204,
      "diff": 742,
      "same_ratio": 0.2156448202959831
    },
    "5-10": {
      "same": 195,
      "diff": 751,
      "same_ratio": 0.20613107822410148
    },
    "5-50": {
      "same": 170,
      "diff": 776,
      "same_ratio": 0.17970401691331925
    },
    "10-50": {
      "same": 190,
      "diff": 756,
      "same_ratio": 0.20084566596194503
    }
  },
  "seed_distribution": {
    "1": {
      "0": 201,
      "1": 184,
      "2": 186,
      "3": 198,
      "4": 177
    },
    "5": {
      "0": 187,
      "1": 182,
      "2": 200,
      "3": 182,
      "4": 195
    },
    "10": {
      "0": 195,
      "1": 185,
      "2": 198,
      "3": 191,
      "4": 177
    },
    "50": {
      "0": 170,
      "1": 200,
      "2": 198,
      "3": 185,
      "4": 193
    }
  }
}