{
    "0.pt": {
        "1": -1.4462890625,
        "5": -0.87060546875,
        "10": -1.416015625,
        "25": -0.263916015625,
        "50": -0.810546875
    },
    "1.pt": {
        "1": -0.5654296875,
        "5": 0.01100921630859375,
        "10": -1.1025390625,
        "25": -1.7568359375,
        "50": -0.81201171875
    },
    "2.pt": {
        "1": -0.18896484375,
        "5": -0.3857421875,
        "10": -1.1298828125,
        "25": -0.64599609375,
        "50": -1.28125
    },
    "3.pt": {
        "1": -0.51171875,
        "5": -1.0224609375,
        "10": -0.024169921875,
        "25": 0.1844482421875,
        "50": -0.4267578125
    },
    "4.pt": {
        "1": -0.278564453125,
        "5": -1.4453125,
        "10": -1.3486328125,
        "25": -1.07421875,
        "50": -1.326171875
    }
}