{
    "0.pt": {
        "1": 0.1263427734375,
        "5": -1.7529296875,
        "10": -1.15234375,
        "25": -0.6630859375,
        "50": 0.206787109375
    },
    "1.pt": {
        "1": -0.1365966796875,
        "5": -0.58056640625,
        "10": -1.1357421875,
        "25": -1.5791015625,
        "50": -0.96630859375
    },
    "2.pt": {
        "1": -1.4326171875,
        "5": -1.544921875,
        "10": -0.8564453125,
        "25": -1.0224609375,
        "50": -0.445556640625
    },
    "3.pt": {
        "1": -1.103515625,
        "5": -1.39453125,
        "10": -0.81787109375,
        "25": -0.89990234375,
        "50": -1.0
    },
    "4.pt": {
        "1": -1.8330078125,
        "5": -1.4140625,
        "10": -2.107421875,
        "25": -0.5859375,
        "50": -0.76171875
    }
}