{
    "0.pt": {
        "1": -0.283935546875,
        "5": -1.08203125,
        "10": -0.26611328125,
        "25": 0.2423095703125,
        "50": -1.158203125
    },
    "1.pt": {
        "1": -1.9150390625,
        "5": -0.71728515625,
        "10": 0.420166015625,
        "25": -0.0162353515625,
        "50": 0.027557373046875
    },
    "2.pt": {
        "1": -0.931640625,
        "5": -1.025390625,
        "10": -1.2919921875,
        "25": -0.48779296875,
        "50": -1.013671875
    },
    "3.pt": {
        "1": -0.390380859375,
        "5": -0.20654296875,
        "10": -0.806640625,
        "25": -1.1025390625,
        "50": -1.08203125
    },
    "4.pt": {
        "1": -0.60888671875,
        "5": -1.1416015625,
        "10": -2.390625,
        "25": -1.3427734375,
        "50": -1.4794921875
    }
}