{
    "0.pt": {
        "1": -0.7294921875,
        "5": -1.0400390625,
        "10": -0.1654052734375,
        "25": -1.35546875,
        "50": -0.7822265625
    },
    "1.pt": {
        "1": -1.890625,
        "5": -1.8447265625,
        "10": -1.03125,
        "25": -1.59375,
        "50": -0.9560546875
    },
    "2.pt": {
        "1": -0.84521484375,
        "5": -0.379638671875,
        "10": -1.1806640625,
        "25": -1.109375,
        "50": -0.89013671875
    },
    "3.pt": {
        "1": -1.2587890625,
        "5": -0.96728515625,
        "10": -0.36962890625,
        "25": -1.46875,
        "50": -1.4697265625
    },
    "4.pt": {
        "1": -0.65087890625,
        "5": -0.59716796875,
        "10": -1.3525390625,
        "25": -0.247802734375,
        "50": -0.5380859375
    }
}