{
    "0.pt": {
        "1": -1.59765625,
        "5": -0.91796875,
        "10": -0.467041015625,
        "25": -0.62060546875,
        "50": -0.4658203125
    },
    "1.pt": {
        "1": -0.8662109375,
        "5": -0.35205078125,
        "10": -0.475830078125,
        "25": -1.087890625,
        "50": -1.458984375
    },
    "2.pt": {
        "1": -1.978515625,
        "5": -0.0743408203125,
        "10": 0.1397705078125,
        "25": -1.4697265625,
        "50": -0.3115234375
    },
    "3.pt": {
        "1": -0.1917724609375,
        "5": -1.2548828125,
        "10": 0.055938720703125,
        "25": -0.77490234375,
        "50": -0.39501953125
    },
    "4.pt": {
        "1": -1.08203125,
        "5": -0.8154296875,
        "10": -0.72802734375,
        "25": -0.52880859375,
        "50": -0.8828125
    }
}