{
    "0.pt": {
        "1": -1.0302734375,
        "5": -1.8330078125,
        "10": -0.82568359375,
        "25": -1.7724609375,
        "50": -1.6376953125
    },
    "1.pt": {
        "1": -1.890625,
        "5": 0.2386474609375,
        "10": -1.208984375,
        "25": -0.91455078125,
        "50": -0.76611328125
    },
    "2.pt": {
        "1": -1.0439453125,
        "5": -1.85546875,
        "10": -1.861328125,
        "25": -0.2432861328125,
        "50": -1.5859375
    },
    "3.pt": {
        "1": -1.408203125,
        "5": -0.99755859375,
        "10": 0.1845703125,
        "25": -0.407470703125,
        "50": -0.76123046875
    },
    "4.pt": {
        "1": -1.8330078125,
        "5": -1.4853515625,
        "10": -0.2451171875,
        "25": -1.6337890625,
        "50": -1.126953125
    }
}