{
    "0.pt": {
        "1": -1.59375,
        "5": -1.55859375,
        "10": -1.1689453125,
        "25": -2.126953125,
        "50": -0.70068359375
    },
    "1.pt": {
        "1": -0.6083984375,
        "5": -1.447265625,
        "10": -0.9013671875,
        "25": -1.5869140625,
        "50": -0.57666015625
    },
    "2.pt": {
        "1": -1.1494140625,
        "5": -0.53759765625,
        "10": -1.625,
        "25": -1.451171875,
        "50": -1.146484375
    },
    "3.pt": {
        "1": -0.55517578125,
        "5": -0.96630859375,
        "10": -0.386962890625,
        "25": -0.6328125,
        "50": -1.8447265625
    },
    "4.pt": {
        "1": -1.6064453125,
        "5": 0.5185546875,
        "10": -1.09765625,
        "25": 0.0180206298828125,
        "50": -0.65478515625
    }
}