{
    "0.pt": {
        "1": -1.5888671875,
        "5": -1.7294921875,
        "10": -2.166015625,
        "25": -1.728515625,
        "50": -2.1171875
    },
    "1.pt": {
        "1": -2.05859375,
        "5": -0.5400390625,
        "10": -0.99951171875,
        "25": 0.27587890625,
        "50": -1.078125
    },
    "2.pt": {
        "1": -1.169921875,
        "5": -1.0859375,
        "10": -0.11724853515625,
        "25": -0.08282470703125,
        "50": -1.9609375
    },
    "3.pt": {
        "1": -0.75341796875,
        "5": -1.982421875,
        "10": -0.6767578125,
        "25": -1.8759765625,
        "50": -1.4794921875
    },
    "4.pt": {
        "1": -1.02734375,
        "5": -1.384765625,
        "10": -1.728515625,
        "25": -1.13671875,
        "50": -0.285888671875
    }
}