{
    "0.pt": {
        "1": -1.0654296875,
        "5": -0.77197265625,
        "10": -1.216796875,
        "25": -1.5302734375,
        "50": -0.81689453125
    },
    "1.pt": {
        "1": -1.2177734375,
        "5": -1.5625,
        "10": -1.4189453125,
        "25": -0.84716796875,
        "50": -0.7890625
    },
    "2.pt": {
        "1": -0.74755859375,
        "5": -1.31640625,
        "10": -1.8662109375,
        "25": -1.0341796875,
        "50": -0.1981201171875
    },
    "3.pt": {
        "1": -0.90966796875,
        "5": -1.892578125,
        "10": -1.423828125,
        "25": -1.720703125,
        "50": -1.1953125
    },
    "4.pt": {
        "1": -0.8876953125,
        "5": -1.96484375,
        "10": -1.330078125,
        "25": -0.029632568359375,
        "50": -0.98583984375
    }
}