{
    "0.pt": {
        "1": -1.6494140625,
        "5": -1.484375,
        "10": -0.424072265625,
        "25": -1.291015625,
        "50": -1.5595703125
    },
    "1.pt": {
        "1": -1.08203125,
        "5": -1.4326171875,
        "10": -0.9765625,
        "25": -1.9833984375,
        "50": -1.09375
    },
    "2.pt": {
        "1": -0.7705078125,
        "5": -1.216796875,
        "10": -1.4619140625,
        "25": -0.234130859375,
        "50": -0.80615234375
    },
    "3.pt": {
        "1": -0.2196044921875,
        "5": -1.22265625,
        "10": -1.8173828125,
        "25": -1.591796875,
        "50": -0.322021484375
    },
    "4.pt": {
        "1": -0.56787109375,
        "5": -1.8310546875,
        "10": -1.130859375,
        "25": -1.609375,
        "50": -0.68798828125
    }
}