{
    "0.pt": {
        "1": -0.673828125,
        "5": -1.009765625,
        "10": 1.0361328125,
        "25": -1.2958984375,
        "50": -0.921875
    },
    "1.pt": {
        "1": -0.72607421875,
        "5": -1.787109375,
        "10": -1.2763671875,
        "25": -0.52099609375,
        "50": -1.619140625
    },
    "2.pt": {
        "1": -0.302001953125,
        "5": 0.0200958251953125,
        "10": -1.1845703125,
        "25": -0.16845703125,
        "50": -0.78466796875
    },
    "3.pt": {
        "1": -0.2059326171875,
        "5": -0.0113067626953125,
        "10": -0.37890625,
        "25": -1.2138671875,
        "50": -1.2607421875
    },
    "4.pt": {
        "1": -1.99609375,
        "5": -0.84619140625,
        "10": -1.4560546875,
        "25": -1.900390625,
        "50": -0.06634521484375
    }
}