{
    "0.pt": {
        "1": -1.1552734375,
        "5": -2.673828125,
        "10": -0.98388671875,
        "25": -1.171875,
        "50": -0.00138092041015625
    },
    "1.pt": {
        "1": -1.7880859375,
        "5": -1.5263671875,
        "10": -0.72705078125,
        "25": -2.03515625,
        "50": -1.287109375
    },
    "2.pt": {
        "1": -0.3134765625,
        "5": -1.2919921875,
        "10": -0.451171875,
        "25": -1.080078125,
        "50": -1.4345703125
    },
    "3.pt": {
        "1": -0.83935546875,
        "5": -1.2568359375,
        "10": -0.0833740234375,
        "25": -0.9873046875,
        "50": -1.455078125
    },
    "4.pt": {
        "1": -1.9208984375,
        "5": -1.7236328125,
        "10": -0.90625,
        "25": -0.7001953125,
        "50": -0.402099609375
    }
}